Planet_Name,SNR_Emission_15_micron,SNR_Emission_5_micron,SNR_Transmission_K_mag,Planet_Radius,Planet_Mass,Tday,Temp_equilibrium,log10g_p,Period,Transit_Duration,K_mag,Distance,Temp_stellar_eff,log10g_s,Transit_Flag,Catalog_Name
55 Cnc e,0.343,0.124,0.314,0.19,0.026367,2326.0,1956.0,3.235,0.7365,1.6416,4.0,12.34,5196.0,4.45,True,exoplanets.org
KOI 2882.01,0.0,0.0,0.008,0.24,0.023332,365.0,307.0,2.992,75.858,5.382,13.0,,4474.0,4.67,True,exoplanets.org
CoRoT-10 b,0.0,0.013,0.007,0.97,2.75536,796.0,669.0,3.858,13.2406,2.98,11.8,344.95,5075.0,4.65,True,exoplanets.org
CoRoT-11 b,0.159,0.094,0.027,1.43,2.34813,2057.0,1730.0,3.458,2.9943,2.5008,11.2,558.97,6440.0,4.22,True,exoplanets.org
CoRoT-12 b,0.043,0.041,0.031,1.44,0.91918,1714.0,1441.0,3.046,2.828,2.5742,13.6,1150.0,5675.0,4.375,True,exoplanets.org
CoRoT-13 b,0.01,0.016,0.007,0.89,1.31099,1514.0,1273.0,3.612,4.0352,3.14,13.4,1310.62,5945.0,4.3,True,exoplanets.org
CoRoT-14 b,0.057,0.024,0.001,1.09,7.69464,2318.0,1949.0,4.208,1.5121,1.662,13.8,1340.0,6035.0,4.35,True,exoplanets.org
CoRoT-16 b,0.011,0.021,0.027,1.17,0.537982,1420.0,1194.0,2.991,5.3523,2.39,12.8,840.0,5650.0,4.36,True,exoplanets.org
CoRoT-17 b,0.038,0.029,0.005,1.02,2.46001,1844.0,1551.0,3.813,3.7681,4.72,12.5,920.0,5740.0,4.4,True,exoplanets.org
CoRoT-18 b,0.081,0.062,0.01,1.31,3.48652,1813.0,1524.0,3.707,1.9001,2.387,13.0,870.0,5440.0,4.4,True,exoplanets.org
CoRoT-19 b,0.085,0.054,0.028,1.29,1.10792,1971.0,1658.0,3.239,3.8971,4.7,11.8,770.0,6090.0,4.07,True,exoplanets.org
CoRoT-1 b,0.308,0.134,0.078,1.49,1.02979,2257.0,1898.0,3.057,1.509,2.5109,12.1,,5950.0,4.25,True,exoplanets.org
CoRoT-20 b,0.001,0.009,0.002,0.84,4.24,1133.0,953.0,4.18,9.2429,2.2248,12.5,1230.0,5880.0,4.2,True,exoplanets.org
CoRoT-22 b,0.001,0.004,0.035,0.45,0.0383,1194.0,1004.0,2.738,9.756,4.488,12.0,592.0,5939.0,4.361,True,exoplanets.org
CoRoT-23 b,0.043,0.028,0.004,1.05,3.0853,1950.0,1640.0,3.841,3.6313,3.888,12.4,599.99,5900.0,4.3,True,exoplanets.org
CoRoT-25 b,0.011,0.016,0.036,1.08,0.27,1570.0,1320.0,2.835,4.8607,1.92,12.8,1000.0,6040.0,4.28,True,exoplanets.org
CoRoT-26 b,0.035,0.025,0.028,1.26,0.479479,1870.0,1573.0,2.883,4.2047,5.47,13.3,1670.0,5590.0,4.1,True,exoplanets.org
CoRoT-27 b,0.022,0.026,0.001,1.01,10.3882,1626.0,1367.0,4.378,3.5753,2.77,13.0,,5900.0,4.4,True,exoplanets.org
CoRoT-28 b,0.031,0.034,0.03,0.95,0.484,1620.0,1362.0,3.121,5.2085,5.7,11.0,560.0,5150.0,3.94,True,exoplanets.org
CoRoT-29 b,0.012,0.022,0.012,0.9,0.85,1448.0,1218.0,3.417,2.8506,2.088,13.0,765.0,5260.0,4.3,True,exoplanets.org
CoRoT-2 b,0.408,0.315,0.061,1.47,3.27527,1826.0,1535.0,3.585,1.743,2.267,10.3,,5625.0,,True,exoplanets.org
CoRoT-3 b,0.052,0.034,0.001,1.01,21.8549,2013.0,1693.0,4.73,4.2568,3.765,11.6,833.33,6740.0,4.23,True,exoplanets.org
CoRoT-4 b,0.008,0.028,0.037,1.19,0.717419,1276.0,1073.0,3.099,9.202,4.6714,12.3,,6190.0,4.41,True,exoplanets.org
CoRoT-5 b,0.05,0.051,0.082,1.39,0.462537,1708.0,1436.0,2.772,4.0379,2.8475,12.5,,6100.0,4.19,True,exoplanets.org
CoRoT-6 b,0.007,0.032,0.01,1.17,2.95364,1208.0,1016.0,3.733,8.8866,4.079,12.1,,6090.0,4.44,True,exoplanets.org
CoRoT-7 b,0.01,0.004,0.019,0.14,0.014,2150.0,1808.0,3.143,0.8536,1.125,9.8,149.93,5275.0,4.5,True,exoplanets.org
CoRoT-8 b,0.001,0.011,0.027,0.57,0.216078,1014.0,853.0,3.231,6.2123,2.74,11.5,380.23,5080.0,4.58,True,exoplanets.org
CoRoT-9 b,0.0,0.002,0.022,1.05,0.843564,490.0,412.0,3.278,95.2738,8.08,11.7,459.98,5625.0,4.54,True,exoplanets.org
GJ 1214 b,0.0,0.023,0.362,0.24,0.020351,665.0,559.0,2.95,1.5804,0.8788,8.8,12.95,3026.0,4.991,True,exoplanets.org
GJ 3470 b,0.001,0.031,0.275,0.37,0.044009,775.0,652.0,2.904,3.3366,1.9176,8.0,,3600.0,,True,exoplanets.org
GJ 436 b,0.001,0.061,0.31,0.38,0.072698,771.0,649.0,3.106,2.6439,0.7608,6.1,10.14,3350.0,4.843,True,exoplanets.org
HAT-P-11 b,0.006,0.054,0.221,0.42,0.082535,1034.0,870.0,3.065,4.8878,2.2968,7.0,37.47,4780.0,4.59,True,exoplanets.org
HAT-P-12 b,0.021,0.106,0.312,0.96,0.210804,1138.0,957.0,2.756,3.2131,2.3376,10.1,142.5,4650.0,4.61,True,exoplanets.org
HAT-P-13 b,0.325,0.202,0.126,1.28,0.85708,1957.0,1646.0,3.114,2.9162,3.228,9.0,202.02,5653.0,4.13,True,exoplanets.org
HAT-P-14 b,0.147,0.119,0.033,1.15,2.23603,1860.0,1564.0,3.624,4.6277,2.1888,8.9,204.92,6600.0,4.25,True,exoplanets.org
Kepler-102 d,,,,0.11,0.00575,824.0,693.0,3.109,10.3117,,9.4,,4903.0,4.607,True,exoplanets.org
HAT-P-15 b,0.008,0.068,0.035,1.07,1.95154,1067.0,897.0,3.627,10.8635,5.484,9.7,190.11,5568.0,4.38,True,exoplanets.org
HAT-P-16 b,0.3,0.208,0.03,1.29,4.2025,1930.0,1623.0,3.799,2.776,3.0624,9.6,235.0,6158.0,4.34,True,exoplanets.org
Kepler-103 c,,,,0.46,0.087763,502.0,422.0,3.015,179.612,,10.9,,5845.0,4.162,True,exoplanets.org
Kepler-106 c,,,,0.22,0.032848,1027.0,863.0,3.214,13.5708,,11.4,,5858.0,4.407,True,exoplanets.org
HAT-P-17 b,0.005,0.103,0.222,1.01,0.530158,925.0,778.0,3.115,10.3385,4.0584,8.5,90.0,5246.0,4.53,True,exoplanets.org
HAT-P-18 b,0.006,0.068,0.293,0.99,0.197205,1007.0,846.0,2.696,5.508,2.7144,10.2,166.0,4803.0,4.57,True,exoplanets.org
Kepler-107 e,0.0,0.002,0.016,0.31,0.036046,1160.0,976.0,2.975,14.749,6.588,11.1,,5851.0,4.196,True,exoplanets.org
Kepler-110 c,0.0,0.0,0.007,0.2,0.016604,826.0,695.0,3.025,31.7198,4.823,11.6,,5960.0,4.327,True,exoplanets.org
HAT-P-19 b,0.024,0.102,0.256,1.13,0.292273,1198.0,1008.0,2.755,4.0088,2.8368,10.5,215.0,4990.0,4.54,True,exoplanets.org
HAT-P-1 b,0.139,0.203,0.27,1.24,0.532369,1550.0,1303.0,2.935,4.4653,2.7844,8.9,155.28,5975.0,4.382,True,exoplanets.org
Kepler-115 c,0.0,0.001,0.01,0.23,0.020891,1292.0,1087.0,2.983,8.9909,4.083,12.0,,5979.0,4.306,True,exoplanets.org
Kepler-117 c,0.0,0.004,0.008,1.01,0.923754,827.0,696.0,3.353,50.7904,10.898,13.0,,6169.0,4.187,True,exoplanets.org
HAT-P-20 b,0.035,0.166,0.012,0.87,7.28953,1153.0,970.0,4.383,2.8753,1.848,8.6,70.0,4595.0,4.63,True,exoplanets.org
HAT-P-21 b,0.063,0.097,0.013,1.02,4.07833,1512.0,1272.0,3.988,4.1245,3.672,10.1,254.0,5588.0,4.33,True,exoplanets.org
Kepler-119 c,0.0,0.0,0.005,0.08,0.002166,1308.0,1100.0,2.901,4.1251,2.84,12.6,,5595.0,4.567,True,exoplanets.org
Kepler-121 c,0.0,0.0,0.006,0.2,0.017182,528.0,444.0,3.016,41.008,3.978,12.8,,5311.0,4.646,True,exoplanets.org
HAT-P-22 b,0.232,0.332,0.083,1.08,2.15137,1522.0,1280.0,3.664,3.2122,2.8704,7.8,82.0,5302.0,4.36,True,exoplanets.org
HAT-P-23 b,0.538,0.193,0.047,1.37,2.09606,2436.0,2048.0,3.445,1.2129,2.1792,10.8,393.0,5905.0,4.33,True,exoplanets.org
Kepler-122 e,0.0,0.0,0.005,0.23,0.020891,813.0,683.0,2.983,37.9933,7.155,12.8,,6050.0,4.299,True,exoplanets.org
Kepler-125 c,0.0,0.0,0.01,0.07,0.001004,622.0,523.0,2.757,5.7745,1.878,11.7,,3810.0,4.744,True,exoplanets.org
HAT-P-24 b,0.169,0.117,0.104,1.24,0.685857,1943.0,1634.0,3.043,3.3552,3.6936,10.5,396.0,6373.0,4.27,True,exoplanets.org
Kepler-127 d,0.0,0.001,0.014,0.24,0.021409,798.0,671.0,2.981,48.6304,7.018,10.2,,6106.0,4.265,True,exoplanets.org
Kepler-132 c,0.0,0.001,0.007,0.11,0.006927,1436.0,1207.0,3.119,6.4149,3.3,10.4,,6003.0,4.31,True,exoplanets.org
Kepler-134 c,0.0,0.0,0.004,0.11,0.006564,1229.0,1033.0,3.11,10.1058,2.059,11.0,,5983.0,4.31,True,exoplanets.org
Kepler-137 c,0.0,0.0,0.009,0.17,0.013842,716.0,602.0,3.086,18.7358,3.005,11.2,,5187.0,4.553,True,exoplanets.org
HAT-P-25 b,0.051,0.099,0.118,1.19,0.567181,1429.0,1202.0,2.999,3.6528,2.8176,10.8,297.0,5500.0,4.48,True,exoplanets.org
Kepler-142 c,0.002,0.002,0.012,0.26,0.024563,1587.0,1335.0,2.971,4.7617,3.303,11.8,,5790.0,4.262,True,exoplanets.org
Kepler-144 c,0.0,0.0,0.004,0.12,0.008298,1279.0,1075.0,3.152,10.1047,2.278,10.8,,6075.0,4.289,True,exoplanets.org
Kepler-147 c,0.0,0.0,0.005,0.22,0.018861,926.0,779.0,2.998,33.4164,7.293,12.4,,6012.0,4.182,True,exoplanets.org
Kepler-149 c,0.0,0.0,0.003,0.14,0.011984,564.0,475.0,3.158,55.3283,6.948,12.2,,5381.0,4.465,True,exoplanets.org
HAT-P-26 b,0.008,0.037,0.246,0.56,0.058649,1180.0,993.0,2.66,4.2345,2.4552,9.6,134.0,5079.0,4.56,True,exoplanets.org
Kepler-151 c,0.0,0.0,0.004,0.19,0.015523,700.0,588.0,3.044,24.6746,3.014,12.9,,5460.0,4.555,True,exoplanets.org
Kepler-153 c,0.0,0.0,0.006,0.23,0.020022,579.0,487.0,2.989,46.9023,3.826,12.4,,5404.0,4.446,True,exoplanets.org
Kepler-155 c,0.0,0.0,0.008,0.2,0.016889,388.0,326.0,3.02,52.6618,3.188,11.8,,4508.0,4.684,True,exoplanets.org
Kepler-158 c,0.0,0.0,0.008,0.17,0.013992,489.0,411.0,3.082,28.5514,4.248,12.1,,4623.0,4.66,True,exoplanets.org
HAT-P-27 b,0.045,0.094,0.085,1.02,0.617485,1387.0,1167.0,3.176,3.0396,1.68,10.1,204.0,5190.0,4.5,True,exoplanets.org
Kepler-160 c,0.0,0.001,0.012,0.32,0.04006,942.0,792.0,2.981,13.6991,4.807,13.1,,5857.0,4.51,True,exoplanets.org
Kepler-162 c,0.0,0.001,0.008,0.27,0.027386,867.0,729.0,2.968,19.4464,3.527,12.7,,5816.0,4.436,True,exoplanets.org
Kepler-164 c,0.0,0.001,0.006,0.24,0.022635,1163.0,978.0,2.976,10.9457,3.004,12.9,,5888.0,4.331,True,exoplanets.org
Kepler-166 c,0.0,0.0,0.007,0.21,0.018314,588.0,494.0,3.003,34.2603,4.84,12.9,,5413.0,4.619,True,exoplanets.org
HAT-P-28 b,0.083,0.094,0.091,1.21,0.627833,1641.0,1380.0,3.026,3.2572,3.2184,11.1,395.0,5680.0,4.36,True,exoplanets.org
Kepler-169 d,0.0,0.0,0.004,0.11,0.006387,881.0,741.0,3.105,8.3481,2.79,12.2,,4997.0,4.582,True,exoplanets.org
Kepler-170 c,0.0,0.001,0.008,0.26,0.024563,926.0,779.0,2.971,16.6659,4.2,12.7,,5679.0,4.445,True,exoplanets.org
Kepler-172 c,0.0,0.001,0.008,0.26,0.024563,1270.0,1068.0,2.971,6.389,3.389,12.8,,5526.0,4.375,True,exoplanets.org
Kepler-173 c,0.0,0.001,0.008,0.22,0.018861,1203.0,1011.0,2.998,8.0058,3.129,12.7,,6031.0,4.404,True,exoplanets.org
HAT-P-29 b,0.041,0.071,0.061,1.11,0.779004,1494.0,1256.0,3.202,5.7232,3.3768,10.3,322.0,6087.0,4.34,True,exoplanets.org
Kepler-175 c,0.0,0.0,0.007,0.28,0.028656,770.0,647.0,2.968,34.0353,7.057,13.5,,6064.0,4.472,True,exoplanets.org
Kepler-178 c,0.0,0.0,0.005,0.26,0.024876,876.0,737.0,2.97,20.5528,2.205,12.9,,5676.0,4.334,True,exoplanets.org
Kepler-180 c,0.0,0.0,0.007,0.27,0.027035,697.0,586.0,2.968,41.8858,6.241,12.7,,5731.0,4.343,True,exoplanets.org
Kepler-183 b,0.0,0.001,0.004,0.18,0.015267,1322.0,1112.0,3.049,5.6879,2.214,13.3,,5888.0,4.502,True,exoplanets.org
HAT-P-2 b,0.233,0.252,0.015,1.16,8.87066,1697.0,1427.0,4.294,5.6335,4.2888,7.6,114.42,6290.0,4.16,True,exoplanets.org
Kepler-185 b,0.0,0.001,0.005,0.1,0.005081,1626.0,1367.0,3.063,1.6329,1.559,12.5,,5208.0,4.545,True,exoplanets.org
Kepler-188 c,0.001,0.001,0.008,0.28,0.030386,1449.0,1219.0,2.968,5.9966,3.231,13.1,,6021.0,4.346,True,exoplanets.org
Kepler-194 b,0.001,0.001,0.003,0.13,0.012045,1973.0,1659.0,3.216,2.0923,2.351,13.5,,6089.0,4.415,True,exoplanets.org
Kepler-195 c,0.0,0.0,0.003,0.14,0.011604,592.0,498.0,3.177,34.0969,3.904,13.0,,5329.0,4.603,True,exoplanets.org
HAT-P-30 b,0.341,0.234,0.213,1.34,0.711088,1944.0,1635.0,2.993,2.8106,2.1288,9.2,193.0,6304.0,4.36,True,exoplanets.org
Kepler-197 c,0.0,0.0,0.007,0.11,0.006042,1194.0,1004.0,3.095,10.3497,4.251,10.5,,6004.0,4.304,True,exoplanets.org
Kepler-199 b,0.0,0.001,0.012,0.28,0.028843,792.0,666.0,2.968,23.6376,4.954,12.1,,5644.0,4.438,True,exoplanets.org
Kepler-201 c,0.0,0.0,0.008,0.25,0.024407,516.0,434.0,2.971,151.8841,12.99,11.7,,6065.0,4.294,True,exoplanets.org
Kepler-203 d,0.0,0.0,0.003,0.13,0.010299,1120.0,942.0,3.189,11.3297,3.992,12.4,,5821.0,4.358,True,exoplanets.org
HAT-P-31 b,0.075,0.09,0.024,1.07,2.16904,1638.0,1377.0,3.676,5.0054,5.1389,10.1,354.0,6065.0,4.26,True,exoplanets.org
HAT-P-32 b,0.773,0.409,0.371,1.79,0.861516,2121.0,1783.0,2.826,2.15,3.108,10.0,283.0,6207.0,4.33,True,exoplanets.org
Kepler-206 b,0.0,0.0,0.003,0.11,0.005548,1296.0,1090.0,3.079,7.782,3.644,12.0,,5764.0,4.311,True,exoplanets.org
Kepler-207 d,0.002,0.002,0.01,0.3,0.032872,1693.0,1424.0,2.971,5.8681,3.97,11.8,,5920.0,4.129,True,exoplanets.org
HAT-P-33 b,0.413,0.226,0.23,1.69,0.763256,2114.0,1778.0,2.825,3.4745,4.4136,10.0,387.0,6446.0,4.15,True,exoplanets.org
HAT-P-34 b,0.094,0.145,0.02,1.2,3.334,1551.0,1304.0,3.979,5.4527,3.492,9.2,257.0,6442.0,4.21,True,exoplanets.org
Kepler-209 b,0.0,0.0,0.006,0.2,0.017084,865.0,727.0,3.018,16.0878,2.878,12.4,,5513.0,4.472,True,exoplanets.org
Kepler-211 c,0.0,0.0,0.005,0.12,0.007113,1040.0,875.0,3.124,6.0404,2.053,11.4,,5123.0,4.547,True,exoplanets.org
HAT-P-35 b,0.123,0.092,0.056,1.33,1.05422,1875.0,1577.0,3.17,3.6467,3.936,11.0,535.04,6096.0,4.21,True,exoplanets.org
HAT-P-36 b,0.413,0.191,0.049,1.26,1.83923,2160.0,1816.0,3.457,1.3273,2.2152,10.6,317.0,5560.0,4.37,True,exoplanets.org
Kepler-214 b,0.0,0.001,0.007,0.23,0.021019,1174.0,987.0,2.983,15.6605,7.006,12.6,,6169.0,4.249,True,exoplanets.org
Kepler-215 e,0.0,0.0,0.003,0.16,0.012912,583.0,490.0,3.118,68.161,5.654,12.0,,5739.0,4.364,True,exoplanets.org
HAT-P-37 b,0.054,0.081,0.043,1.18,1.17362,1515.0,1274.0,3.325,2.7974,2.3304,11.7,411.0,5500.0,4.52,True,exoplanets.org
HAT-P-38 b,0.016,0.049,0.097,0.82,0.267569,1283.0,1079.0,2.991,4.6404,3.0408,10.5,249.34,5330.0,4.45,True,exoplanets.org
Kepler-218 b,0.0,0.001,0.004,0.13,0.011276,1513.0,1272.0,3.205,3.6193,3.014,12.3,,5502.0,4.391,True,exoplanets.org
Kepler-219 d,0.0,0.0,0.004,0.25,0.023798,797.0,670.0,2.972,47.9036,5.719,12.4,,5786.0,4.157,True,exoplanets.org
HAT-P-39 b,0.194,0.111,0.135,1.57,0.599196,2080.0,1749.0,2.782,3.5439,4.188,11.2,642.0,6430.0,4.16,True,exoplanets.org
HAT-P-3 b,0.054,0.118,0.099,0.9,0.595712,1376.0,1157.0,3.264,2.8997,2.0592,9.4,138.7,5185.0,4.564,True,exoplanets.org
Kepler-221 b,0.001,0.001,0.008,0.15,0.01264,1381.0,1161.0,3.129,2.7959,2.064,11.9,,5243.0,4.543,True,exoplanets.org
Kepler-222 b,0.001,0.001,0.009,0.28,0.029797,1313.0,1104.0,2.968,3.937,1.828,13.2,,5433.0,4.551,True,exoplanets.org
HAT-P-40 b,0.304,0.163,0.197,1.73,0.6202,2097.0,1763.0,2.711,4.4572,6.1368,10.0,501.0,6080.0,3.93,True,exoplanets.org
HAT-P-41 b,0.63,0.275,0.246,1.69,0.800254,2301.0,1935.0,2.847,2.694,4.0896,9.7,344.0,6390.0,4.14,True,exoplanets.org
Kepler-223 d,0.0,0.001,0.007,0.27,0.026518,981.0,825.0,2.968,14.7888,5.967,13.6,,5829.0,4.397,True,exoplanets.org
Kepler-224 e,0.0,0.0,0.003,0.18,0.014533,637.0,536.0,3.067,18.6436,1.846,13.7,,5018.0,4.639,True,exoplanets.org
HAT-P-44 b,0.029,0.08,0.178,1.24,0.352,1312.0,1103.0,2.74,4.3012,3.1248,11.3,363.0,5295.0,4.46,True,exoplanets.org
HAT-P-45 b,0.264,0.178,0.136,1.43,0.892,1958.0,1647.0,3.04,3.129,3.4464,10.2,305.0,6330.0,4.3,True,exoplanets.org
Kepler-226 d,0.0,0.0,0.003,0.11,0.005874,1017.0,855.0,3.09,8.109,3.698,13.6,,5571.0,4.586,True,exoplanets.org
Kepler-228 d,0.0,0.001,0.007,0.36,0.053105,1117.0,939.0,3.006,11.0943,4.591,14.1,,6043.0,4.467,True,exoplanets.org
HAT-P-46 b,0.112,0.112,0.151,1.28,0.493,1725.0,1450.0,2.877,4.4631,3.0984,9.9,296.0,6120.0,4.25,True,exoplanets.org
HAT-P-49 b,0.578,0.211,0.074,1.41,1.72959,2528.0,2126.0,3.334,2.6915,4.1088,9.3,,6820.0,4.1,True,exoplanets.org
Kepler-230 c,0.0,0.0,0.003,0.18,0.0151,458.0,386.0,3.053,91.7732,6.034,13.3,,5588.0,4.551,True,exoplanets.org
Kepler-233 b,0.0,0.0,0.007,0.22,0.018861,937.0,788.0,2.998,8.4724,2.697,13.4,,5360.0,4.614,True,exoplanets.org
HAT-P-4 b,0.248,0.146,,1.27,0.671507,2013.0,1693.0,3.013,3.0565,4.26,,313.48,5860.0,4.36,True,exoplanets.org
HAT-P-56 b,0.356,0.181,0.056,1.47,2.18029,2185.0,1837.0,3.4,2.7908,2.2711,9.8,0.0,6566.0,3.39,True,exoplanets.org
Kepler-235 c,0.0,0.0,0.004,0.11,0.006927,653.0,549.0,3.119,7.8249,2.217,13.1,,4255.0,4.73,True,exoplanets.org
HAT-P-57 b,0.728,0.263,0.176,1.41,1.0,2611.0,2196.0,3.095,2.4653,3.4987,9.4,303.0,7500.0,4.251,True,exoplanets.org
HAT-P-5 b,0.167,0.135,0.076,1.25,1.05561,1826.0,1536.0,3.223,2.7885,2.9208,10.5,341.3,5960.0,4.368,True,exoplanets.org
Kepler-237 b,0.0,0.0,0.003,0.13,0.009602,1011.0,850.0,3.177,4.7151,2.351,13.2,,4861.0,4.583,True,exoplanets.org
Kepler-239 b,0.0,0.0,0.006,0.21,0.017787,773.0,650.0,3.009,11.7631,2.899,13.1,,4914.0,4.583,True,exoplanets.org
HAT-P-6 b,0.285,0.189,0.117,1.33,1.05957,1987.0,1671.0,3.176,3.853,3.5064,9.3,261.1,6570.0,4.218,True,exoplanets.org
HAT-P-7 b,0.738,0.235,0.069,1.36,1.7916,2644.0,2223.0,3.3,2.2047,4.0056,9.3,320.0,6389.0,4.07,True,exoplanets.org
Kepler-241 b,0.0,0.0,0.008,0.21,0.017787,674.0,566.0,3.009,12.7181,3.117,12.9,,4699.0,4.627,True,exoplanets.org
Kepler-243 c,0.0,0.0,0.002,0.18,0.014692,723.0,608.0,3.063,20.0262,1.319,13.1,,5228.0,4.565,True,exoplanets.org
HAT-P-8 b,0.56,0.302,0.135,1.5,1.29336,2105.0,1770.0,3.213,3.0763,3.8088,9.0,230.0,6200.0,4.15,True,exoplanets.org
HAT-P-9 b,0.118,0.101,0.093,1.4,0.776601,1818.0,1528.0,3.0,3.9229,3.432,11.0,480.77,6350.0,4.29,True,exoplanets.org
Kepler-245 c,0.0,0.0,0.003,0.19,0.016324,718.0,603.0,3.029,17.4608,2.244,13.6,,5100.0,4.56,True,exoplanets.org
Kepler-247 c,0.0,0.001,0.012,0.36,0.054822,866.0,728.0,3.009,9.4395,2.896,13.1,,5100.0,4.608,True,exoplanets.org
HATS-10 b,0.044,0.048,0.046,0.97,0.526,1671.0,1405.0,3.139,3.3128,3.0072,11.5,496.0,5880.0,4.392,True,exoplanets.org
HATS-13 b,0.043,0.073,0.089,1.21,0.542398,1479.0,1244.0,2.962,3.044,2.6347,12.0,476.0,5523.0,4.524,True,exoplanets.org
Kepler-249 c,0.0,0.0,0.006,0.13,0.012045,527.0,443.0,3.216,7.1137,2.219,12.0,,3568.0,4.777,True,exoplanets.org
Kepler-249 d,0.0,0.0,0.006,0.14,0.01173,408.0,343.0,3.171,15.3685,2.697,12.0,,3568.0,4.777,True,exoplanets.org
HATS-14 b,0.035,0.052,0.026,1.04,1.0682,1514.0,1273.0,3.39,2.7667,2.6422,12.0,513.0,5346.0,4.484,True,exoplanets.org
HATS-1 b,0.106,0.127,0.047,1.3,1.86507,1624.0,1366.0,3.438,3.4465,2.4168,10.6,303.0,5870.0,4.4,True,exoplanets.org
Kepler-251 c,0.0,0.0,0.006,0.25,0.023208,838.0,705.0,2.974,16.514,4.108,13.6,,5526.0,4.486,True,exoplanets.org
Kepler-251 d,0.0,0.0,0.005,0.25,0.023208,686.0,577.0,2.974,30.133,4.919,13.6,,5526.0,4.486,True,exoplanets.org
HATS-2 b,0.202,0.135,0.046,1.17,1.34915,1871.0,1574.0,3.392,1.3541,2.0688,11.4,360.0,5227.0,4.48,True,exoplanets.org
HATS-3 b,0.176,0.119,0.074,1.38,1.0735,1957.0,1646.0,3.146,3.5479,3.5856,10.7,453.0,6351.0,4.22,True,exoplanets.org
HATS-4 b,0.067,0.071,0.027,1.02,1.323,1646.0,1384.0,3.48,2.1567,2.5272,11.6,420.0,5403.0,4.51,True,exoplanets.org
HATS-5 b,0.013,0.054,0.142,0.91,0.237663,1218.0,1024.0,2.852,4.7634,2.9856,10.7,257.0,5304.0,4.53,True,exoplanets.org
HATS-6 b,0.002,0.053,0.146,1.0,0.319,846.0,711.0,2.904,3.3253,2.041,11.2,148.4,3724.0,4.683,True,exoplanets.org
Kepler-252 c,0.0,0.0,0.01,0.19,0.016051,577.0,485.0,3.034,10.8485,2.976,12.5,,4208.0,4.721,True,exoplanets.org
Kepler-253 b,0.0,0.0,0.003,0.15,0.012112,1213.0,1020.0,3.152,3.784,1.932,13.5,,5208.0,4.595,True,exoplanets.org
HATS-9 b,0.139,0.063,0.029,1.06,0.837,2158.0,1815.0,3.263,1.9153,3.4968,11.5,622.0,5366.0,4.095,True,exoplanets.org
Kepler-254 b,0.0,0.001,0.007,0.35,0.047531,1293.0,1087.0,2.995,5.8267,3.032,14.3,,5957.0,4.524,True,exoplanets.org
Kepler-255 b,0.0,0.0,0.002,0.14,0.011604,1233.0,1037.0,3.177,5.7146,2.238,13.7,,5573.0,4.516,True,exoplanets.org
Kepler-255 c,0.0,0.001,0.006,0.27,0.026689,1025.0,862.0,2.968,9.946,3.38,13.7,,5573.0,4.516,True,exoplanets.org
Kepler-257 d,0.0,0.001,0.006,0.44,0.081226,742.0,624.0,3.014,24.6646,2.655,13.4,,5180.0,4.36,True,exoplanets.org
Kepler-258 b,0.0,0.001,0.009,0.36,0.053798,819.0,689.0,3.007,13.1972,3.418,13.0,,4942.0,4.441,True,exoplanets.org
Kepler-235 d,0.0,0.0,0.006,0.18,0.015183,477.0,401.0,3.051,20.0605,3.312,13.1,,4255.0,4.73,True,exoplanets.org
Kepler-235 e,0.0,0.0,0.006,0.2,0.016698,361.0,304.0,3.023,46.1837,4.833,13.1,,4255.0,4.73,True,exoplanets.org
Kepler-259 c,0.0,0.0,0.005,0.24,0.022217,692.0,582.0,2.977,36.9249,4.723,13.6,,5938.0,4.532,True,exoplanets.org
Kepler-260 b,0.0,0.001,0.006,0.18,0.014854,990.0,833.0,3.059,8.1874,3.027,12.5,,5250.0,4.494,True,exoplanets.org
Kepler-237 c,0.0,0.0,0.006,0.19,0.015437,844.0,709.0,3.046,8.1036,3.15,13.2,,4861.0,4.583,True,exoplanets.org
Kepler-238 b,0.001,0.001,0.002,0.15,0.012776,2202.0,1852.0,3.124,2.0909,3.193,13.5,,5751.0,4.194,True,exoplanets.org
Kepler-239 c,0.0,0.0,0.005,0.22,0.019783,459.0,386.0,2.99,56.2281,3.7,13.1,,4914.0,4.583,True,exoplanets.org
Kepler-23 d,0.0,0.001,0.005,0.2,0.01651,1197.0,1006.0,3.026,15.2743,6.094,12.0,,5828.0,4.091,True,exoplanets.org
Kepler-261 c,0.0,0.0,0.007,0.18,0.014772,640.0,538.0,3.061,24.5709,2.761,11.6,,5098.0,4.561,True,exoplanets.org
Kepler-262 b,0.0,0.0,0.003,0.12,0.008507,953.0,802.0,3.156,13.0609,3.278,12.7,,5841.0,4.541,True,exoplanets.org
Kepler-241 c,0.0,0.0,0.008,0.23,0.020513,476.0,400.0,2.986,36.066,4.273,12.9,,4699.0,4.627,True,exoplanets.org
Kepler-242 b,0.0,0.001,0.006,0.23,0.021019,940.0,790.0,2.983,8.204,2.74,13.2,,5020.0,4.492,True,exoplanets.org
Kepler-244 b,0.0,0.001,0.008,0.25,0.023063,1252.0,1053.0,2.974,4.3118,2.735,13.7,,5554.0,4.585,True,exoplanets.org
Kepler-244 c,0.0,0.0,0.003,0.18,0.015183,953.0,802.0,3.051,9.7673,1.373,13.7,,5554.0,4.585,True,exoplanets.org
Kepler-223 e,0.0,0.0,0.005,0.21,0.01853,891.0,749.0,3.001,19.7217,5.82,13.6,,5829.0,4.397,True,exoplanets.org
Kepler-224 b,0.0,0.0,0.003,0.12,0.009154,1154.0,971.0,3.169,3.1329,2.034,13.7,,5018.0,4.639,True,exoplanets.org
Kepler-225 b,0.0,0.0,0.005,0.11,0.005548,553.0,465.0,3.079,6.739,3.018,13.3,,3682.0,4.783,True,exoplanets.org
Kepler-225 c,0.0,0.0,0.005,0.16,0.013548,393.0,330.0,3.096,18.7942,3.279,13.3,,3682.0,4.783,True,exoplanets.org
Kepler-263 c,0.0,0.0,0.004,0.22,0.019315,528.0,444.0,2.994,47.3328,3.069,13.6,,5265.0,4.576,True,exoplanets.org
Kepler-264 b,0.0,0.001,0.012,0.3,0.033307,912.0,767.0,2.971,40.8062,14.253,11.6,,6158.0,4.147,True,exoplanets.org
HD 149026 b,0.269,0.171,0.172,0.65,0.361471,1987.0,1671.0,3.238,2.8759,3.24,6.8,79.43,6160.0,4.278,True,exoplanets.org
Kepler-227 b,0.0,0.001,0.005,0.28,0.028843,1183.0,994.0,2.968,9.488,3.113,13.7,,5854.0,4.401,True,exoplanets.org
Kepler-227 c,0.0,0.0,0.004,0.27,0.027564,661.0,556.0,2.968,54.4187,4.511,13.7,,5854.0,4.401,True,exoplanets.org
Kepler-229 b,0.0,0.0,0.005,0.2,0.01651,971.0,816.0,3.026,6.253,2.64,13.8,,5120.0,4.633,True,exoplanets.org
Kepler-229 c,0.0,0.001,0.01,0.44,0.080215,709.0,596.0,3.014,16.0686,3.546,13.8,,5120.0,4.633,True,exoplanets.org
Kepler-245 d,0.0,0.0,0.006,0.27,0.027386,562.0,473.0,2.968,36.2771,4.804,13.6,,5100.0,4.56,True,exoplanets.org
Kepler-246 b,0.0,0.001,0.007,0.21,0.017891,1168.0,982.0,3.008,4.6018,2.227,13.0,,5206.0,4.557,True,exoplanets.org
Kepler-212 b,0.0,0.0,0.003,0.1,0.003964,1141.0,959.0,3.017,16.2576,6.596,11.6,,5852.0,4.182,True,exoplanets.org
Kepler-212 c,0.0,0.001,0.008,0.24,0.022777,912.0,767.0,2.975,31.8052,8.316,11.6,,5852.0,4.182,True,exoplanets.org
Kepler-231 b,0.0,0.0,0.005,0.15,0.012776,500.0,420.0,3.124,10.0653,1.44,12.6,,3767.0,4.779,True,exoplanets.org
Kepler-231 c,0.0,0.0,0.007,0.17,0.014221,403.0,339.0,3.075,19.2716,3.209,12.6,,3767.0,4.779,True,exoplanets.org
Kepler-214 c,0.0,0.0,0.004,0.19,0.015872,958.0,806.0,3.037,28.7798,7.803,12.6,,6169.0,4.249,True,exoplanets.org
Kepler-215 b,0.0,0.0,0.004,0.14,0.012048,1130.0,950.0,3.155,9.3607,3.035,12.0,,5739.0,4.364,True,exoplanets.org
Kepler-216 b,0.0,0.001,0.007,0.21,0.017996,1418.0,1192.0,3.006,7.6936,5.05,12.6,,6091.0,4.28,True,exoplanets.org
Kepler-216 c,0.0,0.001,0.009,0.27,0.027564,1080.0,908.0,2.968,17.4067,6.869,12.6,,6091.0,4.28,True,exoplanets.org
Kepler-233 c,0.0,0.0,0.006,0.24,0.022355,487.0,409.0,2.977,60.419,5.619,13.4,,5360.0,4.614,True,exoplanets.org
Kepler-234 b,0.003,0.002,0.008,0.33,0.042508,1928.0,1621.0,2.985,2.7115,3.175,14.1,,6224.0,4.421,True,exoplanets.org
HD 17156 b,0.008,0.082,0.029,1.02,3.30275,1058.0,890.0,3.859,21.2166,3.21,6.8,75.02,6079.0,4.191,True,exoplanets.org
Kepler-218 c,0.0,0.0,0.008,0.28,0.029411,654.0,550.0,2.968,44.6996,6.271,12.3,,5502.0,4.391,True,exoplanets.org
Kepler-247 d,0.0,0.0,0.009,0.35,0.049758,669.0,562.0,2.999,20.4779,3.068,13.1,,5100.0,4.608,True,exoplanets.org
Kepler-248 b,0.0,0.001,0.009,0.27,0.02721,1048.0,882.0,2.968,6.3082,3.008,13.4,,5190.0,4.573,True,exoplanets.org
Kepler-202 b,0.0,0.001,0.008,0.15,0.012112,978.0,822.0,3.152,4.0694,2.067,11.6,,4668.0,4.65,True,exoplanets.org
Kepler-202 c,0.0,0.0,0.008,0.17,0.013621,616.0,518.0,3.093,16.2825,2.853,11.6,,4668.0,4.65,True,exoplanets.org
Kepler-204 b,0.0,0.001,0.006,0.23,0.020022,1088.0,915.0,2.989,14.401,3.906,12.5,,5812.0,4.269,True,exoplanets.org
Kepler-204 c,0.0,0.0,0.003,0.16,0.013191,898.0,755.0,3.108,25.6606,4.383,12.5,,5812.0,4.269,True,exoplanets.org
HD 189733 b,0.817,1.475,0.754,1.14,1.1436,1426.0,1199.0,3.339,2.2186,1.8233,5.5,19.45,5040.0,4.587,True,exoplanets.org
Kepler-221 c,0.0,0.002,0.017,0.26,0.025682,1090.0,916.0,2.969,5.6906,2.522,11.9,,5243.0,4.543,True,exoplanets.org
Kepler-206 c,0.0,0.0,0.005,0.16,0.013051,1089.0,916.0,3.113,13.1375,4.768,12.0,,5764.0,4.311,True,exoplanets.org
Kepler-206 d,0.0,0.0,0.003,0.11,0.00539,898.0,755.0,3.074,23.4428,5.389,12.0,,5764.0,4.311,True,exoplanets.org
Kepler-208 b,0.001,0.001,0.004,0.15,0.012112,1768.0,1487.0,3.152,4.2286,3.308,12.2,,6092.0,4.265,True,exoplanets.org
Kepler-208 c,0.0,0.0,0.003,0.12,0.009154,1463.0,1230.0,3.169,7.4666,3.882,12.2,,6092.0,4.265,True,exoplanets.org
Kepler-181 b,0.0,0.0,0.004,0.11,0.006744,1291.0,1085.0,3.115,3.1379,1.888,12.9,,5333.0,4.619,True,exoplanets.org
Kepler-181 c,0.0,0.001,0.007,0.18,0.014692,1162.0,977.0,3.063,4.3021,1.965,12.9,,5333.0,4.619,True,exoplanets.org
Kepler-183 c,0.0,0.0,0.005,0.2,0.017182,1041.0,876.0,3.016,11.6371,3.289,13.3,,5888.0,4.502,True,exoplanets.org
Kepler-184 b,0.0,0.001,0.008,0.21,0.018101,1005.0,845.0,3.005,10.6876,3.221,12.7,,5788.0,4.51,True,exoplanets.org
Kepler-194 c,0.0,0.0,0.005,0.23,0.020764,976.0,821.0,2.984,17.308,4.961,13.5,,6089.0,4.415,True,exoplanets.org
Kepler-185 c,0.0,0.0,0.005,0.18,0.014935,697.0,586.0,3.057,20.729,2.781,12.5,,5208.0,4.545,True,exoplanets.org
Kepler-187 b,0.0,0.0,0.003,0.13,0.009602,1665.0,1400.0,3.177,4.9389,4.279,12.6,,6105.0,4.274,True,exoplanets.org
HD 209458 b,0.968,0.974,0.993,1.36,0.689646,1718.0,1445.0,2.969,3.5247,3.0657,6.3,49.63,6065.0,4.361,True,exoplanets.org
Kepler-196 b,0.0,0.0,0.005,0.17,0.013992,676.0,568.0,3.082,20.7399,3.014,12.2,,5128.0,4.566,True,exoplanets.org
Kepler-222 c,0.0,0.001,0.008,0.41,0.071094,960.0,807.0,3.012,10.0888,1.714,13.2,,5433.0,4.551,True,exoplanets.org
Kepler-222 d,0.0,0.0,0.008,0.33,0.042229,682.0,574.0,2.985,28.0819,4.541,13.2,,5433.0,4.551,True,exoplanets.org
Kepler-197 d,0.0,0.0,0.007,0.11,0.005874,1039.0,874.0,3.09,15.6776,5.326,10.5,,6004.0,4.304,True,exoplanets.org
Kepler-197 e,0.0,0.0,0.008,0.08,0.002083,887.0,746.0,2.894,25.2097,6.298,10.5,,6004.0,4.304,True,exoplanets.org
Kepler-199 c,0.0,0.0,0.01,0.29,0.031603,559.0,470.0,2.969,67.0934,6.931,12.1,,5644.0,4.438,True,exoplanets.org
Kepler-200 b,0.0,0.001,0.007,0.19,0.015872,1103.0,927.0,3.037,8.5948,3.534,12.5,,5678.0,4.454,True,exoplanets.org
Kepler-209 c,0.0,0.0,0.009,0.28,0.028656,629.0,529.0,2.968,41.7499,5.63,12.4,,5513.0,4.472,True,exoplanets.org
Kepler-210 b,0.001,0.004,0.03,0.26,0.025847,1116.0,938.0,2.969,2.4532,1.746,11.3,,4559.0,4.663,True,exoplanets.org
Kepler-220 b,0.0,0.0,0.013,0.07,0.00138,962.0,809.0,2.816,4.1598,1.626,10.6,,4632.0,4.652,True,exoplanets.org
Kepler-220 c,0.0,0.0,0.008,0.14,0.01173,743.0,625.0,3.171,9.0342,1.486,10.6,,4632.0,4.652,True,exoplanets.org
Kepler-164 d,0.0,0.0,0.004,0.22,0.019086,841.0,707.0,2.996,28.9868,3.444,12.9,,5888.0,4.331,True,exoplanets.org
Kepler-165 b,0.0,0.001,0.008,0.21,0.017684,929.0,781.0,3.01,8.1808,2.869,12.8,,5211.0,4.542,True,exoplanets.org
Kepler-168 b,0.0,0.0,0.003,0.13,0.010781,1648.0,1386.0,3.197,4.4254,3.514,13.2,,6282.0,4.422,True,exoplanets.org
Kepler-168 c,0.0,0.001,0.007,0.24,0.02208,1145.0,963.0,2.978,13.1932,4.936,13.2,,6282.0,4.422,True,exoplanets.org
Kepler-149 d,0.0,0.0,0.007,0.35,0.050411,396.0,333.0,3.0,160.018,5.15,12.2,,5381.0,4.465,True,exoplanets.org
Kepler-172 d,0.0,0.0,0.005,0.2,0.016986,964.0,810.0,3.019,14.6271,3.541,12.8,,5526.0,4.375,True,exoplanets.org
Kepler-142 d,0.0,0.0,0.006,0.19,0.016141,769.0,647.0,3.032,41.8091,8.687,11.8,,5790.0,4.262,True,exoplanets.org
Kepler-169 e,0.0,0.0,0.008,0.2,0.01651,746.0,627.0,3.026,13.7671,2.912,12.2,,4997.0,4.582,True,exoplanets.org
Kepler-174 b,0.0,0.0,0.009,0.17,0.014454,654.0,550.0,3.069,13.9818,2.938,12.2,,4880.0,4.679,True,exoplanets.org
Kepler-174 c,0.0,0.0,0.004,0.13,0.011529,446.0,375.0,3.209,44.0005,5.177,12.2,,4880.0,4.679,True,exoplanets.org
Kepler-189 b,0.0,0.0,0.004,0.11,0.00571,850.0,715.0,3.084,10.3999,3.417,12.9,,5235.0,4.619,True,exoplanets.org
Kepler-189 c,0.0,0.0,0.007,0.21,0.018314,682.0,574.0,3.003,20.1349,3.565,12.9,,5235.0,4.619,True,exoplanets.org
Kepler-171 b,0.0,0.001,0.008,0.21,0.017891,1315.0,1106.0,3.008,4.167,2.741,13.2,,5642.0,4.566,True,exoplanets.org
Kepler-171 c,0.0,0.0,0.006,0.23,0.020389,938.0,789.0,2.986,11.4635,2.566,13.2,,5642.0,4.566,True,exoplanets.org
Kepler-176 b,0.0,0.0,0.003,0.13,0.010063,1150.0,967.0,3.185,5.4331,2.407,12.6,,5232.0,4.474,True,exoplanets.org
Kepler-176 c,0.0,0.001,0.008,0.23,0.020891,865.0,728.0,2.983,12.7597,3.541,12.6,,5232.0,4.474,True,exoplanets.org
Kepler-178 d,0.0,0.0,0.006,0.35,0.050083,523.0,440.0,3.0,96.679,6.276,12.9,,5676.0,4.334,True,exoplanets.org
Kepler-179 b,0.0,0.001,0.005,0.15,0.012177,1352.0,1137.0,3.149,2.7359,1.987,12.8,,5302.0,4.613,True,exoplanets.org
Kepler-156 b,0.0,0.001,0.009,0.21,0.017481,1098.0,923.0,3.012,4.9735,1.579,12.2,,5094.0,4.552,True,exoplanets.org
Kepler-156 c,0.0,0.001,0.011,0.23,0.020266,745.0,626.0,2.987,15.9068,3.984,12.2,,5094.0,4.552,True,exoplanets.org
Kepler-123 b,0.0,0.001,0.007,0.26,0.025847,1085.0,913.0,2.969,17.2324,4.566,12.7,,6089.0,4.277,True,exoplanets.org
Kepler-123 c,0.0,0.0,0.002,0.13,0.011276,938.0,789.0,3.205,26.6951,4.529,12.7,,6089.0,4.277,True,exoplanets.org
Kepler-126 b,0.0,0.001,0.01,0.14,0.012309,1360.0,1143.0,3.22,10.4957,4.815,9.3,,6239.0,4.247,True,exoplanets.org
Kepler-126 c,0.0,0.001,0.01,0.14,0.011793,1065.0,895.0,3.168,21.8697,5.479,9.3,,6239.0,4.247,True,exoplanets.org
HD 80606 b,0.0,0.011,0.035,1.03,3.89054,472.0,397.0,3.979,111.4367,12.096,7.3,58.48,5573.0,4.439,True,exoplanets.org
Kepler-106 e,,,,0.23,0.020386,694.0,584.0,2.986,43.8445,,11.4,,5858.0,4.407,True,exoplanets.org
Kepler-132 d,0.0,0.0,0.005,0.14,0.011604,1018.0,856.0,3.177,18.0102,2.91,10.4,,6003.0,4.31,True,exoplanets.org
Kepler-102 e,,,,0.2,0.028097,710.0,597.0,3.249,16.1457,,9.4,,4903.0,4.607,True,exoplanets.org
Kepler-111 b,0.001,0.001,0.004,0.14,0.011793,1753.0,1474.0,3.168,3.3418,2.769,12.1,,5952.0,4.377,True,exoplanets.org
Kepler-111 c,0.0,0.0,0.016,0.65,0.159251,431.0,363.0,2.969,224.7846,11.194,12.1,,5952.0,4.377,True,exoplanets.org
Kepler-129 b,0.0,0.001,0.012,0.21,0.018207,1206.0,1014.0,3.004,15.7919,7.278,10.3,,5770.0,4.086,True,exoplanets.org
Kepler-129 c,0.0,0.0,0.01,0.23,0.020266,696.0,585.0,2.987,82.2002,10.57,10.3,,5770.0,4.086,True,exoplanets.org
HD 97658 b,0.0,0.016,0.16,0.21,0.024739,871.0,733.0,3.192,9.4909,2.9616,5.7,21.11,5119.0,4.618,True,exoplanets.org
Kepler-108 b,0.0,0.005,0.016,0.77,0.268526,969.0,814.0,3.048,49.1839,11.277,11.0,,5854.0,3.895,True,exoplanets.org
Kepler-108 c,0.0,0.001,0.012,0.73,0.224011,617.0,519.0,3.018,190.3235,15.7,11.0,,5854.0,3.895,True,exoplanets.org
K2-21 b,0.0,0.001,0.019,0.14,0.011856,656.0,552.0,3.164,9.3241,2.304,9.4,65.0,4043.0,,True,exoplanets.org
Kepler-116 b,0.002,0.002,0.009,0.31,0.03534,1672.0,1406.0,2.974,5.9687,3.639,12.4,,6142.0,4.196,True,exoplanets.org
K2-21 c,0.0,0.001,0.024,0.17,0.014144,554.0,466.0,3.077,15.5012,2.2944,9.4,65.0,4043.0,,True,exoplanets.org
K2-25 b,0.0,0.004,0.082,0.31,0.035573,572.0,481.0,2.974,3.4846,0.7402,10.4,45.7,3180.0,,True,exoplanets.org
K2-3 b,0.0,0.002,0.06,0.2,0.016377,603.0,507.0,3.028,10.054,2.5536,8.6,45.0,3896.0,,True,exoplanets.org
K2-3 c,0.0,0.0,0.034,0.16,0.01298,447.0,376.0,3.116,24.6454,3.4272,8.6,45.0,3896.0,,True,exoplanets.org
K2-3 d,0.0,0.0,0.023,0.14,0.011654,367.0,308.0,3.175,44.5631,3.984,8.6,45.0,3896.0,,True,exoplanets.org
KELT-2 A b,0.645,0.383,0.145,1.29,1.52064,2032.0,1708.0,3.361,4.1138,5.172,7.3,128.5,6151.0,4.03,True,exoplanets.org
KELT-3 b,0.596,0.302,0.123,1.36,1.46164,2164.0,1820.0,3.295,2.7034,3.1584,8.7,178.0,6304.0,4.204,True,exoplanets.org
KELT-6 b,0.083,0.121,0.195,1.19,0.43122,1559.0,1311.0,2.878,7.8457,5.52,9.1,222.0,6102.0,4.074,True,exoplanets.org
KELT-7 b,1.406,0.557,0.296,1.53,1.28,2435.0,2048.0,3.129,2.7348,3.5112,7.5,129.0,6789.0,4.149,True,exoplanets.org
Kepler-1000 b,0.0,0.0,0.008,0.42,0.075058,622.0,523.0,3.013,120.0181,11.604,12.1,925.0,6453.0,4.23,True,exoplanets.org
Kepler-1001 b,0.0,0.001,0.007,0.28,0.029598,884.0,744.0,2.968,14.3051,4.4489,13.7,1009.0,5491.0,4.52,True,exoplanets.org
Kepler-1002 b,0.002,0.001,0.008,0.15,0.012674,1870.0,1572.0,3.128,4.3364,4.1031,10.4,425.0,6144.0,4.13,True,exoplanets.org
Kepler-1003 b,0.001,0.001,0.004,0.16,0.013136,1742.0,1465.0,3.11,3.5549,2.1026,12.6,873.0,6109.0,4.35,True,exoplanets.org
Kepler-1004 b,0.016,0.007,0.009,0.56,0.145803,2114.0,1778.0,3.062,5.2879,8.5279,11.1,1080.0,4972.0,3.43,True,exoplanets.org
Kepler-1005 b,0.0,0.0,0.004,0.13,0.011837,1306.0,1098.0,3.213,6.498,2.3167,11.7,515.0,5782.0,4.38,True,exoplanets.org
Kepler-1006 b,0.0,0.0,0.004,0.14,0.011515,723.0,608.0,3.182,19.7617,3.5906,12.5,496.0,5328.0,4.59,True,exoplanets.org
Kepler-1007 b,0.0,0.0,0.005,0.13,0.010175,957.0,805.0,3.187,5.185,2.1771,12.2,365.0,4587.0,4.62,True,exoplanets.org
Kepler-1008 b,0.0,0.0,0.006,0.11,0.006887,819.0,689.0,3.118,12.4393,3.121,11.4,299.0,5066.0,4.56,True,exoplanets.org
Kepler-1009 b,0.0,0.0,0.01,0.19,0.016274,605.0,509.0,3.03,11.3501,2.3758,12.3,281.0,4027.0,4.7,True,exoplanets.org
Kepler-100 b,,,,0.12,0.023094,1512.0,1272.0,3.616,6.8871,,9.8,,5825.0,4.125,True,exoplanets.org
Kepler-101 b,0.013,0.008,0.015,0.52,0.115399,1941.0,1632.0,3.018,3.4877,3.834,12.0,,5570.0,4.065,True,exoplanets.org
Kepler-101 c,0.0,0.0,0.002,0.12,0.00789,1617.0,1360.0,3.143,6.0298,4.03,12.0,,5570.0,4.065,True,exoplanets.org
Kepler-1010 b,0.0,0.0,0.006,0.21,0.017687,615.0,517.0,3.01,34.2686,4.8184,12.8,610.0,5253.0,4.55,True,exoplanets.org
Kepler-1011 b,0.0,0.001,0.006,0.26,0.024711,1179.0,992.0,2.971,5.7532,1.6828,13.4,860.0,5416.0,4.52,True,exoplanets.org
Kepler-1012 b,0.0,0.001,0.006,0.12,0.007095,1239.0,1042.0,3.124,5.5086,2.9468,11.7,420.0,5556.0,4.5,True,exoplanets.org
Kepler-102 f,,,,0.08,0.001951,595.0,500.0,2.895,27.4536,,9.4,,4903.0,4.607,True,exoplanets.org
Kepler-1013 b,0.0,0.0,0.007,0.19,0.01607,687.0,578.0,3.034,18.9305,3.3439,12.3,433.0,4954.0,4.59,True,exoplanets.org
Kepler-1014 b,0.0,0.0,0.006,0.21,0.018395,810.0,681.0,3.002,16.5711,2.9613,12.9,672.0,5388.0,4.54,True,exoplanets.org
Kepler-1015 b,0.001,0.001,0.009,0.32,0.038588,1384.0,1164.0,2.979,16.0049,6.4648,11.7,932.0,6769.0,4.09,True,exoplanets.org
Kepler-104 d,0.0,0.001,0.012,0.32,0.039275,729.0,613.0,2.98,51.7554,7.465,11.2,,5711.0,4.105,True,exoplanets.org
Kepler-1016 b,0.001,0.001,0.005,0.19,0.016274,1909.0,1606.0,3.03,1.9545,2.0959,13.7,1239.0,5821.0,4.44,True,exoplanets.org
Kepler-1016 c,0.0,0.0,0.005,0.33,0.041857,505.0,425.0,2.984,105.6551,9.2429,13.7,1239.0,5821.0,4.44,True,exoplanets.org
Kepler-1017 b,0.0,0.001,0.006,0.18,0.014734,1094.0,920.0,3.062,7.234,2.1648,12.4,554.0,5473.0,4.53,True,exoplanets.org
Kepler-107 c,0.001,0.001,0.007,0.16,0.013333,1675.0,1409.0,3.103,4.9014,4.199,11.1,,5851.0,4.196,True,exoplanets.org
Kepler-1018 b,0.0,0.0,0.005,0.23,0.020614,588.0,494.0,2.985,49.1014,6.323,13.4,894.0,5518.0,4.52,True,exoplanets.org
Kepler-1019 b,0.001,0.002,0.011,0.13,0.010712,1406.0,1182.0,3.196,1.4112,1.3912,11.0,198.0,4433.0,4.64,True,exoplanets.org
Kepler-1020 b,0.0,0.0,0.007,0.2,0.017236,427.0,359.0,3.016,96.9151,5.9964,12.2,446.0,5227.0,4.57,True,exoplanets.org
Kepler-109 c,,,,0.22,0.019902,1006.0,846.0,2.989,21.2227,,11.0,,5952.0,4.211,True,exoplanets.org
Kepler-1021 b,0.0,0.0,0.005,0.21,0.017803,884.0,743.0,3.009,13.4747,2.6174,13.3,837.0,5431.0,4.53,True,exoplanets.org
Kepler-1022 b,0.0,0.0,0.006,0.21,0.018155,715.0,601.0,3.005,10.9947,1.6434,12.8,455.0,4445.0,4.64,True,exoplanets.org
Kepler-1023 b,0.0,0.0,0.005,0.23,0.021332,542.0,456.0,2.981,62.1388,4.1578,12.8,686.0,5494.0,4.51,True,exoplanets.org
Kepler-1024 b,0.0,0.0,0.006,0.35,0.048854,476.0,400.0,2.997,66.4162,6.965,14.1,1017.0,5143.0,4.57,True,exoplanets.org
Kepler-1025 b,0.0,0.0,0.005,0.18,0.014644,782.0,657.0,3.064,37.3229,7.0207,12.2,716.0,6089.0,4.37,True,exoplanets.org
Kepler-1026 b,0.0,0.0,0.007,0.2,0.016586,550.0,463.0,3.025,36.5156,3.588,12.1,389.0,4948.0,4.59,True,exoplanets.org
Kepler-112 c,0.0,0.0,0.009,0.21,0.01853,681.0,573.0,3.001,28.5743,4.963,12.2,,5544.0,4.506,True,exoplanets.org
Kepler-1027 b,0.001,0.001,0.012,0.08,0.001891,1651.0,1388.0,2.876,1.9078,1.8531,11.1,291.0,5436.0,4.57,True,exoplanets.org
Kepler-1028 b,0.0,0.001,0.004,0.12,0.007968,1578.0,1327.0,3.144,2.5146,1.6093,12.6,633.0,5522.0,4.52,True,exoplanets.org
Kepler-1029 b,0.0,0.0,0.005,0.11,0.006482,1138.0,957.0,3.107,4.4177,1.9161,12.2,422.0,5030.0,4.58,True,exoplanets.org
Kepler-116 c,0.0,0.0,0.004,0.21,0.017481,1287.0,1082.0,3.012,13.0716,3.024,12.4,,6142.0,4.196,True,exoplanets.org
Kepler-1030 b,0.0,0.0,0.006,0.22,0.019398,688.0,578.0,2.993,19.3295,3.7701,13.6,795.0,4983.0,4.59,True,exoplanets.org
Kepler-1031 b,0.001,0.0,0.006,0.08,0.001807,2399.0,2017.0,2.867,1.2262,2.1486,12.4,741.0,6011.0,4.38,True,exoplanets.org
Kepler-1032 b,0.0,0.001,0.005,0.17,0.013782,1126.0,947.0,3.088,3.2901,1.5469,13.3,607.0,4647.0,4.62,True,exoplanets.org
Kepler-103 b,,,,0.3,0.03052,1126.0,946.0,2.923,15.9654,,10.9,,5845.0,4.162,True,exoplanets.org
Kepler-1033 b,0.0,0.0,0.005,0.22,0.019793,1121.0,943.0,2.99,7.5605,3.8262,14.3,1425.0,5547.0,4.49,True,exoplanets.org
Kepler-1034 b,0.0,0.0,0.006,0.2,0.017125,855.0,719.0,3.017,12.124,3.3136,13.2,706.0,5198.0,4.57,True,exoplanets.org
Kepler-1035 b,0.0,0.001,0.005,0.1,0.005017,1672.0,1406.0,3.061,2.7141,1.2618,11.4,408.0,5763.0,4.45,True,exoplanets.org
Kepler-118 c,0.0,0.002,0.014,0.69,0.184717,830.0,698.0,2.989,20.172,3.108,12.7,,5274.0,4.321,True,exoplanets.org
Kepler-1036 b,0.0,0.0,0.009,0.27,0.027126,434.0,365.0,2.968,122.8808,8.281,12.1,507.0,5533.0,4.52,True,exoplanets.org
Kepler-1037 b,0.001,0.001,0.005,0.11,0.006887,1869.0,1572.0,3.118,1.0638,1.0764,12.2,451.0,5105.0,4.57,True,exoplanets.org
Kepler-1038 b,0.0,0.0,0.007,0.32,0.038021,385.0,323.0,2.978,148.4603,5.4019,12.8,622.0,5335.0,4.55,True,exoplanets.org
Kepler-120 c,0.0,0.0,0.005,0.14,0.012575,524.0,441.0,3.223,12.7946,3.45,12.3,,4096.0,4.732,True,exoplanets.org
Kepler-1039 b,0.003,0.002,0.008,0.13,0.010712,1825.0,1534.0,3.196,0.9349,1.4174,11.8,324.0,4870.0,4.6,True,exoplanets.org
Kepler-1040 b,0.0,0.0,0.006,0.19,0.015479,391.0,329.0,3.045,201.1214,10.5749,11.8,473.0,5694.0,4.47,True,exoplanets.org
Kepler-1041 b,0.0,0.0,0.008,0.26,0.025793,861.0,724.0,2.969,24.7576,7.361,13.0,979.0,5957.0,4.4,True,exoplanets.org
Kepler-122 c,0.001,0.003,0.013,0.52,0.115399,1178.0,991.0,3.018,12.466,5.063,12.8,,6050.0,4.299,True,exoplanets.org
Kepler-1042 b,0.0,0.0,0.006,0.2,0.016377,811.0,682.0,3.028,10.132,3.1376,13.4,659.0,4815.0,4.61,True,exoplanets.org
Kepler-1043 b,0.0,0.0,0.006,0.23,0.020198,657.0,552.0,2.987,38.5053,5.9729,13.2,838.0,5629.0,4.5,True,exoplanets.org
Kepler-1044 b,0.0,0.001,0.004,0.24,0.021778,1347.0,1133.0,2.979,6.7741,2.6196,13.9,1507.0,5985.0,4.38,True,exoplanets.org
Kepler-105 c,0.0,0.001,0.005,0.14,0.011984,1346.0,1132.0,3.158,7.1259,2.802,11.5,,5873.0,4.305,True,exoplanets.org
Kepler-1045 b,0.0,0.0,0.004,0.24,0.022082,677.0,569.0,2.978,26.4105,2.9959,13.8,971.0,5301.0,4.55,True,exoplanets.org
Kepler-1046 b,0.0,0.0,0.005,0.15,0.012674,1009.0,848.0,3.128,14.3751,2.9658,11.7,518.0,5913.0,4.42,True,exoplanets.org
Kepler-1047 b,0.0,0.0,0.005,0.19,0.015479,646.0,543.0,3.045,56.1887,6.089,11.8,566.0,5754.0,4.37,True,exoplanets.org
Kepler-124 c,0.0,0.0,0.007,0.16,0.012912,678.0,570.0,3.118,13.8214,3.552,12.2,,4984.0,4.669,True,exoplanets.org
Kepler-1047 c,0.0,0.0,0.005,0.09,0.002776,1680.0,1413.0,2.949,3.189,2.4912,11.8,566.0,5754.0,4.37,True,exoplanets.org
Kepler-1048 b,0.0,0.0,0.007,0.14,0.01201,877.0,738.0,3.157,6.921,4.2469,12.4,415.0,4651.0,4.62,True,exoplanets.org
Kepler-1049 b,0.0,0.0,0.015,0.09,0.002453,834.0,702.0,2.925,3.2735,1.7732,11.2,129.0,3864.0,4.77,True,exoplanets.org
Kepler-104 c,0.0,0.001,0.012,0.28,0.02922,946.0,795.0,2.968,23.6682,5.872,11.2,,5711.0,4.105,True,exoplanets.org
Kepler-1050 b,0.0,0.0,0.004,0.14,0.011938,1037.0,872.0,3.16,15.3788,4.373,11.7,555.0,6010.0,4.37,True,exoplanets.org
Kepler-1050 c,0.0,0.0,0.003,0.13,0.011266,933.0,784.0,3.205,21.1285,3.7891,11.7,555.0,6010.0,4.37,True,exoplanets.org
Kepler-1051 b,0.0,0.001,0.007,0.3,0.034793,1144.0,962.0,2.973,25.962,6.2696,12.0,1021.0,6675.0,4.12,True,exoplanets.org
Kepler-126 d,0.0,0.0,0.019,0.22,0.019665,641.0,539.0,2.991,100.2831,10.841,9.3,,6239.0,4.247,True,exoplanets.org
Kepler-1052 b,0.0,0.0,0.005,0.26,0.025609,745.0,627.0,2.969,34.8538,5.3577,13.3,1051.0,5888.0,4.42,True,exoplanets.org
Kepler-1053 b,0.0,0.001,0.012,0.09,0.002665,1207.0,1015.0,2.941,2.4144,1.2248,10.6,171.0,4529.0,4.63,True,exoplanets.org
Kepler-1054 b,0.001,0.001,0.008,0.23,0.021332,1750.0,1471.0,2.981,4.3066,4.0697,12.7,1050.0,6209.0,4.26,True,exoplanets.org
Kepler-130 d,0.0,0.0,0.003,0.15,0.012177,576.0,484.0,3.149,87.5179,1.824,10.5,,5884.0,4.304,True,exoplanets.org
Kepler-1055 b,0.001,0.001,0.006,0.11,0.006093,1728.0,1453.0,3.096,2.295,1.6459,11.6,422.0,5723.0,4.49,True,exoplanets.org
Kepler-1056 b,0.0,0.0,0.006,0.27,0.027126,893.0,751.0,2.968,27.4956,5.0239,12.8,971.0,6127.0,4.33,True,exoplanets.org
Kepler-1057 b,0.0,0.001,0.005,0.3,0.034031,1053.0,885.0,2.972,14.0883,4.1615,13.9,1462.0,5987.0,4.38,True,exoplanets.org
Kepler-133 c,0.0,0.001,0.01,0.25,0.024254,888.0,746.0,2.971,31.5176,7.765,11.3,,5736.0,4.186,True,exoplanets.org
Kepler-1058 b,0.0,0.0,0.009,0.24,0.022548,346.0,291.0,2.976,110.9655,12.841,13.0,525.0,4644.0,4.63,True,exoplanets.org
Kepler-1059 b,0.0,0.001,0.004,0.15,0.01275,1150.0,967.0,3.125,3.7642,2.0596,13.4,673.0,4906.0,4.61,True,exoplanets.org
Kepler-1060 b,0.0,0.0,0.006,0.21,0.018274,656.0,552.0,3.003,46.8779,9.635,13.0,861.0,5797.0,4.44,True,exoplanets.org
Kepler-135 c,0.0,0.0,0.004,0.1,0.004932,1249.0,1051.0,3.057,11.4487,5.047,11.5,,6090.0,4.271,True,exoplanets.org
Kepler-1061 b,0.002,0.001,0.008,0.18,0.014644,1806.0,1519.0,3.064,2.758,2.2906,11.9,585.0,6067.0,4.42,True,exoplanets.org
Kepler-1062 b,0.0,0.0,0.005,0.16,0.01298,786.0,661.0,3.116,9.3041,1.8914,12.3,388.0,4597.0,4.62,True,exoplanets.org
Kepler-1063 b,0.0,0.0,0.003,0.13,0.011549,1061.0,892.0,3.209,14.0797,1.3354,10.8,365.0,5945.0,4.37,True,exoplanets.org
Kepler-106 b,,,,0.07,0.00144,1336.0,1123.0,2.824,6.1649,,11.4,,5858.0,4.407,True,exoplanets.org
Kepler-1064 b,0.0,0.0,0.004,0.14,0.011584,756.0,636.0,3.178,16.5408,2.544,11.8,374.0,5153.0,4.57,True,exoplanets.org
Kepler-1065 b,0.001,0.002,0.008,0.33,0.043431,1466.0,1232.0,2.987,3.6093,1.7448,13.7,1078.0,5635.0,4.49,True,exoplanets.org
Kepler-1065 c,0.0,0.0,0.003,0.14,0.011938,1686.0,1418.0,3.16,2.3703,1.8449,13.7,1078.0,5635.0,4.49,True,exoplanets.org
Kepler-141 c,0.0,0.0,0.006,0.13,0.009602,932.0,784.0,3.177,7.0106,2.986,11.4,,4910.0,4.566,True,exoplanets.org
Kepler-1066 b,0.004,0.003,0.015,0.21,0.018155,1882.0,1582.0,3.005,1.9316,1.6283,11.4,399.0,5762.0,4.45,True,exoplanets.org
Kepler-1067 b,0.001,0.0,0.005,0.07,0.001297,2438.0,2050.0,2.804,0.7621,1.0759,12.7,689.0,5592.0,4.49,True,exoplanets.org
Kepler-1068 b,0.0,0.0,0.005,0.32,0.040638,929.0,781.0,2.982,16.9234,4.0618,14.2,1532.0,5806.0,4.43,True,exoplanets.org
Kepler-143 c,0.0,0.001,0.007,0.3,0.034195,930.0,782.0,2.972,27.0825,5.103,12.2,,5848.0,4.202,True,exoplanets.org
Kepler-1069 b,0.0,0.0,0.009,0.14,0.011938,807.0,678.0,3.16,23.899,15.7219,11.5,435.0,5722.0,4.46,True,exoplanets.org
Kepler-1070 b,0.0,0.0,0.003,0.15,0.01275,1551.0,1304.0,3.125,6.2216,3.2606,12.7,1040.0,6261.0,4.27,True,exoplanets.org
Kepler-1071 b,0.0,0.001,0.005,0.21,0.018274,1074.0,903.0,3.003,6.18,2.1059,13.8,964.0,5215.0,4.56,True,exoplanets.org
Kepler-146 c,0.0,0.0,0.006,0.28,0.02922,630.0,530.0,2.968,76.7322,6.216,12.5,,5948.0,4.312,True,exoplanets.org
Kepler-1072 b,0.002,0.001,0.004,0.14,0.011796,2434.0,2047.0,3.167,1.5691,2.7835,12.6,976.0,6199.0,4.27,True,exoplanets.org
Kepler-1073 b,0.0,0.001,0.006,0.2,0.017459,1154.0,970.0,3.013,8.6789,3.4818,12.9,837.0,5792.0,4.44,True,exoplanets.org
Kepler-1073 c,0.0,0.001,0.004,0.15,0.012155,1491.0,1254.0,3.15,4.0258,2.7665,12.9,837.0,5792.0,4.44,True,exoplanets.org
Kepler-148 c,0.001,0.002,0.011,0.32,0.039796,1236.0,1039.0,2.981,4.18,2.482,13.4,,5272.0,4.546,True,exoplanets.org
Kepler-1074 b,0.0,0.0,0.006,0.11,0.006482,744.0,625.0,3.107,5.9457,2.1737,12.1,245.0,4002.0,4.7,True,exoplanets.org
Kepler-1075 b,0.0,0.001,0.007,0.13,0.009913,1140.0,959.0,3.183,1.5237,1.4652,12.4,265.0,3959.0,4.72,True,exoplanets.org
Kepler-1076 b,0.0,0.0,0.013,0.07,0.001297,973.0,819.0,2.804,6.1473,2.7627,10.7,199.0,4868.0,4.6,True,exoplanets.org
Kepler-107 d,0.0,0.0,0.005,0.1,0.003712,1425.0,1199.0,3.004,7.9582,4.276,11.1,,5851.0,4.196,True,exoplanets.org
Kepler-1077 b,0.0,0.0,0.004,0.25,0.023188,737.0,620.0,2.974,34.3512,4.2221,13.5,1098.0,5816.0,4.43,True,exoplanets.org
Kepler-1078 b,0.001,0.001,0.005,0.17,0.014034,1543.0,1297.0,3.08,3.0073,4.3361,13.9,1215.0,5612.0,4.49,True,exoplanets.org
Kepler-1079 b,0.0,0.0,0.004,0.14,0.012082,1147.0,965.0,3.154,13.245,4.367,11.1,481.0,5758.0,4.21,True,exoplanets.org
Kepler-107 b,0.002,0.001,0.006,0.14,0.011667,1935.0,1627.0,3.174,3.18,3.492,11.1,,5851.0,4.196,True,exoplanets.org
Kepler-1080 b,0.0,0.0,0.009,0.29,0.032321,607.0,510.0,2.97,77.2548,10.2941,12.2,688.0,5956.0,4.35,True,exoplanets.org
Kepler-1081 b,0.0,0.0,0.006,0.09,0.003009,1307.0,1099.0,2.964,3.8569,1.9839,11.9,425.0,5345.0,4.54,True,exoplanets.org
Kepler-1082 b,0.001,0.001,0.006,0.1,0.004374,2230.0,1875.0,3.035,1.5432,2.6094,12.0,628.0,5923.0,4.33,True,exoplanets.org
Kepler-150 d,0.0,0.001,0.006,0.25,0.023501,949.0,798.0,2.973,12.5609,3.764,13.4,,5560.0,4.466,True,exoplanets.org
Kepler-1083 b,0.0,0.0,0.006,0.3,0.034031,583.0,491.0,2.972,33.4178,4.549,13.8,912.0,5049.0,4.58,True,exoplanets.org
Kepler-1084 b,0.001,0.001,0.007,0.1,0.004222,2186.0,1838.0,3.028,2.0533,2.3751,10.8,427.0,6113.0,4.27,True,exoplanets.org
Kepler-1085 b,0.0,0.0,0.007,0.64,0.154219,427.0,359.0,2.965,219.3218,12.3581,13.9,1518.0,6000.0,4.37,True,exoplanets.org
Kepler-152 c,0.0,0.0,0.006,0.21,0.018422,398.0,335.0,3.002,88.2551,4.036,12.3,,5088.0,4.605,True,exoplanets.org
Kepler-1086 b,0.0,0.0,0.007,0.22,0.019014,578.0,486.0,2.996,18.7843,3.2339,12.9,464.0,4350.0,4.65,True,exoplanets.org
Kepler-1086 c,0.0,0.0,0.007,0.26,0.025793,282.0,237.0,2.969,161.5163,6.456,12.9,464.0,4350.0,4.65,True,exoplanets.org
Kepler-1087 b,0.001,0.0,0.014,0.05,0.000499,2523.0,2122.0,2.628,0.6938,1.5236,11.2,354.0,5589.0,4.48,True,exoplanets.org
Kepler-154 c,0.0,0.0,0.006,0.26,0.026013,588.0,494.0,2.969,62.3033,7.51,13.0,,5690.0,4.415,True,exoplanets.org
Kepler-1088 b,0.0,0.0,0.006,0.13,0.009913,881.0,741.0,3.183,23.1275,4.9231,10.5,300.0,5975.0,4.4,True,exoplanets.org
Kepler-1089 b,0.0,0.0,0.009,0.16,0.013455,695.0,585.0,3.099,5.1325,1.631,12.4,227.0,3753.0,4.76,True,exoplanets.org
Kepler-1090 b,0.0,0.0,0.004,0.2,0.017015,347.0,292.0,3.019,198.6802,8.287,13.1,702.0,5321.0,4.55,True,exoplanets.org
Kepler-157 c,0.0,0.001,0.006,0.2,0.016889,1013.0,852.0,3.02,13.5405,4.514,12.6,,5774.0,4.389,True,exoplanets.org
Kepler-1091 b,0.001,0.001,0.003,0.13,0.010712,2152.0,1810.0,3.196,1.4347,1.8811,13.1,915.0,5851.0,4.42,True,exoplanets.org
Kepler-1092 b,0.0,0.0,0.003,0.18,0.015383,619.0,520.0,3.047,58.6018,5.543,13.1,914.0,5862.0,4.44,True,exoplanets.org
Kepler-1093 b,0.0,0.0,0.004,0.17,0.014379,926.0,778.0,3.071,25.0825,6.3571,12.5,848.0,6166.0,4.33,True,exoplanets.org
Kepler-109 b,,,,0.21,0.018207,1494.0,1256.0,3.004,6.4816,,11.0,,5952.0,4.211,True,exoplanets.org
Kepler-1093 c,0.0,0.0,0.004,0.17,0.014466,605.0,509.0,3.068,89.7223,10.6781,12.5,848.0,6166.0,4.33,True,exoplanets.org
Kepler-1094 b,0.0,0.0,0.004,0.28,0.030254,630.0,530.0,2.968,78.1,8.322,13.5,1371.0,6112.0,4.33,True,exoplanets.org
Kepler-1095 b,0.0,0.0,0.003,0.11,0.005719,1384.0,1164.0,3.085,4.271,2.2736,12.9,758.0,5658.0,4.48,True,exoplanets.org
Kepler-159 c,0.0,0.0,0.014,0.3,0.035108,438.0,368.0,2.973,43.5958,5.153,12.4,,4625.0,4.653,True,exoplanets.org
Kepler-1096 b,0.0,0.0,0.005,0.11,0.006285,1053.0,885.0,3.102,2.8922,1.3657,12.4,344.0,4306.0,4.66,True,exoplanets.org
Kepler-1097 b,0.0,0.0,0.005,0.29,0.031849,342.0,288.0,2.97,187.747,5.4079,13.3,738.0,5211.0,4.57,True,exoplanets.org
Kepler-1098 b,0.0,0.0,0.003,0.12,0.007307,1732.0,1457.0,3.129,2.5431,2.7494,13.1,876.0,5794.0,4.45,True,exoplanets.org
Kepler-161 c,0.0,0.0,0.006,0.18,0.015183,973.0,818.0,3.051,7.0642,1.351,12.2,,5078.0,4.553,True,exoplanets.org
Kepler-1099 b,0.002,0.001,0.006,0.25,0.02402,1843.0,1550.0,2.972,2.1685,1.6611,13.7,1209.0,5837.0,4.45,True,exoplanets.org
Kepler-10 b,0.013,0.004,0.012,0.13,0.014282,2559.0,2152.0,3.346,0.8375,1.8177,9.5,173.0,5627.0,4.341,True,exoplanets.org
Kepler-163 c,0.0,0.0,0.006,0.2,0.017084,816.0,687.0,3.018,21.3473,3.765,12.8,,5776.0,4.524,True,exoplanets.org
Kepler-165 c,0.0,0.0,0.006,0.2,0.016793,754.0,634.0,3.022,15.313,3.028,12.8,,5211.0,4.542,True,exoplanets.org
Kepler-10 c,0.0,0.001,0.008,0.21,0.054117,677.0,569.0,3.485,45.2948,6.863,9.5,173.0,5627.0,4.341,True,exoplanets.org
Kepler-1100 b,0.0,0.0,0.003,0.16,0.012903,1543.0,1298.0,3.119,6.422,2.6602,12.5,940.0,6247.0,4.26,True,exoplanets.org
Kepler-1101 b,0.0,0.0,0.004,0.22,0.019269,511.0,430.0,2.994,81.3151,5.7619,13.3,897.0,5614.0,4.5,True,exoplanets.org
Kepler-110 b,0.0,0.001,0.006,0.16,0.013476,1121.0,943.0,3.098,12.6911,3.755,11.6,,5960.0,4.327,True,exoplanets.org
Kepler-1102 b,0.0,0.0,0.006,0.24,0.021628,616.0,518.0,2.98,51.3286,9.439,13.4,986.0,5724.0,4.48,True,exoplanets.org
Kepler-1103 b,0.0,0.0,0.004,0.2,0.017236,972.0,817.0,3.016,19.7919,3.1721,12.7,921.0,6092.0,4.36,True,exoplanets.org
Kepler-1104 b,0.0,0.0,0.004,0.11,0.006093,1742.0,1465.0,3.096,5.0373,1.8848,11.0,516.0,6417.0,4.25,True,exoplanets.org
Kepler-169 b,0.0,0.0,0.006,0.1,0.0045,1206.0,1015.0,3.04,3.2506,2.135,12.2,,4997.0,4.582,True,exoplanets.org
Kepler-1105 b,0.0,0.001,0.008,0.18,0.014824,936.0,787.0,3.059,4.4216,2.0749,12.4,369.0,4299.0,4.62,True,exoplanets.org
Kepler-1106 b,0.002,0.001,0.003,0.15,0.012228,2465.0,2072.0,3.147,1.2528,2.0755,13.2,1168.0,6104.0,4.35,True,exoplanets.org
Kepler-1107 b,0.004,0.001,0.006,0.12,0.008197,2414.0,2030.0,3.149,0.571,1.0421,12.2,457.0,5268.0,4.55,True,exoplanets.org
Kepler-169 f,0.0,0.0,0.008,0.23,0.020638,403.0,339.0,2.985,87.0902,6.313,12.2,,4997.0,4.582,True,exoplanets.org
Kepler-1108 b,0.0,0.0,0.003,0.13,0.010712,1254.0,1055.0,3.196,4.5101,2.1605,13.2,764.0,5406.0,4.54,True,exoplanets.org
Kepler-1109 b,0.0,0.0,0.005,0.2,0.016377,735.0,618.0,3.028,37.6467,6.1171,12.7,797.0,5893.0,4.41,True,exoplanets.org
Kepler-1110 b,0.0,0.0,0.007,0.24,0.021628,810.0,681.0,2.98,9.6931,2.759,13.6,726.0,4781.0,4.62,True,exoplanets.org
Kepler-171 d,0.0,0.0,0.004,0.17,0.013917,621.0,522.0,3.084,39.5955,6.315,13.2,,5642.0,4.566,True,exoplanets.org
Kepler-1111 b,0.0,0.0,0.003,0.18,0.014734,1272.0,1070.0,3.062,8.7962,3.3986,13.2,1142.0,6077.0,4.36,True,exoplanets.org
Kepler-1112 b,0.0,0.0,0.004,0.27,0.027126,1293.0,1087.0,2.968,14.3627,4.6255,13.4,1734.0,6496.0,4.19,True,exoplanets.org
Kepler-1113 b,0.0,0.0,0.004,0.25,0.02385,740.0,622.0,2.972,42.3005,4.398,13.2,1127.0,5931.0,4.35,True,exoplanets.org
Kepler-172 e,0.0,0.0,0.005,0.25,0.023063,720.0,605.0,2.974,35.1187,3.559,12.8,,5526.0,4.375,True,exoplanets.org
Kepler-1114 b,0.0,0.0,0.004,0.12,0.008197,832.0,700.0,3.149,14.9744,2.4309,11.9,427.0,5374.0,4.55,True,exoplanets.org
Kepler-1115 b,0.0,0.0,0.004,0.15,0.012598,1473.0,1239.0,3.131,23.5541,7.159,11.5,935.0,8480.0,4.17,True,exoplanets.org
Kepler-1116 b,0.0,0.0,0.005,0.23,0.020198,648.0,545.0,2.987,41.6978,5.423,13.5,1017.0,5641.0,4.48,True,exoplanets.org
Kepler-174 d,0.0,0.0,0.007,0.2,0.016417,251.0,211.0,3.028,247.3537,8.773,12.2,,4880.0,4.679,True,exoplanets.org
Kepler-1117 b,0.0,0.0,0.004,0.1,0.004222,1326.0,1115.0,3.028,4.7903,2.7287,12.5,619.0,5612.0,4.49,True,exoplanets.org
Kepler-1118 b,0.0,0.0,0.006,0.24,0.022706,683.0,574.0,2.976,38.6715,5.567,13.0,818.0,5688.0,4.46,True,exoplanets.org
Kepler-1119 b,0.0,0.0,0.004,0.17,0.014119,1306.0,1098.0,3.078,8.3265,5.383,13.5,1288.0,6083.0,4.35,True,exoplanets.org
Kepler-176 d,0.0,0.0,0.006,0.22,0.019783,685.0,576.0,2.99,25.752,2.853,12.6,,5232.0,4.474,True,exoplanets.org
Kepler-1120 b,0.0,0.0,0.004,0.12,0.008907,1255.0,1056.0,3.164,2.949,2.0393,13.2,635.0,4904.0,4.6,True,exoplanets.org
Kepler-1121 b,0.0,0.001,0.007,0.17,0.014034,1306.0,1098.0,3.08,13.1514,5.6035,10.8,529.0,6231.0,4.14,True,exoplanets.org
Kepler-1122 b,0.0,0.0,0.004,0.18,0.0151,624.0,525.0,3.053,42.1917,7.1081,13.4,924.0,5544.0,4.51,True,exoplanets.org
Kepler-112 b,0.0,0.001,0.011,0.21,0.018101,1024.0,861.0,3.005,8.4089,3.485,12.2,,5544.0,4.506,True,exoplanets.org
Kepler-1123 b,0.0,0.0,0.004,0.15,0.012375,1326.0,1115.0,3.14,4.3395,2.2973,13.1,796.0,5500.0,4.5,True,exoplanets.org
Kepler-1124 b,0.0,0.0,0.007,0.11,0.006887,734.0,617.0,3.118,2.8523,0.7061,12.8,177.0,3658.0,4.93,True,exoplanets.org
Kepler-1125 b,0.0,0.0,0.004,0.16,0.013536,874.0,735.0,3.096,17.6701,5.772,13.2,910.0,5683.0,4.47,True,exoplanets.org
Kepler-179 c,0.0,0.001,0.006,0.18,0.014772,1019.0,857.0,3.061,6.4001,1.842,12.8,,5302.0,4.613,True,exoplanets.org
Kepler-1126 b,0.0,0.0,0.003,0.15,0.01275,487.0,409.0,3.125,108.5933,7.9879,12.5,668.0,5798.0,4.46,True,exoplanets.org
Kepler-1127 b,0.0,0.001,0.004,0.17,0.014466,1318.0,1108.0,3.068,5.1233,2.9984,13.5,996.0,5664.0,4.47,True,exoplanets.org
Kepler-1128 b,0.0,0.0,0.004,0.33,0.041243,554.0,466.0,2.983,61.6178,3.7519,13.9,1163.0,5543.0,4.5,True,exoplanets.org
Kepler-113 b,,,,0.16,0.013404,1004.0,844.0,3.1,4.754,,11.3,,4725.0,4.636,True,exoplanets.org
Kepler-1129 b,0.0,0.0,0.004,0.26,0.026166,824.0,693.0,2.969,24.3398,3.2921,13.8,1258.0,5831.0,4.44,True,exoplanets.org
Kepler-1129 c,0.0,0.0,0.003,0.24,0.022706,562.0,473.0,2.976,76.537,5.693,13.8,1258.0,5831.0,4.44,True,exoplanets.org
Kepler-1130 b,0.0,0.0,0.012,0.07,0.001297,1151.0,968.0,2.804,5.453,2.1051,10.7,234.0,5403.0,4.57,True,exoplanets.org
Kepler-182 b,0.0,0.001,0.006,0.23,0.020638,1279.0,1076.0,2.985,9.8258,4.961,13.5,,6250.0,4.401,True,exoplanets.org
Kepler-1131 b,0.0,0.0,0.003,0.14,0.011867,1596.0,1342.0,3.164,3.5323,2.8072,13.4,1109.0,5851.0,4.42,True,exoplanets.org
Kepler-1132 b,0.0,0.0,0.004,0.21,0.018036,509.0,428.0,3.006,62.8916,6.8671,13.6,940.0,5298.0,4.55,True,exoplanets.org
Kepler-1133 b,0.0,0.0,0.003,0.18,0.014555,968.0,814.0,3.066,11.5556,1.6536,13.2,821.0,5569.0,4.5,True,exoplanets.org
Kepler-184 c,0.0,0.0,0.005,0.18,0.014533,812.0,683.0,3.067,20.303,4.348,12.7,,5788.0,4.51,True,exoplanets.org
Kepler-1134 b,0.0,0.0,0.005,0.24,0.021479,777.0,654.0,2.98,17.1326,3.054,13.9,997.0,5281.0,4.56,True,exoplanets.org
Kepler-1135 b,0.0,0.0,0.004,0.17,0.013617,531.0,447.0,3.093,76.9579,9.384,12.8,728.0,5656.0,4.47,True,exoplanets.org
Kepler-1136 b,0.0,0.001,0.004,0.15,0.012155,1208.0,1016.0,3.15,2.3617,1.2234,13.2,545.0,4512.0,4.63,True,exoplanets.org
Kepler-187 c,0.0,0.001,0.008,0.24,0.021808,1289.0,1084.0,2.979,10.6403,5.284,12.6,,6105.0,4.274,True,exoplanets.org
Kepler-1137 b,0.0,0.0,0.004,0.2,0.016481,1226.0,1031.0,3.027,23.9211,4.692,11.7,971.0,6807.0,4.08,True,exoplanets.org
Kepler-1138 b,0.0,0.0,0.002,0.15,0.012598,1505.0,1266.0,3.131,3.1706,1.5778,13.8,1101.0,5582.0,4.49,True,exoplanets.org
Kepler-1139 b,0.002,0.001,0.006,0.11,0.005361,2347.0,1973.0,3.073,0.8132,1.4276,12.3,555.0,5550.0,4.5,True,exoplanets.org
Kepler-191 b,0.0,0.0,0.003,0.12,0.008093,893.0,751.0,3.147,9.9396,2.917,12.9,,5282.0,4.594,True,exoplanets.org
Kepler-1140 b,0.0,0.0,0.005,0.25,0.023188,615.0,517.0,2.974,24.0863,2.2287,13.3,657.0,4850.0,4.61,True,exoplanets.org
Kepler-1141 b,0.0,0.0,0.007,0.07,0.00143,1843.0,1550.0,2.823,2.3445,1.398,11.0,365.0,5791.0,4.38,True,exoplanets.org
Kepler-1142 b,0.0,0.0,0.004,0.13,0.010987,870.0,731.0,3.201,18.3027,8.1641,12.6,697.0,5685.0,4.46,True,exoplanets.org
Kepler-114 b,0.0,0.0,0.008,0.11,0.006564,889.0,748.0,3.11,5.1885,2.435,11.4,,4605.0,4.65,True,exoplanets.org
Kepler-1143 b,0.0,0.001,0.004,0.15,0.012375,1320.0,1110.0,3.14,2.8889,1.5538,13.1,632.0,5053.0,4.58,True,exoplanets.org
Kepler-1143 c,0.0,0.0,0.007,0.32,0.039746,316.0,266.0,2.981,210.6306,8.675,13.1,632.0,5053.0,4.58,True,exoplanets.org
Kepler-1144 b,0.0,0.0,0.003,0.18,0.014734,898.0,755.0,3.062,17.1465,3.841,13.4,1012.0,5753.0,4.47,True,exoplanets.org
Kepler-194 d,0.0,0.0,0.004,0.21,0.01853,673.0,566.0,3.001,52.815,7.3,13.5,,6089.0,4.415,True,exoplanets.org
Kepler-1145 b,0.0,0.0,0.003,0.13,0.009401,1179.0,992.0,3.174,3.9708,1.8139,13.3,714.0,5064.0,4.59,True,exoplanets.org
Kepler-1146 b,0.0,0.0,0.003,0.11,0.006093,1271.0,1069.0,3.096,2.3523,1.7071,13.5,694.0,4692.0,4.62,True,exoplanets.org
Kepler-1147 b,0.0,0.0,0.004,0.23,0.021041,1164.0,979.0,2.983,10.6278,5.0131,13.9,1476.0,5941.0,4.36,True,exoplanets.org
Kepler-196 c,0.0,0.0,0.007,0.2,0.016889,513.0,431.0,3.02,47.4277,5.114,12.2,,5128.0,4.566,True,exoplanets.org
Kepler-1148 b,0.001,0.001,0.004,0.15,0.012523,1819.0,1530.0,3.134,1.1045,1.0547,13.2,682.0,5054.0,4.58,True,exoplanets.org
Kepler-1149 b,0.0,0.0,0.003,0.13,0.010175,1542.0,1297.0,3.187,3.7309,2.807,13.3,1023.0,5833.0,4.43,True,exoplanets.org
Kepler-1150 b,0.0,0.0,0.007,0.09,0.00313,1228.0,1033.0,2.972,2.7879,2.0252,12.1,373.0,4754.0,4.61,True,exoplanets.org
Kepler-198 b,0.0,0.001,0.012,0.25,0.023949,848.0,713.0,2.972,17.79,4.478,12.0,,5574.0,4.467,True,exoplanets.org
Kepler-1151 b,0.0,0.0,0.004,0.2,0.016692,523.0,440.0,3.023,65.6478,4.4119,13.1,763.0,5470.0,4.53,True,exoplanets.org
Kepler-1152 b,0.0,0.001,0.012,0.08,0.001807,1105.0,930.0,2.867,1.6468,1.2561,11.7,184.0,3964.0,4.73,True,exoplanets.org
Kepler-1153 b,0.001,0.001,0.003,0.15,0.01275,1769.0,1488.0,3.125,1.7558,1.8136,14.0,1185.0,5470.0,4.52,True,exoplanets.org
Kepler-115 b,0.001,0.0,0.003,0.1,0.003964,2006.0,1687.0,3.017,2.4037,1.306,12.0,,5979.0,4.306,True,exoplanets.org
Kepler-1154 b,0.001,0.001,0.004,0.21,0.017919,1722.0,1448.0,3.007,5.1856,4.0759,13.3,1531.0,6327.0,4.23,True,exoplanets.org
Kepler-1154 c,0.0,0.0,0.003,0.21,0.018155,1463.0,1230.0,3.005,8.4581,3.0679,13.3,1531.0,6327.0,4.23,True,exoplanets.org
Kepler-1155 b,0.0,0.0,0.003,0.18,0.015008,750.0,630.0,3.055,33.4697,4.513,13.2,987.0,5842.0,4.43,True,exoplanets.org
Kepler-200 c,0.0,0.0,0.002,0.14,0.011856,1041.0,875.0,3.164,10.2222,1.11,12.5,,5678.0,4.454,True,exoplanets.org
Kepler-1156 b,0.0,0.0,0.003,0.12,0.007744,1036.0,871.0,3.139,11.8952,3.504,12.7,759.0,5778.0,4.44,True,exoplanets.org
Kepler-1157 b,0.0,0.0,0.006,0.1,0.003929,1027.0,863.0,3.015,4.4574,2.3577,12.0,346.0,4679.0,4.62,True,exoplanets.org
Kepler-1158 b,0.0,0.0,0.003,0.21,0.017919,1405.0,1182.0,3.007,13.5396,4.338,12.3,1258.0,6203.0,4.01,True,exoplanets.org
Kepler-117 b,0.001,0.004,0.014,0.7,0.194248,1152.0,969.0,2.996,18.796,7.522,13.0,,6169.0,4.187,True,exoplanets.org
Kepler-1159 b,0.0,0.0,0.003,0.21,0.018155,988.0,831.0,3.005,22.7082,3.6331,13.2,1238.0,6217.0,4.3,True,exoplanets.org
Kepler-1160 b,0.0,0.0,0.003,0.19,0.01597,1082.0,910.0,3.035,7.9703,2.7665,14.2,1293.0,5519.0,4.51,True,exoplanets.org
Kepler-1161 b,0.0,0.0,0.007,0.19,0.01587,651.0,548.0,3.037,10.7125,2.7219,13.1,428.0,4253.0,4.7,True,exoplanets.org
Kepler-203 b,0.001,0.001,0.008,0.23,0.020513,1714.0,1441.0,2.986,3.1627,1.9,12.4,,5821.0,4.358,True,exoplanets.org
Kepler-1162 b,0.0,0.0,0.004,0.2,0.016586,646.0,543.0,3.025,32.5637,5.5481,13.8,989.0,5390.0,4.54,True,exoplanets.org
Kepler-1163 b,0.0,0.0,0.006,0.09,0.003255,1586.0,1334.0,2.979,6.1179,3.4704,11.0,487.0,6302.0,4.26,True,exoplanets.org
Kepler-1164 b,0.0,0.0,0.005,0.1,0.004374,1223.0,1029.0,3.035,3.976,2.1411,12.2,447.0,5183.0,4.57,True,exoplanets.org
Kepler-205 b,0.0,0.001,0.013,0.13,0.012045,932.0,784.0,3.216,2.7556,1.948,10.8,,4321.0,4.735,True,exoplanets.org
Kepler-1165 b,0.0,0.0,0.003,0.14,0.011584,1252.0,1053.0,3.178,9.4785,6.223,13.1,1081.0,6080.0,4.34,True,exoplanets.org
Kepler-1166 b,0.0,0.0,0.003,0.15,0.012523,655.0,550.0,3.134,33.2407,4.9819,12.7,648.0,5446.0,4.53,True,exoplanets.org
Kepler-1167 b,0.001,0.001,0.005,0.15,0.012674,1831.0,1540.0,3.128,1.0039,1.4562,13.7,811.0,4971.0,4.6,True,exoplanets.org
Kepler-207 b,0.003,0.001,0.004,0.14,0.01173,2605.0,2191.0,3.171,1.6119,2.999,11.8,,5920.0,4.129,True,exoplanets.org
Kepler-1168 b,0.0,0.0,0.004,0.22,0.01966,512.0,431.0,2.991,55.8227,5.4931,13.7,911.0,5157.0,4.56,True,exoplanets.org
Kepler-1169 b,0.0,0.0,0.004,0.08,0.002352,1484.0,1248.0,2.917,6.1101,2.447,11.4,538.0,6191.0,4.35,True,exoplanets.org
Kepler-1170 b,0.0,0.0,0.006,0.21,0.018639,872.0,733.0,3.0,9.9897,3.7039,13.8,911.0,5069.0,4.58,True,exoplanets.org
Kepler-208 d,0.0,0.0,0.003,0.11,0.005548,1281.0,1077.0,3.079,11.1318,4.118,12.2,,6092.0,4.265,True,exoplanets.org
Kepler-1171 b,0.016,0.004,0.015,0.23,0.020335,3303.0,2777.0,2.987,1.4426,3.0151,10.5,615.0,7044.0,4.05,True,exoplanets.org
Kepler-1172 b,0.0,0.0,0.005,0.28,0.030477,735.0,618.0,2.968,26.0204,4.8408,14.1,1292.0,5558.0,4.51,True,exoplanets.org
Kepler-1173 b,0.001,0.001,0.008,0.08,0.001891,2179.0,1832.0,2.876,0.7699,1.0276,11.9,402.0,5252.0,4.55,True,exoplanets.org
Kepler-210 c,0.0,0.002,0.031,0.32,0.040325,753.0,633.0,2.982,7.9725,2.902,11.3,,4559.0,4.663,True,exoplanets.org
Kepler-1174 b,0.0,0.0,0.003,0.14,0.011867,1294.0,1088.0,3.164,6.8923,2.4556,12.8,829.0,5936.0,4.42,True,exoplanets.org
Kepler-1175 b,0.0,0.0,0.004,0.27,0.026737,627.0,527.0,2.968,37.9456,4.025,14.1,1244.0,5453.0,4.53,True,exoplanets.org
Kepler-1176 b,0.0,0.0,0.004,0.22,0.019141,834.0,702.0,2.995,24.1739,3.0569,13.3,1023.0,5844.0,4.42,True,exoplanets.org
Kepler-213 b,0.001,0.001,0.004,0.14,0.012048,1888.0,1588.0,3.155,2.4624,1.768,12.1,,5696.0,4.31,True,exoplanets.org
Kepler-1177 b,0.0,0.0,0.004,0.17,0.014034,488.0,410.0,3.08,106.2475,13.668,13.0,829.0,5712.0,4.46,True,exoplanets.org
Kepler-1178 b,0.0,0.0,0.005,0.1,0.003649,580.0,487.0,3.001,31.8063,3.7939,11.7,336.0,4990.0,4.59,True,exoplanets.org
Kepler-1179 b,0.0,0.0,0.004,0.12,0.007744,1423.0,1196.0,3.139,2.6851,1.0229,12.2,454.0,5212.0,4.56,True,exoplanets.org
Kepler-215 c,0.0,0.0,0.005,0.16,0.013051,973.0,818.0,3.113,14.6671,3.855,12.0,,5739.0,4.364,True,exoplanets.org
Kepler-1180 b,0.0,0.0,0.003,0.18,0.014734,1021.0,859.0,3.062,16.8601,5.5529,13.5,1284.0,6077.0,4.36,True,exoplanets.org
Kepler-1181 b,0.0,0.0,0.003,0.14,0.011725,1654.0,1391.0,3.171,4.8934,3.3161,12.4,867.0,6176.0,4.27,True,exoplanets.org
Kepler-1182 b,0.0,0.0,0.004,0.21,0.018639,1105.0,929.0,3.0,11.1739,3.421,13.7,1258.0,5924.0,4.41,True,exoplanets.org
Kepler-217 b,0.001,0.001,0.005,0.2,0.016793,1935.0,1627.0,3.022,5.3749,4.011,12.1,,6171.0,4.03,True,exoplanets.org
Kepler-1183 b,0.0,0.0,0.005,0.25,0.02402,769.0,647.0,2.972,28.5057,6.252,14.0,1378.0,5765.0,4.45,True,exoplanets.org
Kepler-1184 b,0.0,0.0,0.004,0.24,0.021929,667.0,561.0,2.978,53.5991,6.6619,13.5,1193.0,5983.0,4.41,True,exoplanets.org
Kepler-1185 b,0.0,0.0,0.003,0.12,0.007968,459.0,386.0,3.144,104.3519,3.5861,11.0,296.0,5622.0,4.54,True,exoplanets.org
Kepler-119 b,0.004,0.005,0.02,0.32,0.039796,1562.0,1314.0,2.981,2.4221,2.574,12.6,,5595.0,4.567,True,exoplanets.org
Kepler-1186 b,0.0,0.0,0.003,0.2,0.016799,889.0,748.0,3.022,16.0768,2.237,13.7,1112.0,5635.0,4.49,True,exoplanets.org
Kepler-1187 b,0.0,0.0,0.005,0.23,0.021041,950.0,799.0,2.983,18.8706,3.2476,13.2,1029.0,5975.0,4.39,True,exoplanets.org
Kepler-1188 b,0.0,0.0,0.004,0.19,0.015479,961.0,808.0,3.045,17.137,6.366,13.5,1202.0,5913.0,4.4,True,exoplanets.org
Kepler-118 b,0.0,0.0,0.004,0.17,0.014454,1153.0,970.0,3.069,7.5185,2.857,12.7,,5274.0,4.321,True,exoplanets.org
Kepler-1189 b,0.001,0.001,0.005,0.16,0.013058,1671.0,1405.0,3.113,3.7886,3.492,12.7,883.0,6012.0,4.36,True,exoplanets.org
Kepler-1190 b,0.0,0.0,0.005,0.12,0.007968,787.0,661.0,3.144,10.4584,3.102,12.2,384.0,4730.0,4.62,True,exoplanets.org
Kepler-1191 b,0.0,0.0,0.003,0.14,0.01213,1132.0,952.0,3.217,5.6001,2.8018,13.5,876.0,5308.0,4.56,True,exoplanets.org
Kepler-219 b,0.002,0.002,0.007,0.26,0.026013,1741.0,1464.0,2.969,4.5855,3.272,12.4,,5786.0,4.157,True,exoplanets.org
Kepler-1192 b,0.0,0.0,0.004,0.21,0.018155,709.0,597.0,3.005,25.2035,4.5521,13.9,1108.0,5438.0,4.55,True,exoplanets.org
Kepler-1193 b,0.001,0.0,0.004,0.12,0.007744,1857.0,1561.0,3.139,2.8327,2.3844,12.1,695.0,5908.0,4.31,True,exoplanets.org
Kepler-1194 b,0.0,0.0,0.002,0.14,0.01213,876.0,737.0,3.217,16.2237,2.502,12.4,616.0,5590.0,4.49,True,exoplanets.org
Kepler-220 d,0.0,0.0,0.01,0.09,0.002713,509.0,428.0,2.944,28.1224,4.103,10.6,,4632.0,4.652,True,exoplanets.org
Kepler-1195 b,0.0,0.0,0.004,0.19,0.015479,883.0,742.0,3.045,8.4964,2.2373,13.7,812.0,4965.0,4.61,True,exoplanets.org
Kepler-1196 b,0.0,0.0,0.003,0.2,0.016799,576.0,484.0,3.022,66.1849,4.788,13.3,946.0,5756.0,4.46,True,exoplanets.org
Kepler-1197 b,0.0,0.0,0.004,0.11,0.006482,1346.0,1132.0,3.107,2.0323,1.1214,12.8,505.0,4708.0,4.62,True,exoplanets.org
Kepler-221 d,0.0,0.001,0.013,0.24,0.022635,902.0,758.0,2.976,10.0416,2.53,11.9,,5243.0,4.543,True,exoplanets.org
Kepler-1198 b,0.0,0.0,0.002,0.13,0.010987,1099.0,924.0,3.201,7.6848,2.599,13.0,777.0,5517.0,4.5,True,exoplanets.org
Kepler-1199 b,0.0,0.0,0.005,0.1,0.004851,1067.0,898.0,3.054,15.0447,5.819,11.6,540.0,5889.0,4.27,True,exoplanets.org
Kepler-11 b,0.0,0.0,0.011,0.16,0.005978,1107.0,931.0,2.76,10.3039,4.116,12.2,,5663.0,4.366,True,exoplanets.org
Kepler-223 b,0.0,0.0,0.003,0.15,0.012506,1236.0,1039.0,3.135,7.3841,5.416,13.6,,5829.0,4.397,True,exoplanets.org
Kepler-11 c,0.0,0.001,0.028,0.26,0.009124,1024.0,861.0,2.539,13.0241,4.544,12.2,,5663.0,4.366,True,exoplanets.org
Kepler-11 d,0.0,0.001,0.02,0.28,0.022968,851.0,716.0,2.705,22.6845,5.586,12.2,,5663.0,4.366,True,exoplanets.org
Kepler-224 c,0.0,0.001,0.01,0.28,0.029031,934.0,785.0,2.968,5.925,2.843,13.7,,5018.0,4.639,True,exoplanets.org
Kepler-226 b,0.0,0.0,0.003,0.14,0.011604,1293.0,1087.0,3.177,3.941,2.596,13.6,,5571.0,4.586,True,exoplanets.org
Kepler-11 e,0.0,0.001,0.004,0.37,0.026431,771.0,648.0,3.438,31.9996,4.165,12.2,,5663.0,4.366,True,exoplanets.org
Kepler-11 f,0.0,0.0,0.001,0.22,0.00723,669.0,563.0,3.945,46.6888,6.431,12.2,,5663.0,4.366,True,exoplanets.org
Kepler-11 g,0.0,0.0,0.008,0.3,0.033223,499.0,419.0,2.971,118.3807,9.6,12.2,,5663.0,4.366,True,exoplanets.org
Kepler-120 b,0.0,0.001,0.013,0.19,0.016051,663.0,558.0,3.034,6.3125,2.908,12.3,,4096.0,4.732,True,exoplanets.org
Kepler-1200 b,0.0,0.0,0.005,0.1,0.003649,1600.0,1346.0,3.001,1.1185,1.5425,13.2,579.0,4612.0,4.63,True,exoplanets.org
Kepler-1201 b,0.0,0.0,0.004,0.2,0.017347,1111.0,934.0,3.014,15.1873,4.5079,13.2,1202.0,6177.0,4.32,True,exoplanets.org
Kepler-1202 b,0.0,0.0,0.004,0.26,0.025793,792.0,666.0,2.969,28.6851,5.467,13.9,1393.0,5834.0,4.42,True,exoplanets.org
Kepler-228 b,0.0,0.0,0.002,0.14,0.012575,1820.0,1530.0,3.223,2.5665,2.327,14.1,,6043.0,4.467,True,exoplanets.org
Kepler-1203 b,0.002,0.001,0.01,0.1,0.003649,1688.0,1419.0,3.001,0.588,1.1627,12.1,269.0,4105.0,4.67,True,exoplanets.org
Kepler-1204 b,0.0,0.0,0.004,0.27,0.027721,546.0,459.0,2.968,85.735,7.457,13.8,1282.0,5825.0,4.42,True,exoplanets.org
Kepler-1205 b,0.001,0.001,0.003,0.13,0.009655,1933.0,1626.0,3.178,1.0784,1.2297,13.3,766.0,5226.0,4.56,True,exoplanets.org
Kepler-229 d,0.0,0.0,0.007,0.34,0.046913,518.0,436.0,2.994,41.1949,5.02,13.8,,5120.0,4.633,True,exoplanets.org
Kepler-1206 b,0.001,0.001,0.003,0.15,0.012155,1681.0,1414.0,3.15,1.217,1.3101,13.7,807.0,4877.0,4.6,True,exoplanets.org
Kepler-1207 b,0.0,0.0,0.003,0.14,0.012082,1031.0,867.0,3.154,13.6824,4.163,13.0,946.0,5909.0,4.41,True,exoplanets.org
Kepler-1208 b,0.0,0.0,0.004,0.21,0.017687,831.0,699.0,3.01,11.0851,1.7081,13.8,877.0,5001.0,4.59,True,exoplanets.org
Kepler-232 b,0.001,0.001,0.008,0.27,0.028286,1434.0,1206.0,2.968,4.4312,3.172,13.8,,5847.0,4.495,True,exoplanets.org
Kepler-1209 b,0.0,0.0,0.003,0.14,0.01213,982.0,826.0,3.217,25.3691,4.6339,11.2,558.0,6210.0,4.24,True,exoplanets.org
Kepler-1210 b,0.0,0.0,0.002,0.15,0.012598,1101.0,926.0,3.131,8.0712,2.653,13.8,1155.0,5568.0,4.49,True,exoplanets.org
Kepler-1211 b,0.0,0.0,0.004,0.23,0.020198,1025.0,862.0,2.987,11.0182,4.531,14.3,1486.0,5705.0,4.48,True,exoplanets.org
Kepler-122 d,0.0,0.0,0.004,0.2,0.01651,981.0,825.0,3.026,21.5875,4.683,12.8,,6050.0,4.299,True,exoplanets.org
Kepler-1212 b,0.0,0.0,0.003,0.19,0.01597,1114.0,937.0,3.035,12.9413,4.4681,13.6,1304.0,6051.0,4.36,True,exoplanets.org
Kepler-1213 b,0.0,0.0,0.004,0.11,0.005361,1524.0,1282.0,3.073,5.3498,4.2089,12.0,685.0,6050.0,4.33,True,exoplanets.org
Kepler-1214 b,0.0,0.0,0.004,0.21,0.018155,726.0,610.0,3.005,18.8263,2.333,13.4,757.0,5130.0,4.57,True,exoplanets.org
Kepler-121 b,0.0,0.001,0.01,0.21,0.017891,1238.0,1041.0,3.008,3.1774,1.475,12.8,,5311.0,4.646,True,exoplanets.org
Kepler-1215 b,0.0,0.0,0.003,0.11,0.005904,1329.0,1117.0,3.091,4.767,1.8504,12.7,701.0,5616.0,4.48,True,exoplanets.org
Kepler-1216 b,0.0,0.0,0.002,0.12,0.009152,1426.0,1199.0,3.169,4.3703,2.819,13.6,1124.0,5743.0,4.46,True,exoplanets.org
Kepler-1217 b,0.001,0.001,0.003,0.18,0.014734,1964.0,1652.0,3.062,2.0323,1.7179,13.8,1363.0,5905.0,4.4,True,exoplanets.org
Kepler-234 c,0.0,0.001,0.006,0.31,0.037502,1392.0,1170.0,2.977,7.212,4.039,14.1,,6224.0,4.421,True,exoplanets.org
Kepler-1218 b,0.0,0.0,0.004,0.13,0.010175,896.0,754.0,3.187,22.9221,8.261,12.2,667.0,5986.0,4.38,True,exoplanets.org
Kepler-1219 b,0.0,0.001,0.005,0.19,0.015771,1293.0,1088.0,3.039,16.1047,5.6069,10.8,622.0,5944.0,3.97,True,exoplanets.org
Kepler-1220 b,0.0,0.0,0.002,0.14,0.012426,1220.0,1026.0,3.221,7.4269,2.8481,13.2,958.0,5842.0,4.45,True,exoplanets.org
Kepler-236 b,0.0,0.0,0.004,0.14,0.01173,542.0,455.0,3.171,8.2956,1.328,12.3,,3750.0,4.753,True,exoplanets.org
Kepler-1221 b,0.0,0.0,0.003,0.17,0.013866,861.0,724.0,3.086,12.001,3.433,13.7,909.0,5194.0,4.55,True,exoplanets.org
Kepler-1222 b,0.0,0.0,0.007,0.07,0.001233,1590.0,1337.0,2.795,1.9169,1.4629,12.2,455.0,5239.0,4.56,True,exoplanets.org
Kepler-1223 b,0.0,0.0,0.004,0.11,0.005904,707.0,594.0,3.091,16.3013,3.984,12.4,455.0,4870.0,4.6,True,exoplanets.org
Kepler-238 c,0.0,0.001,0.004,0.21,0.018422,1536.0,1292.0,3.002,6.1556,4.837,13.5,,5751.0,4.194,True,exoplanets.org
Kepler-1224 b,0.0,0.0,0.003,0.12,0.007968,1142.0,961.0,3.144,13.3235,3.9269,11.6,578.0,6155.0,4.34,True,exoplanets.org
Kepler-1225 b,0.0,0.0,0.002,0.16,0.013374,1404.0,1181.0,3.101,7.0108,2.1522,13.3,1241.0,6140.0,4.34,True,exoplanets.org
Kepler-1226 b,0.0,0.0,0.003,0.13,0.010441,944.0,794.0,3.192,17.2923,6.7241,12.6,779.0,5923.0,4.43,True,exoplanets.org
Kepler-122 b,0.001,0.001,0.006,0.21,0.017891,1523.0,1281.0,3.008,5.7662,3.846,12.8,,6050.0,4.299,True,exoplanets.org
Kepler-1227 b,0.0,0.0,0.004,0.2,0.017347,506.0,426.0,3.014,94.2888,4.1441,12.5,667.0,5747.0,4.47,True,exoplanets.org
Kepler-1228 b,0.004,0.001,0.006,0.14,0.011515,2232.0,1877.0,3.182,0.5774,1.0963,12.8,547.0,5063.0,4.59,True,exoplanets.org
Kepler-1229 b,0.0,0.0,0.004,0.13,0.009401,277.0,233.0,3.174,86.829,6.001,12.4,236.0,3784.0,4.75,True,exoplanets.org
Kepler-240 b,0.0,0.0,0.003,0.12,0.008719,1092.0,919.0,3.16,4.1445,2.368,13.5,,4985.0,4.626,True,exoplanets.org
Kepler-1230 b,0.0,0.0,0.004,0.24,0.022391,1168.0,982.0,2.977,9.9566,2.8704,13.9,1433.0,5961.0,4.4,True,exoplanets.org
Kepler-1231 b,0.0,0.0,0.002,0.13,0.009913,1081.0,909.0,3.183,10.4173,4.187,13.2,948.0,5778.0,4.44,True,exoplanets.org
Kepler-1232 b,0.0,0.0,0.004,0.17,0.014205,716.0,602.0,3.076,26.7839,4.517,13.0,740.0,5471.0,4.51,True,exoplanets.org
Kepler-242 c,0.0,0.0,0.004,0.18,0.014772,777.0,654.0,3.061,14.4965,3.222,13.2,,5020.0,4.492,True,exoplanets.org
Kepler-1233 b,0.0,0.0,0.004,0.23,0.020897,777.0,654.0,2.983,45.1263,6.631,13.3,1281.0,6198.0,4.3,True,exoplanets.org
Kepler-1234 b,0.0,0.0,0.007,0.25,0.02385,805.0,677.0,2.972,11.9401,3.4721,13.8,866.0,4967.0,4.59,True,exoplanets.org
Kepler-1235 b,0.0,0.0,0.006,0.07,0.001233,1354.0,1139.0,2.795,4.1606,2.615,12.2,533.0,5541.0,4.5,True,exoplanets.org
Kepler-244 d,0.0,0.0,0.005,0.21,0.017582,750.0,631.0,3.011,20.0504,4.504,13.7,,5554.0,4.585,True,exoplanets.org
Kepler-1236 b,0.0,0.0,0.003,0.19,0.01597,646.0,543.0,3.035,31.0572,3.401,14.0,1078.0,5337.0,4.55,True,exoplanets.org
Kepler-1237 b,0.0,0.0,0.004,0.26,0.024536,489.0,411.0,2.971,84.5733,5.7151,13.9,1121.0,5472.0,4.5,True,exoplanets.org
Kepler-1238 b,0.001,0.0,0.003,0.17,0.014205,1895.0,1594.0,3.076,4.1479,3.6739,13.3,1533.0,6386.0,4.21,True,exoplanets.org
Kepler-246 c,0.0,0.0,0.002,0.13,0.011786,869.0,731.0,3.213,11.1872,3.161,13.0,,5206.0,4.557,True,exoplanets.org
Kepler-1239 b,0.001,0.001,0.003,0.26,0.025245,1839.0,1546.0,2.97,5.191,4.2679,14.4,2511.0,6564.0,4.2,True,exoplanets.org
Kepler-1240 b,0.0,0.0,0.004,0.1,0.004851,1350.0,1135.0,3.054,4.8664,2.231,12.4,614.0,5682.0,4.47,True,exoplanets.org
Kepler-1241 b,0.0,0.0,0.006,0.23,0.021332,749.0,630.0,2.981,18.5526,4.201,13.8,936.0,5261.0,4.56,True,exoplanets.org
Kepler-248 c,0.0,0.001,0.009,0.36,0.054148,765.0,643.0,3.008,16.2395,4.03,13.4,,5190.0,4.573,True,exoplanets.org
Kepler-1242 b,0.0,0.0,0.006,0.2,0.017125,754.0,634.0,3.017,13.628,3.0471,13.3,682.0,4895.0,4.6,True,exoplanets.org
Kepler-1243 b,0.0,0.0,0.003,0.16,0.012903,884.0,743.0,3.119,16.8321,3.923,13.2,877.0,5667.0,4.48,True,exoplanets.org
Kepler-1244 b,0.001,0.001,0.003,0.12,0.008197,2208.0,1857.0,3.149,3.7043,3.281,11.3,764.0,6680.0,4.1,True,exoplanets.org
Kepler-124 b,0.0,0.0,0.009,0.07,0.000958,1081.0,909.0,2.748,3.4105,2.389,12.2,,4984.0,4.669,True,exoplanets.org
Kepler-1245 b,0.0,0.0,0.002,0.13,0.010175,1243.0,1045.0,3.187,4.3541,2.3131,13.5,861.0,5306.0,4.55,True,exoplanets.org
Kepler-1245 c,0.0,0.0,0.003,0.13,0.010175,1417.0,1192.0,3.187,2.9366,1.8519,13.5,861.0,5306.0,4.55,True,exoplanets.org
Kepler-1246 b,0.0,0.0,0.004,0.12,0.008429,736.0,619.0,3.154,11.3227,3.0271,12.6,435.0,4611.0,4.63,True,exoplanets.org
Kepler-250 d,0.0,0.0,0.003,0.19,0.016324,728.0,612.0,3.029,17.6483,1.98,13.5,,5160.0,4.565,True,exoplanets.org
Kepler-1247 b,0.0,0.0,0.003,0.21,0.017803,842.0,708.0,3.009,13.7122,2.4927,14.1,1094.0,5303.0,4.55,True,exoplanets.org
Kepler-1248 b,0.0,0.0,0.005,0.1,0.005187,1373.0,1154.0,3.067,7.4673,3.713,11.4,540.0,6149.0,4.36,True,exoplanets.org
Kepler-1249 b,0.0,0.0,0.003,0.21,0.018274,963.0,810.0,3.003,24.3347,6.6288,13.8,1674.0,6202.0,4.29,True,exoplanets.org
Kepler-124 d,0.0,0.0,0.005,0.1,0.004226,518.0,436.0,3.029,30.9509,4.196,12.2,,4984.0,4.669,True,exoplanets.org
Kepler-1250 b,0.0,0.0,0.003,0.17,0.014119,1686.0,1418.0,3.078,2.6075,1.4646,14.0,1371.0,5717.0,4.46,True,exoplanets.org
Kepler-1251 b,0.0,0.0,0.002,0.16,0.013536,610.0,513.0,3.096,45.0905,3.905,13.3,863.0,5545.0,4.51,True,exoplanets.org
Kepler-1252 b,0.0,0.0,0.003,0.15,0.012375,1020.0,858.0,3.14,15.054,4.2751,12.7,828.0,5949.0,4.38,True,exoplanets.org
Kepler-125 b,0.0,0.001,0.019,0.21,0.018207,694.0,583.0,3.004,4.1644,1.798,11.7,,3810.0,4.744,True,exoplanets.org
Kepler-1253 b,0.0,0.0,0.004,0.12,0.007968,616.0,518.0,3.144,68.8862,5.9496,11.0,390.0,5850.0,4.33,True,exoplanets.org
Kepler-1254 b,0.0,0.0,0.003,0.14,0.011584,855.0,719.0,3.178,9.9911,2.645,13.3,676.0,4985.0,4.59,True,exoplanets.org
Kepler-1254 c,0.0,0.0,0.003,0.12,0.007307,1202.0,1011.0,3.129,3.6008,1.981,13.3,676.0,4985.0,4.59,True,exoplanets.org
Kepler-251 e,0.0,0.0,0.003,0.25,0.023208,460.0,387.0,2.974,99.6402,4.36,13.6,,5526.0,4.486,True,exoplanets.org
Kepler-1254 d,0.0,0.0,0.003,0.12,0.007523,1030.0,866.0,3.134,5.7272,2.177,13.3,676.0,4985.0,4.59,True,exoplanets.org
Kepler-1255 b,0.0,0.0,0.004,0.21,0.017687,778.0,654.0,3.01,36.2919,8.1809,13.7,1344.0,6018.0,4.37,True,exoplanets.org
Kepler-1256 b,0.0,0.0,0.002,0.13,0.011549,1231.0,1035.0,3.209,12.4128,4.369,12.2,862.0,6129.0,4.23,True,exoplanets.org
Kepler-253 c,0.0,0.0,0.007,0.24,0.021541,869.0,731.0,2.98,10.282,3.517,13.5,,5208.0,4.595,True,exoplanets.org
Kepler-1257 b,0.0,0.0,0.002,0.14,0.012426,1542.0,1296.0,3.221,2.6683,2.3659,13.8,1081.0,5502.0,4.52,True,exoplanets.org
Kepler-1258 b,0.001,0.0,0.007,0.08,0.001727,2395.0,2014.0,2.858,0.9849,1.9543,12.4,651.0,5839.0,4.45,True,exoplanets.org
Kepler-1259 b,0.002,0.001,0.004,0.13,0.010175,2161.0,1817.0,3.187,0.6631,1.0691,13.3,704.0,5053.0,4.58,True,exoplanets.org
Kepler-254 c,0.0,0.0,0.003,0.19,0.016051,1005.0,845.0,3.034,12.4122,3.362,14.3,,5957.0,4.524,True,exoplanets.org
Kepler-1260 b,0.0,0.0,0.003,0.16,0.013058,939.0,790.0,3.113,19.1188,6.8729,13.2,1041.0,5961.0,4.39,True,exoplanets.org
Kepler-1261 b,0.0,0.0,0.003,0.2,0.017125,510.0,429.0,3.017,48.4309,3.755,13.6,795.0,5006.0,4.58,True,exoplanets.org
Kepler-1262 b,0.0,0.0,0.003,0.16,0.013374,1140.0,959.0,3.101,8.679,2.8349,13.6,1153.0,5771.0,4.45,True,exoplanets.org
Kepler-257 b,0.001,0.001,0.006,0.23,0.021019,1617.0,1360.0,2.983,2.3827,1.812,13.4,,5180.0,4.36,True,exoplanets.org
Kepler-1263 b,0.0,0.0,0.004,0.1,0.004689,1186.0,997.0,3.048,4.5514,2.491,13.1,695.0,5213.0,4.56,True,exoplanets.org
Kepler-1264 b,0.001,0.0,0.004,0.1,0.005187,2376.0,1998.0,3.067,0.9685,1.2904,12.9,814.0,5791.0,4.45,True,exoplanets.org
Kepler-1265 b,0.0,0.0,0.003,0.12,0.008197,894.0,751.0,3.149,6.4944,2.243,13.2,581.0,4630.0,4.63,True,exoplanets.org
Kepler-258 c,0.0,0.0,0.007,0.32,0.04006,600.0,504.0,2.981,33.6531,4.126,13.0,,4942.0,4.441,True,exoplanets.org
Kepler-1266 b,0.0,0.0,0.005,0.23,0.020614,612.0,515.0,2.985,28.4747,4.8089,13.8,901.0,5044.0,4.59,True,exoplanets.org
Kepler-1267 b,0.0,0.0,0.004,0.27,0.027126,1135.0,955.0,2.968,13.0314,4.2521,13.9,1628.0,6096.0,4.33,True,exoplanets.org
Kepler-1268 b,0.0,0.0,0.003,0.18,0.015008,725.0,610.0,3.055,40.9904,7.261,13.8,1406.0,5904.0,4.38,True,exoplanets.org
Kepler-260 c,0.0,0.0,0.003,0.16,0.012844,471.0,396.0,3.121,76.0502,6.826,12.5,,5250.0,4.494,True,exoplanets.org
Kepler-1269 b,0.0,0.0,0.003,0.14,0.012082,776.0,652.0,3.154,37.3332,7.2941,12.2,710.0,5998.0,4.36,True,exoplanets.org
Kepler-1270 b,0.004,0.002,0.006,0.3,0.033042,2003.0,1684.0,2.971,6.0336,10.2641,11.2,1204.0,5047.0,3.49,True,exoplanets.org
Kepler-1271 b,0.001,0.001,0.003,0.13,0.011266,1890.0,1589.0,3.205,3.0256,2.9592,12.5,885.0,6143.0,4.31,True,exoplanets.org
Kepler-262 c,0.0,0.0,0.003,0.15,0.012177,803.0,675.0,3.149,21.8537,3.49,12.7,,5841.0,4.541,True,exoplanets.org
Kepler-1272 b,0.0,0.0,0.004,0.21,0.018155,676.0,568.0,3.005,51.131,5.995,12.9,896.0,5926.0,4.39,True,exoplanets.org
Kepler-1273 b,0.0,0.0,0.003,0.22,0.019529,718.0,604.0,2.992,28.6257,4.601,14.3,1355.0,5566.0,4.5,True,exoplanets.org
Kepler-1274 b,0.001,0.0,0.004,0.13,0.009913,1833.0,1541.0,3.183,6.9815,5.8961,10.5,609.0,6179.0,3.93,True,exoplanets.org
Kepler-264 c,0.0,0.0,0.008,0.25,0.024101,604.0,508.0,2.972,140.1013,17.933,11.6,,6158.0,4.147,True,exoplanets.org
Kepler-1275 b,0.0,0.0,0.002,0.13,0.011266,1885.0,1585.0,3.205,3.6569,2.1139,13.1,1280.0,6296.0,4.26,True,exoplanets.org
Kepler-1276 b,0.0,0.0,0.004,0.11,0.005361,1173.0,986.0,3.073,12.572,4.717,11.6,587.0,6188.0,4.33,True,exoplanets.org
Kepler-1277 b,0.0,0.0,0.003,0.14,0.011938,643.0,540.0,3.16,40.8365,4.944,12.4,606.0,5578.0,4.49,True,exoplanets.org
Kepler-265 d,0.0,0.0,0.002,0.22,0.019547,715.0,602.0,2.992,43.1306,3.066,13.9,,5835.0,4.326,True,exoplanets.org
Kepler-1278 b,0.0,0.0,0.004,0.09,0.003009,1779.0,1496.0,2.964,3.2394,2.6539,12.3,743.0,6074.0,4.35,True,exoplanets.org
Kepler-1279 b,0.0,0.0,0.003,0.16,0.012903,994.0,836.0,3.119,23.4774,7.271,12.6,1017.0,6221.0,4.26,True,exoplanets.org
Kepler-127 b,0.0,0.0,0.005,0.12,0.009376,1197.0,1007.0,3.173,14.4359,3.435,10.2,,6106.0,4.265,True,exoplanets.org
Kepler-127 c,0.0,0.001,0.017,0.24,0.021674,944.0,794.0,2.98,29.3932,7.104,10.2,,6106.0,4.265,True,exoplanets.org
Kepler-1280 b,0.0,0.0,0.003,0.17,0.013782,701.0,590.0,3.088,66.5579,10.399,12.6,1006.0,6227.0,4.28,True,exoplanets.org
Kepler-1281 b,0.0,0.0,0.003,0.15,0.012155,1399.0,1177.0,3.15,3.116,1.909,13.9,1090.0,5353.0,4.55,True,exoplanets.org
Kepler-1282 b,0.0,0.0,0.002,0.14,0.011584,1675.0,1409.0,3.178,2.1319,1.8179,13.9,1126.0,5504.0,4.51,True,exoplanets.org
Kepler-267 b,0.0,0.001,0.009,0.18,0.014612,868.0,730.0,3.065,3.3537,1.494,12.5,,4258.0,4.729,True,exoplanets.org
Kepler-1283 b,0.0,0.0,0.004,0.17,0.014034,1174.0,988.0,3.08,12.9461,9.583,13.6,1452.0,6175.0,4.31,True,exoplanets.org
Kepler-1284 b,0.001,0.001,0.003,0.11,0.005719,2200.0,1850.0,3.085,0.6641,1.1019,13.6,852.0,5123.0,4.57,True,exoplanets.org
Kepler-1285 b,0.0,0.0,0.007,0.09,0.002665,1129.0,950.0,2.941,14.7967,5.6381,10.5,364.0,6170.0,4.3,True,exoplanets.org
Kepler-268 b,0.0,0.0,0.005,0.23,0.020266,949.0,798.0,2.987,25.9341,4.571,12.4,,6081.0,4.287,True,exoplanets.org
Kepler-1286 b,0.0,0.0,0.004,0.19,0.01607,1041.0,875.0,3.034,11.254,4.679,13.7,1150.0,5753.0,4.45,True,exoplanets.org
Kepler-1287 b,0.0,0.0,0.002,0.14,0.011515,1013.0,852.0,3.182,11.4769,2.7019,13.5,1027.0,5715.0,4.48,True,exoplanets.org
Kepler-1288 b,0.001,0.0,0.005,0.1,0.004374,1972.0,1658.0,3.035,2.7612,3.6619,12.0,715.0,6132.0,4.29,True,exoplanets.org
Kepler-269 c,0.0,0.0,0.002,0.15,0.012506,1166.0,981.0,3.135,8.1279,3.899,14.0,,5847.0,4.5,True,exoplanets.org
Kepler-1289 b,0.0,0.0,0.002,0.14,0.012426,1326.0,1115.0,3.221,7.9902,3.2741,13.0,1059.0,6080.0,4.35,True,exoplanets.org
Kepler-1290 b,0.0,0.0,0.002,0.13,0.009913,1346.0,1132.0,3.183,4.695,2.963,14.1,1321.0,5660.0,4.49,True,exoplanets.org
Kepler-1291 b,0.0,0.0,0.003,0.15,0.012301,959.0,806.0,3.144,8.6304,3.131,13.9,982.0,5216.0,4.56,True,exoplanets.org
Kepler-270 b,0.0,0.0,0.004,0.18,0.014854,1331.0,1119.0,3.059,11.4761,4.865,12.6,,6067.0,4.196,True,exoplanets.org
Kepler-1292 b,0.0,0.0,0.003,0.16,0.013374,1490.0,1253.0,3.101,3.2765,2.2721,14.2,1406.0,5556.0,4.49,True,exoplanets.org
Kepler-1293 b,0.0,0.0,0.004,0.09,0.002665,1586.0,1334.0,2.941,5.5765,3.745,12.1,770.0,6241.0,4.29,True,exoplanets.org
Kepler-1294 b,0.0,0.0,0.004,0.28,0.030477,479.0,403.0,2.968,115.6862,4.625,13.6,1120.0,5776.0,4.46,True,exoplanets.org
Kepler-271 c,0.0,0.0,0.006,0.09,0.002916,1088.0,915.0,2.958,7.4109,3.413,11.7,,5524.0,4.493,True,exoplanets.org
Kepler-1295 b,0.0,0.0,0.002,0.14,0.011584,1375.0,1156.0,3.178,3.8137,2.005,14.1,1257.0,5486.0,4.51,True,exoplanets.org
Kepler-1296 b,0.0,0.0,0.005,0.08,0.002066,1007.0,847.0,2.892,8.384,4.992,12.8,631.0,5359.0,4.55,True,exoplanets.org
Kepler-1297 b,0.0,0.0,0.004,0.09,0.002665,1996.0,1679.0,2.941,1.6819,3.0,13.3,996.0,5818.0,4.45,True,exoplanets.org
Kepler-272 d,0.0,0.0,0.006,0.2,0.016986,942.0,792.0,3.019,10.9373,3.084,12.7,,5297.0,4.426,True,exoplanets.org
Kepler-1298 b,0.001,0.001,0.005,0.12,0.007523,1793.0,1508.0,3.134,7.1281,5.6141,10.1,498.0,6339.0,4.0,True,exoplanets.org
Kepler-1299 b,0.0,0.0,0.005,0.27,0.026545,816.0,686.0,2.968,19.9401,4.2631,14.2,1352.0,5609.0,4.5,True,exoplanets.org
Kepler-12 b,0.094,0.086,0.166,1.7,0.431956,1759.0,1479.0,2.574,4.438,4.6975,12.1,600.0,5947.0,4.175,True,exoplanets.org
Kepler-274 b,0.0,0.0,0.003,0.14,0.011542,1092.0,918.0,3.181,11.6348,5.541,13.5,,6023.0,4.44,True,exoplanets.org
Kepler-1300 b,0.0,0.0,0.002,0.12,0.008666,1144.0,962.0,3.159,22.2419,7.255,11.4,757.0,6130.0,4.04,True,exoplanets.org
Kepler-1301 b,0.0,0.0,0.002,0.13,0.009401,941.0,792.0,3.174,9.0824,2.0249,13.5,816.0,5188.0,4.56,True,exoplanets.org
Kepler-1302 b,0.0,0.0,0.002,0.13,0.010175,963.0,810.0,3.187,8.8392,1.8029,13.2,727.0,5236.0,4.55,True,exoplanets.org
Kepler-130 b,0.0,0.0,0.008,0.09,0.00313,1255.0,1056.0,2.972,8.4575,3.248,10.5,,5884.0,4.304,True,exoplanets.org
Kepler-1303 b,0.0,0.0,0.002,0.13,0.009913,1202.0,1011.0,3.183,7.5613,2.9381,13.1,905.0,5771.0,4.44,True,exoplanets.org
Kepler-1304 b,0.0,0.0,0.008,0.2,0.017347,788.0,663.0,3.014,16.1289,5.9381,13.1,682.0,5259.0,4.56,True,exoplanets.org
Kepler-1305 b,0.0,0.0,0.003,0.17,0.013866,964.0,811.0,3.086,13.5631,5.6321,14.1,1343.0,5701.0,4.47,True,exoplanets.org
Kepler-275 c,0.0,0.001,0.004,0.3,0.034421,1176.0,989.0,2.972,16.0881,5.888,14.0,,6165.0,4.229,True,exoplanets.org
Kepler-1306 b,0.0,0.0,0.002,0.17,0.014034,914.0,769.0,3.08,16.296,2.129,13.6,1130.0,5727.0,4.45,True,exoplanets.org
Kepler-1307 b,0.0,0.0,0.003,0.22,0.019269,946.0,795.0,2.994,18.0162,3.996,13.9,1396.0,5884.0,4.39,True,exoplanets.org
Kepler-1308 b,0.0,0.0,0.033,0.05,0.000288,770.0,647.0,2.528,2.1043,1.1028,11.0,73.0,3468.0,4.92,True,exoplanets.org
Kepler-278 b,0.0,0.002,0.009,0.36,0.054148,1125.0,946.0,3.008,30.1605,7.508,9.5,,4991.0,3.616,True,exoplanets.org
Kepler-1309 b,0.0,0.0,0.004,0.21,0.018155,642.0,540.0,3.005,28.8433,3.096,13.5,845.0,5235.0,4.56,True,exoplanets.org
Kepler-1310 b,0.003,0.001,0.005,0.13,0.010175,2463.0,2071.0,3.187,0.6793,1.1783,12.4,583.0,5549.0,4.51,True,exoplanets.org
Kepler-1311 b,0.0,0.0,0.003,0.11,0.006285,1236.0,1039.0,3.102,11.1727,6.007,11.8,705.0,5748.0,4.16,True,exoplanets.org
Kepler-281 b,0.0,0.0,0.007,0.25,0.023949,908.0,764.0,2.972,14.646,6.293,14.0,,5723.0,4.531,True,exoplanets.org
Kepler-1311 c,0.001,0.001,0.004,0.11,0.005904,2026.0,1703.0,3.091,2.5357,3.941,11.8,705.0,5748.0,4.16,True,exoplanets.org
Kepler-1312 b,0.0,0.002,0.014,0.19,0.015575,1279.0,1075.0,3.043,5.4483,2.2251,10.9,305.0,5719.0,4.51,True,exoplanets.org
Kepler-1313 b,0.001,0.002,0.014,0.16,0.01298,1334.0,1122.0,3.116,3.8331,1.3721,10.1,187.0,5453.0,4.54,True,exoplanets.org
Kepler-282 c,0.0,0.0,0.002,0.11,0.005548,913.0,768.0,3.079,13.6387,5.573,13.7,,5602.0,4.459,True,exoplanets.org
Kepler-1314 b,0.0,0.002,0.014,0.46,0.086773,816.0,686.0,3.015,5.4247,1.1431,13.2,462.0,4188.0,4.68,True,exoplanets.org
Kepler-1315 b,0.002,0.001,0.005,0.12,0.008907,1894.0,1592.0,3.164,0.8434,1.4362,12.7,505.0,4861.0,4.6,True,exoplanets.org
Kepler-1316 b,0.0,0.0,0.01,0.32,0.038303,570.0,479.0,2.978,87.9732,14.6904,12.4,753.0,5884.0,4.36,True,exoplanets.org
Kepler-284 b,0.0,0.0,0.004,0.2,0.016889,889.0,748.0,3.02,12.6991,2.819,14.1,,5615.0,4.58,True,exoplanets.org
Kepler-1317 b,0.003,0.001,0.005,0.14,0.011654,2331.0,1960.0,3.175,0.5689,1.2152,13.3,734.0,5144.0,4.57,True,exoplanets.org
Kepler-1318 b,0.0,0.0,0.007,0.28,0.028747,278.0,234.0,2.968,213.2577,7.775,12.8,475.0,4598.0,4.62,True,exoplanets.org
Kepler-1319 b,0.0,0.001,0.009,0.12,0.008197,851.0,715.0,3.149,2.8868,0.8849,10.7,114.0,3655.0,4.73,True,exoplanets.org
Kepler-285 c,0.0,0.0,0.003,0.1,0.004362,1085.0,912.0,3.035,6.1867,2.908,13.3,,5411.0,4.584,True,exoplanets.org
Kepler-131 b,,,,0.22,0.052638,934.0,785.0,3.451,16.092,,10.1,,5685.0,4.417,True,exoplanets.org
Kepler-131 c,,,,0.07,0.052549,801.0,673.0,4.365,25.5169,,10.1,,5685.0,4.417,True,exoplanets.org
Kepler-1320 b,0.001,0.001,0.004,0.15,0.012598,1846.0,1552.0,3.131,0.8684,1.0575,13.7,771.0,4817.0,4.6,True,exoplanets.org
Kepler-286 d,0.0,0.0,0.002,0.12,0.00789,1174.0,987.0,3.143,5.9143,2.655,14.1,,5580.0,4.495,True,exoplanets.org
Kepler-1321 b,0.0,0.001,0.014,0.44,0.08024,606.0,509.0,3.014,11.1283,2.7717,13.9,547.0,4094.0,4.73,True,exoplanets.org
Kepler-1321 c,0.0,0.001,0.01,0.21,0.018517,1036.0,871.0,3.001,2.2265,1.7225,13.9,547.0,4094.0,4.73,True,exoplanets.org
Kepler-1322 b,0.001,0.001,0.003,0.14,0.01201,2160.0,1816.0,3.157,0.9629,1.6247,14.1,1217.0,5488.0,4.52,True,exoplanets.org
Kepler-287 c,0.0,0.0,0.005,0.29,0.031811,680.0,572.0,2.969,44.8519,3.584,13.1,,5806.0,4.402,True,exoplanets.org
Kepler-1323 b,0.006,0.001,0.005,0.14,0.012426,2979.0,2505.0,3.221,0.9299,1.7428,11.1,530.0,6169.0,4.21,True,exoplanets.org
Kepler-1324 b,0.0,0.0,0.003,0.14,0.01213,1087.0,914.0,3.217,4.1158,1.385,12.8,522.0,4776.0,4.61,True,exoplanets.org
Kepler-1325 b,0.0,0.0,0.006,0.26,0.024536,678.0,570.0,2.971,33.8787,5.8111,13.5,955.0,5550.0,4.5,True,exoplanets.org
Kepler-132 b,0.0,0.001,0.008,0.11,0.00571,1454.0,1223.0,3.084,6.1782,3.264,10.4,,6003.0,4.31,True,exoplanets.org
Kepler-1326 b,0.0,0.001,0.008,0.37,0.057364,979.0,824.0,3.009,42.3514,7.6356,11.7,910.0,6725.0,4.12,True,exoplanets.org
Kepler-1327 b,0.0,0.0,0.005,0.16,0.013294,991.0,833.0,3.104,14.888,5.0621,12.4,688.0,5885.0,4.42,True,exoplanets.org
Kepler-1328 b,0.0,0.0,0.005,0.09,0.002665,1424.0,1197.0,2.941,4.5216,3.4897,12.3,630.0,5780.0,4.44,True,exoplanets.org
Kepler-288 d,0.0,0.0,0.004,0.24,0.021808,659.0,554.0,2.979,56.6337,6.039,13.6,,5918.0,4.353,True,exoplanets.org
Kepler-1329 b,0.0,0.0,0.005,0.19,0.016274,768.0,646.0,3.03,9.3365,2.2637,13.4,624.0,4500.0,4.62,True,exoplanets.org
Kepler-132 e,,,,0.1,0.005187,,,3.067,110.2869,4.4419,10.4,0.0,6003.0,4.31,True,exoplanets.org
Kepler-1330 b,0.0,0.0,0.003,0.15,0.012228,1035.0,870.0,3.147,10.1077,3.6571,13.3,939.0,5608.0,4.48,True,exoplanets.org
Kepler-290 c,0.0,0.0,0.006,0.24,0.022217,546.0,459.0,2.977,36.7703,4.278,13.4,,5147.0,4.622,True,exoplanets.org
Kepler-1331 b,0.001,0.001,0.006,0.09,0.003515,1753.0,1474.0,2.994,0.7892,0.9052,12.3,365.0,4508.0,4.63,True,exoplanets.org
Kepler-1332 b,0.0,0.0,0.003,0.12,0.008666,958.0,806.0,3.159,11.8746,1.9902,12.1,515.0,5581.0,4.51,True,exoplanets.org
Kepler-1333 b,0.0,0.0,0.004,0.25,0.02385,467.0,392.0,2.972,109.6472,6.2479,13.4,958.0,5628.0,4.49,True,exoplanets.org
Kepler-133 b,0.0,0.0,0.004,0.16,0.012981,1394.0,1172.0,3.116,8.13,2.071,11.3,,5736.0,4.186,True,exoplanets.org
Kepler-1334 b,0.0,0.0,0.004,0.2,0.017347,886.0,745.0,3.014,15.6459,4.0121,13.6,1047.0,5614.0,4.5,True,exoplanets.org
Kepler-1335 b,0.0,0.0,0.003,0.13,0.010441,979.0,823.0,3.192,6.2641,2.442,13.1,628.0,4903.0,4.6,True,exoplanets.org
Kepler-1336 b,0.0,0.0,0.005,0.18,0.014644,912.0,767.0,3.064,23.1987,9.7289,12.4,822.0,5512.0,4.18,True,exoplanets.org
Kepler-292 b,0.0,0.0,0.002,0.12,0.007691,1438.0,1209.0,3.138,2.5808,2.092,14.0,,5299.0,4.536,True,exoplanets.org
Kepler-1336 c,0.0,0.0,0.003,0.15,0.012674,1449.0,1218.0,3.128,5.7772,2.423,12.4,822.0,5512.0,4.18,True,exoplanets.org
Kepler-1337 b,0.0,0.0,0.005,0.21,0.018639,555.0,466.0,3.0,24.4003,2.875,13.3,588.0,4523.0,4.64,True,exoplanets.org
Kepler-1338 b,0.001,0.0,0.006,0.08,0.002158,2519.0,2118.0,2.901,0.9351,1.542,12.1,619.0,5909.0,4.41,True,exoplanets.org
Kepler-134 b,0.001,0.001,0.01,0.18,0.014772,1522.0,1280.0,3.061,5.3174,2.901,11.0,,5983.0,4.31,True,exoplanets.org
Kepler-1339 b,0.001,0.001,0.015,0.06,0.000853,2021.0,1699.0,2.726,1.3416,1.7009,10.6,267.0,5586.0,4.47,True,exoplanets.org
Kepler-1340 b,0.003,0.001,0.003,0.14,0.011584,3401.0,2860.0,3.178,0.665,1.7384,13.2,1421.0,6331.0,4.24,True,exoplanets.org
Kepler-1341 b,0.0,0.0,0.008,0.27,0.026737,330.0,278.0,2.968,132.9968,7.469,12.6,466.0,4662.0,4.62,True,exoplanets.org
Kepler-292 e,0.0,0.0,0.006,0.24,0.021808,862.0,725.0,2.979,11.979,4.094,14.0,,5299.0,4.536,True,exoplanets.org
Kepler-1342 b,0.001,0.001,0.003,0.15,0.012301,1667.0,1402.0,3.144,2.2157,1.8915,13.5,941.0,5527.0,4.51,True,exoplanets.org
Kepler-1343 b,0.0,0.0,0.003,0.17,0.014205,1533.0,1289.0,3.076,3.3518,1.9405,14.0,1307.0,5759.0,4.48,True,exoplanets.org
Kepler-1344 b,0.0,0.001,0.005,0.16,0.013536,1525.0,1282.0,3.096,4.7683,3.2517,12.6,851.0,5981.0,4.37,True,exoplanets.org
Kepler-293 c,0.0,0.0,0.005,0.34,0.046302,614.0,517.0,2.993,54.1557,4.608,13.7,,5804.0,4.504,True,exoplanets.org
Kepler-1345 b,0.0,0.0,0.004,0.21,0.018155,885.0,744.0,3.005,44.617,7.632,12.6,1164.0,6449.0,4.18,True,exoplanets.org
Kepler-1346 b,0.0,0.0,0.002,0.14,0.011796,1797.0,1511.0,3.167,3.4017,1.7944,13.1,1123.0,6133.0,4.33,True,exoplanets.org
Kepler-1347 b,0.0,0.0,0.006,0.09,0.003255,810.0,681.0,2.979,14.0095,3.4051,11.5,321.0,5193.0,4.57,True,exoplanets.org
Kepler-55 e,0.0,0.0,0.004,0.14,0.011604,871.0,733.0,3.177,4.6175,2.132,13.3,,4503.0,4.684,True,exoplanets.org
Kepler-1348 b,0.0,0.0,0.003,0.17,0.014292,812.0,683.0,3.073,27.5723,5.292,13.2,1033.0,5911.0,4.42,True,exoplanets.org
Kepler-1349 b,0.001,0.0,0.017,0.06,0.000806,2138.0,1798.0,2.716,2.1282,3.305,9.8,260.0,6086.0,4.29,True,exoplanets.org
Kepler-1350 b,0.0,0.001,0.011,0.23,0.019927,764.0,642.0,2.989,4.4969,1.7864,13.1,350.0,3827.0,4.74,True,exoplanets.org
Kepler-292 f,0.0,0.0,0.004,0.21,0.017996,717.0,603.0,3.006,20.8342,4.341,14.0,,5299.0,4.536,True,exoplanets.org
Kepler-1350 c,0.0,0.001,0.006,0.15,0.01275,1042.0,877.0,3.125,1.7668,1.3395,13.1,350.0,3827.0,4.74,True,exoplanets.org
Kepler-1351 b,0.0,0.0,0.013,0.06,0.000639,1626.0,1367.0,2.673,0.9161,1.1495,11.5,241.0,4439.0,4.64,True,exoplanets.org
Kepler-1352 b,0.001,0.0,0.006,0.08,0.001891,2149.0,1807.0,2.876,1.8779,2.327,11.9,637.0,6118.0,4.35,True,exoplanets.org
Kepler-135 b,0.001,0.001,0.007,0.16,0.013333,1549.0,1303.0,3.103,6.0025,3.952,11.5,,6090.0,4.271,True,exoplanets.org
Kepler-1353 b,0.0,0.0,0.004,0.16,0.013294,596.0,501.0,3.104,24.7544,3.5321,13.1,596.0,4776.0,4.61,True,exoplanets.org
Kepler-40 b,0.02,0.015,0.004,1.17,2.17684,1916.0,1611.0,3.597,6.8735,6.86,13.3,2700.0,6510.0,3.94,True,exoplanets.org
Kepler-79 d,0.0,0.002,0.118,0.65,0.0189,804.0,676.0,2.041,52.0906,8.632,12.6,,6189.0,4.223,True,exoplanets.org
Kepler-1354 b,0.0,0.0,0.006,0.27,0.026355,646.0,543.0,2.969,76.6134,9.762,12.9,1057.0,6168.0,4.31,True,exoplanets.org
Kepler-1355 b,0.001,0.001,0.003,0.13,0.010712,1874.0,1576.0,3.196,1.2896,1.4219,13.7,963.0,5352.0,4.55,True,exoplanets.org
Kepler-1356 b,0.002,0.001,0.003,0.14,0.012426,2222.0,1868.0,3.221,0.634,0.9237,13.7,881.0,5106.0,4.58,True,exoplanets.org
Kepler-292 c,0.0,0.0,0.002,0.13,0.011027,1273.0,1071.0,3.201,3.7153,2.32,14.0,,5299.0,4.536,True,exoplanets.org
Kepler-1357 b,0.0,0.0,0.003,0.11,0.006887,1524.0,1282.0,3.118,3.0091,2.269,13.6,1026.0,5597.0,4.5,True,exoplanets.org
Kepler-1358 b,0.0,0.0,0.004,0.1,0.004374,1016.0,854.0,3.035,7.0632,2.261,12.7,558.0,5181.0,4.57,True,exoplanets.org
Kepler-1359 b,0.0,0.0,0.006,0.25,0.02402,437.0,367.0,2.972,59.4971,5.6021,13.4,669.0,4709.0,4.62,True,exoplanets.org
Kepler-288 b,0.0,0.0,0.002,0.15,0.012374,1385.0,1165.0,3.14,6.0973,3.306,13.6,,5918.0,4.353,True,exoplanets.org
Kepler-1360 b,0.0,0.001,0.005,0.3,0.034793,1020.0,858.0,2.973,40.5286,10.5259,12.5,1405.0,6778.0,4.09,True,exoplanets.org
Kepler-1361 b,0.0,0.0,0.007,0.08,0.001727,1260.0,1059.0,2.858,3.5755,2.4631,12.0,404.0,5131.0,4.57,True,exoplanets.org
Kepler-1362 b,0.0,0.0,0.004,0.23,0.020897,345.0,290.0,2.983,136.2056,5.491,13.6,767.0,4857.0,4.6,True,exoplanets.org
Kepler-288 c,0.0,0.0,0.005,0.25,0.024407,943.0,793.0,2.971,19.3058,4.192,13.6,,5918.0,4.353,True,exoplanets.org
Kepler-1363 b,0.0,0.0,0.004,0.11,0.006482,1228.0,1033.0,3.107,2.9419,2.0333,13.0,559.0,4839.0,4.61,True,exoplanets.org
Kepler-1364 b,0.0,0.001,0.004,0.19,0.01607,1471.0,1237.0,3.034,13.322,6.2304,12.1,1149.0,6805.0,4.1,True,exoplanets.org
Kepler-1365 b,0.0,0.0,0.006,0.08,0.002158,1226.0,1031.0,2.901,7.6999,4.3896,11.9,541.0,5770.0,4.39,True,exoplanets.org
Kepler-293 b,0.0,0.0,0.006,0.27,0.028104,867.0,729.0,2.968,19.2542,4.533,13.7,,5804.0,4.504,True,exoplanets.org
Kepler-1365 c,0.0,0.0,0.007,0.07,0.001297,1438.0,1209.0,2.804,4.7747,3.809,11.9,541.0,5770.0,4.39,True,exoplanets.org
Kepler-1366 b,0.0,0.001,0.004,0.13,0.010175,1081.0,909.0,3.187,2.1646,1.3848,13.0,395.0,4070.0,4.68,True,exoplanets.org
Kepler-1367 b,0.0,0.0,0.007,0.08,0.002158,1212.0,1019.0,2.901,1.5741,1.5994,12.7,357.0,4106.0,4.68,True,exoplanets.org
Kepler-289 b,0.0,0.0,0.004,0.22,0.018861,804.0,676.0,2.998,34.5439,3.355,12.5,,5930.0,4.334,True,exoplanets.org
Kepler-1368 b,0.002,0.001,0.003,0.15,0.012228,2832.0,2381.0,3.147,0.6756,1.9035,14.4,1750.0,5906.0,4.4,True,exoplanets.org
Kepler-1369 b,0.0,0.0,0.005,0.24,0.022082,795.0,668.0,2.978,25.8731,5.4509,13.8,1236.0,5761.0,4.45,True,exoplanets.org
Kepler-136 b,0.0,0.001,0.008,0.18,0.015183,1299.0,1092.0,3.051,11.5789,2.855,10.5,,6165.0,4.244,True,exoplanets.org
Kepler-136 c,0.0,0.001,0.008,0.18,0.014692,1157.0,973.0,3.063,16.3992,3.502,10.5,,6165.0,4.244,True,exoplanets.org
Kepler-1370 b,0.0,0.0,0.003,0.16,0.013536,1028.0,864.0,3.096,20.2642,4.285,12.3,878.0,6202.0,4.29,True,exoplanets.org
Kepler-1370 c,0.0,0.0,0.003,0.11,0.006682,1435.0,1207.0,3.113,7.4414,4.7309,12.3,878.0,6202.0,4.29,True,exoplanets.org
Kepler-1371 b,0.0,0.0,0.007,0.07,0.000951,1355.0,1139.0,2.747,3.4462,2.0009,12.1,450.0,5361.0,4.55,True,exoplanets.org
Kepler-137 b,0.0,0.001,0.007,0.13,0.011027,934.0,786.0,3.201,8.4364,3.217,11.2,,5187.0,4.553,True,exoplanets.org
Kepler-1371 c,0.0,0.0,0.008,0.06,0.000602,1623.0,1365.0,2.662,2.0054,1.7981,12.1,450.0,5361.0,4.55,True,exoplanets.org
Kepler-1372 b,0.001,0.0,0.003,0.11,0.006682,2098.0,1765.0,3.113,1.3116,2.0249,13.7,1161.0,5677.0,4.46,True,exoplanets.org
Kepler-1373 b,0.001,0.0,0.003,0.1,0.004851,2642.0,2222.0,3.054,1.2912,1.8761,12.8,1112.0,6299.0,4.27,True,exoplanets.org
Kepler-289 c,0.0,0.001,0.013,1.16,1.0,522.0,439.0,3.263,125.8664,9.001,12.5,,5930.0,4.334,True,exoplanets.org
Kepler-1374 b,0.0,0.0,0.004,0.2,0.017347,916.0,770.0,3.014,10.6528,2.711,14.1,1135.0,5323.0,4.56,True,exoplanets.org
Kepler-1375 b,0.001,0.001,0.003,0.15,0.012826,2307.0,1940.0,3.122,3.3004,4.4981,12.4,1238.0,6704.0,4.11,True,exoplanets.org
Kepler-1376 b,0.0,0.0,0.003,0.09,0.003515,1313.0,1104.0,2.994,5.3088,3.018,13.1,864.0,5659.0,4.46,True,exoplanets.org
Kepler-292 d,0.0,0.0,0.004,0.2,0.016793,1028.0,865.0,3.022,7.0557,3.145,14.0,,5299.0,4.536,True,exoplanets.org
Kepler-1377 b,0.001,0.0,0.003,0.11,0.006482,2192.0,1844.0,3.107,0.7409,1.1202,14.0,1019.0,5218.0,4.55,True,exoplanets.org
Kepler-1378 b,0.0,0.0,0.005,0.2,0.016481,686.0,576.0,3.027,11.954,2.6441,13.3,562.0,4407.0,4.63,True,exoplanets.org
Kepler-1379 b,0.001,0.001,0.003,0.12,0.007307,2031.0,1708.0,3.129,0.8818,1.3051,13.8,951.0,5188.0,4.57,True,exoplanets.org
Kepler-284 c,0.0,0.0,0.004,0.23,0.021019,620.0,521.0,2.983,37.5145,5.352,14.1,,5615.0,4.58,True,exoplanets.org
Kepler-1380 b,0.0,0.0,0.002,0.13,0.010175,1023.0,860.0,3.187,10.3108,5.6431,13.9,1209.0,5570.0,4.48,True,exoplanets.org
Kepler-1381 b,0.0,0.0,0.003,0.2,0.017015,782.0,657.0,3.019,25.3843,3.6379,14.0,1306.0,5747.0,4.48,True,exoplanets.org
Kepler-1382 b,0.0,0.001,0.005,0.17,0.013866,1238.0,1041.0,3.086,16.3583,9.5731,11.4,730.0,6161.0,4.1,True,exoplanets.org
Kepler-285 b,0.0,0.0,0.003,0.12,0.008093,1442.0,1213.0,3.147,2.6339,2.061,13.3,,5411.0,4.584,True,exoplanets.org
Kepler-1383 b,0.0,0.0,0.002,0.13,0.009655,1252.0,1053.0,3.178,13.9094,6.6319,12.3,961.0,6370.0,4.23,True,exoplanets.org
Kepler-1384 b,0.0,0.0,0.005,0.17,0.014292,726.0,611.0,3.073,15.3626,3.6571,13.1,618.0,4919.0,4.6,True,exoplanets.org
Kepler-1385 b,0.0,0.0,0.006,0.08,0.001648,1829.0,1538.0,2.85,2.8888,2.981,11.4,527.0,5732.0,4.27,True,exoplanets.org
Kepler-291 b,0.0,0.001,0.003,0.19,0.016141,1624.0,1366.0,3.032,3.5465,2.266,14.2,,6002.0,4.472,True,exoplanets.org
Kepler-1386 b,0.0,0.0,0.003,0.11,0.006285,1257.0,1057.0,3.102,6.7397,4.1059,12.9,838.0,5733.0,4.41,True,exoplanets.org
Kepler-1387 b,0.0,0.0,0.005,0.08,0.002254,1424.0,1197.0,2.909,2.2795,1.5919,12.5,491.0,5046.0,4.58,True,exoplanets.org
Kepler-1388 b,0.0,0.0,0.008,0.23,0.020755,613.0,516.0,2.984,12.2855,3.037,13.3,492.0,4098.0,4.67,True,exoplanets.org
Kepler-286 b,0.0,0.0,0.002,0.11,0.006213,1746.0,1468.0,3.1,1.7963,1.974,14.1,,5580.0,4.495,True,exoplanets.org
Kepler-1388 c,0.0,0.001,0.007,0.2,0.017125,800.0,673.0,3.017,5.5361,2.1817,13.3,492.0,4098.0,4.67,True,exoplanets.org
Kepler-1388 d,0.0,0.0,0.008,0.26,0.024536,513.0,432.0,2.971,20.9568,3.558,13.3,492.0,4098.0,4.67,True,exoplanets.org
Kepler-1388 e,0.0,0.0,0.006,0.22,0.019141,422.0,355.0,2.995,37.6327,4.547,13.3,492.0,4098.0,4.67,True,exoplanets.org
Kepler-286 c,0.0,0.0,0.002,0.12,0.008719,1402.0,1179.0,3.16,3.4681,2.305,14.1,,5580.0,4.495,True,exoplanets.org
Kepler-1389 b,0.0,0.0,0.003,0.16,0.013058,400.0,336.0,3.113,99.2531,6.006,12.7,521.0,5078.0,4.61,True,exoplanets.org
Kepler-138 b,0.0,0.0,0.052,0.05,0.00021,536.0,450.0,2.372,10.3124,1.92,9.5,,3841.0,4.886,True,exoplanets.org
Kepler-1390 b,0.0,0.0,0.003,0.1,0.005187,1255.0,1055.0,3.067,6.4802,3.211,12.8,760.0,5753.0,4.45,True,exoplanets.org
Kepler-291 c,0.0,0.0,0.002,0.17,0.013842,1387.0,1166.0,3.086,5.7008,1.647,14.2,,6002.0,4.472,True,exoplanets.org
Kepler-1391 b,0.0,0.0,0.003,0.15,0.012449,659.0,554.0,3.137,54.4092,9.511,12.4,721.0,5840.0,4.36,True,exoplanets.org
Kepler-1392 b,0.0,0.0,0.003,0.17,0.014466,854.0,718.0,3.068,15.141,4.2761,13.9,1117.0,5479.0,4.53,True,exoplanets.org
Kepler-1393 b,0.0,0.0,0.007,0.07,0.001297,1675.0,1409.0,2.804,2.4436,1.8221,11.8,462.0,5697.0,4.5,True,exoplanets.org
Kepler-278 c,0.0,0.001,0.009,0.32,0.039535,944.0,793.0,2.98,51.0788,11.315,9.5,,4991.0,3.616,True,exoplanets.org
Kepler-1394 b,0.001,0.0,0.003,0.12,0.009152,2471.0,2078.0,3.169,3.9377,4.9159,10.7,820.0,6481.0,3.84,True,exoplanets.org
Kepler-1395 b,0.0,0.0,0.007,0.07,0.001297,1742.0,1465.0,2.804,3.7847,3.108,11.3,507.0,6138.0,4.33,True,exoplanets.org
Kepler-1396 b,0.0,0.0,0.003,0.18,0.015383,1057.0,889.0,3.047,18.2206,5.3129,13.2,1236.0,6195.0,4.3,True,exoplanets.org
Kepler-279 b,0.001,0.001,0.007,0.32,0.040325,1491.0,1254.0,2.982,12.3097,5.868,12.5,,6363.0,4.051,True,exoplanets.org
Kepler-1397 b,0.0,0.0,0.004,0.15,0.012674,711.0,598.0,3.128,47.45,10.747,12.5,770.0,6026.0,4.37,True,exoplanets.org
Kepler-1398 b,0.0,0.0,0.005,0.08,0.001977,1897.0,1595.0,2.884,2.7882,3.3259,12.4,793.0,6126.0,4.34,True,exoplanets.org
Kepler-1398 c,0.0,0.0,0.004,0.09,0.003255,1663.0,1398.0,2.979,4.1383,3.449,12.4,793.0,6126.0,4.34,True,exoplanets.org
Kepler-286 e,0.0,0.0,0.002,0.16,0.013051,689.0,579.0,3.113,29.2213,3.93,14.1,,5580.0,4.495,True,exoplanets.org
Kepler-1399 b,0.001,0.0,0.002,0.11,0.006482,1961.0,1649.0,3.107,1.6387,1.9481,13.9,1256.0,5735.0,4.47,True,exoplanets.org
Kepler-139 b,0.0,0.001,0.013,0.26,0.025847,1041.0,876.0,2.969,15.771,5.068,11.2,,5594.0,4.247,True,exoplanets.org
Kepler-139 c,0.0,0.0,0.009,0.3,0.034421,484.0,407.0,2.972,157.0729,8.517,11.2,,5594.0,4.247,True,exoplanets.org
Kepler-140 b,0.001,0.001,0.005,0.14,0.011984,1906.0,1602.0,3.158,3.2543,2.978,11.7,,6077.0,4.272,True,exoplanets.org
Kepler-140 c,0.0,0.0,0.003,0.16,0.013261,627.0,527.0,3.105,91.3533,7.919,11.7,,6077.0,4.272,True,exoplanets.org
Kepler-1400 b,0.0,0.0,0.003,0.14,0.012082,902.0,759.0,3.154,9.0669,2.957,13.8,879.0,5044.0,4.58,True,exoplanets.org
Kepler-1401 b,0.0,0.0,0.002,0.15,0.012449,1132.0,952.0,3.137,11.2007,3.786,13.5,1242.0,5964.0,4.39,True,exoplanets.org
Kepler-1402 b,0.0,0.0,0.007,0.07,0.001114,1661.0,1397.0,2.776,2.0339,3.2009,12.9,681.0,5416.0,4.53,True,exoplanets.org
Kepler-281 c,0.0,0.001,0.009,0.47,0.093865,671.0,564.0,3.016,36.3374,6.809,14.0,,5723.0,4.531,True,exoplanets.org
Kepler-1403 b,0.0,0.0,0.003,0.19,0.01597,1510.0,1270.0,3.035,5.1949,3.1481,14.2,1801.0,6060.0,4.36,True,exoplanets.org
Kepler-1404 b,0.0,0.0,0.003,0.18,0.014824,788.0,663.0,3.059,15.9315,2.7096,13.8,946.0,5261.0,4.56,True,exoplanets.org
Kepler-1405 b,0.0,0.0,0.005,0.35,0.050305,818.0,687.0,3.0,28.2274,5.6479,14.2,1605.0,5925.0,4.4,True,exoplanets.org
Kepler-282 b,0.0,0.0,0.003,0.09,0.003022,1040.0,875.0,2.965,9.2205,4.847,13.7,,5602.0,4.459,True,exoplanets.org
Kepler-1406 b,0.0,0.0,0.003,0.1,0.004074,1118.0,940.0,3.022,11.6291,2.8459,11.9,587.0,5892.0,4.36,True,exoplanets.org
Kepler-1407 b,0.0,0.0,0.004,0.2,0.017015,956.0,804.0,3.019,20.0712,6.137,13.5,1275.0,6010.0,4.36,True,exoplanets.org
Kepler-1408 b,0.001,0.001,0.01,0.08,0.001891,1972.0,1658.0,2.876,2.9979,4.392,10.7,426.0,6170.0,4.25,True,exoplanets.org
Kepler-287 b,0.0,0.0,0.003,0.21,0.017787,885.0,744.0,3.009,20.3422,2.257,13.1,,5806.0,4.402,True,exoplanets.org
Kepler-1409 b,0.001,0.0,0.004,0.09,0.003383,2118.0,1781.0,2.987,0.7649,1.1779,13.2,722.0,5160.0,4.57,True,exoplanets.org
Kepler-1410 b,0.0,0.0,0.004,0.16,0.013136,356.0,300.0,3.11,60.8662,4.4208,12.8,367.0,4092.0,4.67,True,exoplanets.org
Kepler-1411 b,0.0,0.0,0.003,0.25,0.02402,508.0,427.0,2.972,86.1151,6.1296,14.2,1431.0,5664.0,4.49,True,exoplanets.org
Kepler-273 b,0.0,0.0,0.003,0.13,0.011786,1452.0,1221.0,3.213,2.9365,1.704,13.2,,5626.0,4.514,True,exoplanets.org
Kepler-1412 b,0.0,0.0,0.005,0.07,0.0015,1751.0,1472.0,2.832,3.6146,3.1879,11.8,639.0,5880.0,4.25,True,exoplanets.org
Kepler-1413 b,0.0,0.0,0.002,0.16,0.013374,829.0,697.0,3.101,13.183,3.636,14.2,1162.0,5196.0,4.57,True,exoplanets.org
Kepler-1414 b,0.0,0.0,0.003,0.11,0.006093,1198.0,1008.0,3.096,3.5158,1.3639,12.7,534.0,4951.0,4.59,True,exoplanets.org
Kepler-141 b,0.0,0.0,0.01,0.06,0.000786,1222.0,1028.0,2.711,3.1077,2.218,11.4,,4910.0,4.566,True,exoplanets.org
Kepler-1415 b,0.001,0.0,0.003,0.12,0.007095,2343.0,1970.0,3.124,0.6364,1.0604,14.0,1066.0,5267.0,4.54,True,exoplanets.org
Kepler-1416 b,0.001,0.0,0.005,0.08,0.001891,2278.0,1916.0,2.876,1.4951,3.1104,12.5,807.0,6019.0,4.35,True,exoplanets.org
Kepler-1417 b,0.0,0.0,0.004,0.09,0.002891,881.0,741.0,2.956,20.3505,7.3159,12.3,656.0,5839.0,4.43,True,exoplanets.org
Kepler-273 c,0.0,0.0,0.005,0.18,0.014612,1039.0,874.0,3.065,8.0149,3.379,13.2,,5626.0,4.514,True,exoplanets.org
Kepler-1418 b,0.0,0.0,0.004,0.15,0.012301,613.0,516.0,3.144,22.4764,3.5592,12.8,499.0,4770.0,4.61,True,exoplanets.org
Kepler-1419 b,0.0,0.0,0.004,0.26,0.024536,682.0,574.0,2.971,42.5216,5.7979,14.1,1444.0,5796.0,4.43,True,exoplanets.org
Kepler-1420 b,0.0,0.0,0.002,0.11,0.006887,1035.0,870.0,3.118,6.6996,2.7041,13.8,923.0,5187.0,4.57,True,exoplanets.org
Kepler-270 c,0.0,0.0,0.002,0.16,0.013051,1023.0,860.0,3.113,25.2629,3.698,12.6,,6067.0,4.196,True,exoplanets.org
Kepler-1421 b,0.0,0.0,0.005,0.08,0.002254,1563.0,1315.0,2.909,6.9131,4.7681,11.6,675.0,6335.0,4.23,True,exoplanets.org
Kepler-1422 b,0.0,0.0,0.002,0.18,0.014916,1037.0,872.0,3.057,18.6052,7.1808,14.4,2081.0,6194.0,4.32,True,exoplanets.org
Kepler-1423 b,0.0,0.0,0.003,0.1,0.003649,632.0,531.0,3.001,23.9554,3.185,12.4,449.0,4939.0,4.59,True,exoplanets.org
Kepler-271 b,0.0,0.0,0.008,0.08,0.001925,1223.0,1029.0,2.879,5.2177,3.387,11.7,,5524.0,4.493,True,exoplanets.org
Kepler-1424 b,0.0,0.0,0.003,0.1,0.004851,797.0,670.0,3.054,29.6092,5.471,12.1,620.0,5838.0,4.39,True,exoplanets.org
Kepler-1425 b,0.0,0.0,0.006,0.08,0.002352,942.0,792.0,2.917,14.4541,7.0949,11.9,499.0,5718.0,4.47,True,exoplanets.org
Kepler-1426 b,0.0,0.0,0.002,0.14,0.011654,991.0,833.0,3.175,14.2563,4.3891,13.6,1211.0,5831.0,4.43,True,exoplanets.org
Kepler-283 b,0.0,0.0,0.006,0.19,0.015872,603.0,507.0,3.037,11.0082,2.087,13.1,,4351.0,4.721,True,exoplanets.org
Kepler-1427 b,0.001,0.0,0.003,0.1,0.004074,2405.0,2022.0,3.022,0.969,1.6219,13.7,1220.0,5793.0,4.44,True,exoplanets.org
Kepler-1428 b,0.0,0.0,0.003,0.15,0.012155,1287.0,1082.0,3.15,10.6761,4.549,12.1,802.0,6184.0,4.28,True,exoplanets.org
Kepler-1429 b,0.0,0.0,0.002,0.12,0.007095,1504.0,1264.0,3.124,4.4849,2.58,13.4,1156.0,5902.0,4.4,True,exoplanets.org
Kepler-142 b,0.003,0.002,0.008,0.18,0.014692,2111.0,1775.0,3.063,2.0242,2.489,11.8,,5790.0,4.262,True,exoplanets.org
Kepler-1430 b,0.0,0.0,0.005,0.1,0.005187,1289.0,1084.0,3.067,2.4605,2.003,12.9,541.0,4796.0,4.62,True,exoplanets.org
Kepler-1431 b,0.0,0.0,0.002,0.13,0.010987,1331.0,1119.0,3.201,5.866,3.978,13.8,1270.0,5806.0,4.42,True,exoplanets.org
Kepler-1432 b,0.0,0.0,0.003,0.2,0.016692,898.0,755.0,3.023,23.9109,5.0549,14.0,1552.0,6031.0,4.37,True,exoplanets.org
Kepler-144 b,0.0,0.001,0.004,0.12,0.00789,1531.0,1287.0,3.143,5.8853,1.873,10.8,,6075.0,4.289,True,exoplanets.org
Kepler-1433 b,0.0,0.0,0.002,0.14,0.011654,1660.0,1396.0,3.175,4.1359,2.789,13.5,1328.0,6097.0,4.34,True,exoplanets.org
Kepler-1434 b,0.0,0.0,0.003,0.1,0.004222,1721.0,1447.0,3.028,8.0533,5.2771,10.8,680.0,6291.0,3.98,True,exoplanets.org
Kepler-1435 b,0.0,0.0,0.005,0.08,0.001727,1761.0,1480.0,2.858,4.4534,3.7961,11.7,681.0,6356.0,4.28,True,exoplanets.org
Kepler-143 b,0.0,0.0,0.003,0.22,0.01864,1108.0,931.0,3.0,16.0076,1.133,12.2,,5848.0,4.202,True,exoplanets.org
Kepler-1436 b,0.0,0.0,0.003,0.12,0.007523,1185.0,997.0,3.134,9.7057,6.9221,13.4,1142.0,5972.0,4.39,True,exoplanets.org
Kepler-1437 b,0.0,0.0,0.002,0.12,0.008666,984.0,828.0,3.159,10.9295,6.0619,13.9,1182.0,5557.0,4.51,True,exoplanets.org
Kepler-1438 b,0.0,0.0,0.003,0.08,0.002352,1685.0,1416.0,2.917,2.3194,1.6121,13.1,866.0,5530.0,4.46,True,exoplanets.org
Kepler-272 b,0.0,0.001,0.004,0.13,0.010063,1454.0,1223.0,3.185,2.9714,2.648,12.7,,5297.0,4.426,True,exoplanets.org
Kepler-1439 b,0.0,0.0,0.006,0.13,0.010712,545.0,458.0,3.196,8.0739,2.2169,12.7,215.0,3578.0,4.83,True,exoplanets.org
Kepler-1440 b,0.0,0.0,0.003,0.11,0.006482,671.0,565.0,3.107,39.8595,8.0592,12.6,685.0,5698.0,4.46,True,exoplanets.org
Kepler-1441 b,0.0,0.0,0.003,0.12,0.007523,698.0,587.0,3.134,39.442,7.285,12.7,751.0,5802.0,4.45,True,exoplanets.org
Kepler-272 c,0.0,0.001,0.005,0.16,0.013191,1147.0,964.0,3.108,6.0573,3.695,12.7,,5297.0,4.426,True,exoplanets.org
Kepler-1442 b,0.0,0.001,0.014,0.35,0.049575,690.0,581.0,2.999,81.4163,12.1444,11.0,525.0,6394.0,4.25,True,exoplanets.org
Kepler-1443 b,0.001,0.0,0.007,0.09,0.002665,2100.0,1766.0,2.941,2.4181,2.1941,11.0,475.0,6289.0,4.3,True,exoplanets.org
Kepler-1444 b,0.0,0.0,0.011,0.19,0.016274,753.0,633.0,3.03,33.4204,5.0911,10.8,340.0,5810.0,4.4,True,exoplanets.org
Kepler-274 c,0.0,0.0,0.002,0.16,0.013548,770.0,647.0,3.096,33.1979,4.544,13.5,,6023.0,4.44,True,exoplanets.org
Kepler-1445 b,0.0,0.0,0.006,0.09,0.002558,1261.0,1060.0,2.933,10.6005,4.4839,11.1,482.0,6150.0,4.28,True,exoplanets.org
Kepler-1446 b,0.002,0.001,0.022,0.07,0.00143,2022.0,1700.0,2.823,0.69,1.2135,10.2,162.0,4865.0,4.6,True,exoplanets.org
Kepler-1447 b,0.0,0.0,0.006,0.26,0.025245,598.0,502.0,2.97,56.6747,5.4221,13.1,871.0,5722.0,4.47,True,exoplanets.org
Kepler-275 b,0.0,0.0,0.003,0.21,0.017891,1364.0,1147.0,3.008,10.3007,4.967,14.0,,6165.0,4.229,True,exoplanets.org
Kepler-1448 b,0.0,0.0,0.003,0.14,0.01201,997.0,838.0,3.157,12.2707,3.1061,12.9,786.0,5774.0,4.49,True,exoplanets.org
Kepler-1449 b,0.0,0.0,0.002,0.15,0.012449,1072.0,901.0,3.137,13.2275,6.1039,13.6,1321.0,5979.0,4.39,True,exoplanets.org
Kepler-1450 b,0.0,0.0,0.003,0.15,0.012674,427.0,359.0,3.128,54.5094,4.2221,12.9,490.0,4524.0,4.63,True,exoplanets.org
Kepler-266 c,0.0,0.0,0.005,0.35,0.048158,513.0,432.0,2.996,107.7236,8.08,13.8,,5885.0,4.453,True,exoplanets.org
Kepler-1451 b,0.0,0.0,0.005,0.3,0.033781,716.0,602.0,2.972,35.6222,5.1461,13.7,1159.0,5782.0,4.45,True,exoplanets.org
Kepler-1452 b,0.0,0.0,0.003,0.24,0.022236,967.0,813.0,2.977,42.9138,5.1211,11.6,974.0,6101.0,3.95,True,exoplanets.org
Kepler-1453 b,0.0,0.0,0.003,0.24,0.021778,626.0,526.0,2.979,47.1612,4.0589,14.0,1284.0,5665.0,4.48,True,exoplanets.org
Kepler-146 b,0.0,0.001,0.008,0.33,0.042789,851.0,715.0,2.986,31.1588,5.189,12.5,,5948.0,4.312,True,exoplanets.org
Kepler-1454 b,0.0,0.0,0.003,0.17,0.013866,583.0,490.0,3.086,47.0319,5.9059,13.2,795.0,5448.0,4.53,True,exoplanets.org
Kepler-1455 b,0.0,0.0,0.005,0.19,0.016172,382.0,321.0,3.032,49.2768,3.696,12.9,392.0,4075.0,4.68,True,exoplanets.org
Kepler-1456 b,0.0,0.0,0.004,0.1,0.004689,559.0,470.0,3.048,18.1374,3.5496,12.7,379.0,4231.0,4.67,True,exoplanets.org
Kepler-267 c,0.0,0.0,0.008,0.19,0.015872,683.0,574.0,3.037,6.8774,1.35,12.5,,4258.0,4.729,True,exoplanets.org
Kepler-1457 b,0.0,0.0,0.005,0.18,0.014734,649.0,546.0,3.062,51.111,7.987,12.5,728.0,5866.0,4.43,True,exoplanets.org
Kepler-1458 b,0.0,0.0,0.007,0.25,0.023026,622.0,523.0,2.975,47.9873,4.7561,12.5,642.0,5653.0,4.48,True,exoplanets.org
Kepler-1459 b,0.0,0.0,0.003,0.12,0.008429,446.0,375.0,3.154,62.8692,5.778,12.4,435.0,4828.0,4.61,True,exoplanets.org
Kepler-267 d,0.0,0.0,0.008,0.2,0.017182,425.0,358.0,3.016,28.4645,2.742,12.5,,4258.0,4.729,True,exoplanets.org
Kepler-1460 b,0.0,0.0,0.003,0.17,0.014466,506.0,426.0,3.068,29.9633,2.6321,13.4,574.0,4422.0,4.64,True,exoplanets.org
Kepler-1461 b,0.0,0.0,0.004,0.18,0.015008,584.0,491.0,3.055,29.3495,4.207,13.5,752.0,4919.0,4.6,True,exoplanets.org
Kepler-1462 b,0.0,0.0,0.005,0.34,0.046067,584.0,491.0,2.992,65.6488,7.4309,14.1,1368.0,5756.0,4.45,True,exoplanets.org
Kepler-283 c,0.0,0.0,0.004,0.16,0.013404,296.0,249.0,3.1,92.7437,6.279,13.1,,4351.0,4.721,True,exoplanets.org
Kepler-1463 b,0.0,0.0,0.002,0.17,0.013699,779.0,655.0,3.091,25.1586,5.1792,14.0,1341.0,5679.0,4.47,True,exoplanets.org
Kepler-1464 b,0.0,0.0,0.004,0.15,0.012301,755.0,635.0,3.144,31.7786,8.0561,12.5,692.0,5828.0,4.44,True,exoplanets.org
Kepler-1464 c,0.0,0.0,0.005,0.09,0.002891,1369.0,1151.0,2.956,5.3279,4.6781,12.5,692.0,5828.0,4.44,True,exoplanets.org
Kepler-268 c,0.0,0.0,0.006,0.3,0.034421,643.0,541.0,2.972,83.4464,7.219,12.4,,6081.0,4.287,True,exoplanets.org
Kepler-1465 b,0.0,0.0,0.004,0.16,0.013058,540.0,454.0,3.113,31.8277,1.584,12.0,350.0,4726.0,4.62,True,exoplanets.org
Kepler-1466 b,0.0,0.0,0.002,0.14,0.011584,772.0,649.0,3.178,31.175,3.9679,12.4,686.0,5884.0,4.43,True,exoplanets.org
Kepler-1467 b,0.0,0.0,0.006,0.29,0.032559,562.0,472.0,2.97,47.0569,5.2722,13.6,890.0,5332.0,4.55,True,exoplanets.org
Kepler-269 b,0.0,0.001,0.005,0.22,0.019315,1342.0,1129.0,2.994,5.3267,3.387,14.0,,5847.0,4.5,True,exoplanets.org
Kepler-1468 b,0.0,0.0,0.003,0.15,0.01275,1216.0,1023.0,3.125,8.2398,5.617,13.5,1130.0,5893.0,4.42,True,exoplanets.org
Kepler-1468 c,0.0,0.0,0.003,0.1,0.004851,1611.0,1355.0,3.054,3.5455,4.1688,13.5,1130.0,5893.0,4.42,True,exoplanets.org
Kepler-1469 b,0.0,0.0,0.004,0.25,0.023683,771.0,649.0,2.973,21.8635,3.582,14.1,1255.0,5507.0,4.51,True,exoplanets.org
Kepler-261 b,0.0,0.001,0.011,0.19,0.016324,853.0,717.0,3.029,10.3812,2.759,11.6,,5098.0,4.561,True,exoplanets.org
Kepler-1470 b,0.0,0.0,0.003,0.1,0.003649,725.0,610.0,3.001,16.2951,3.6439,12.9,569.0,4961.0,4.59,True,exoplanets.org
Kepler-1471 b,0.0,0.0,0.002,0.13,0.009655,1465.0,1232.0,3.178,3.639,2.213,13.6,1059.0,5660.0,4.48,True,exoplanets.org
Kepler-1472 b,0.0,0.0,0.002,0.17,0.014034,817.0,687.0,3.08,38.1313,6.3449,13.3,1269.0,6159.0,4.31,True,exoplanets.org
Kepler-265 c,0.0,0.0,0.004,0.23,0.021278,975.0,820.0,2.981,17.0289,4.732,13.9,,5835.0,4.326,True,exoplanets.org
Kepler-1473 b,0.0,0.0,0.003,0.11,0.005361,1047.0,880.0,3.073,14.4274,3.8904,12.0,625.0,6046.0,4.4,True,exoplanets.org
Kepler-1474 b,0.0,0.0,0.003,0.19,0.016172,735.0,618.0,3.032,36.4333,4.213,13.6,1214.0,5870.0,4.42,True,exoplanets.org
Kepler-1475 b,0.0,0.0,0.003,0.26,0.025609,644.0,542.0,2.969,82.1774,9.1649,13.9,1714.0,6214.0,4.29,True,exoplanets.org
Kepler-253 d,0.0,0.0,0.008,0.28,0.029992,720.0,605.0,2.968,18.1199,4.29,13.5,,5208.0,4.595,True,exoplanets.org
Kepler-1476 b,0.0,0.0,0.002,0.15,0.012375,1046.0,879.0,3.14,10.3586,2.574,13.8,1218.0,5663.0,4.47,True,exoplanets.org
Kepler-1477 b,0.0,0.0,0.003,0.1,0.005187,845.0,710.0,3.067,11.5553,2.7989,12.6,525.0,5100.0,4.58,True,exoplanets.org
Kepler-1478 b,0.0,0.0,0.002,0.15,0.01275,834.0,701.0,3.125,26.0841,6.725,13.9,1405.0,5904.0,4.41,True,exoplanets.org
Kepler-147 b,0.0,0.0,0.002,0.14,0.012575,1281.0,1077.0,3.223,12.6106,4.448,12.4,,6012.0,4.182,True,exoplanets.org
Kepler-1479 b,0.0,0.0,0.004,0.16,0.013455,964.0,811.0,3.099,14.5326,2.4079,12.3,619.0,5796.0,4.45,True,exoplanets.org
Kepler-411 c,0.0,0.005,0.042,0.29,0.032084,940.0,791.0,2.97,7.8344,2.7856,10.1,0.0,4974.0,4.54,True,exoplanets.org
Kepler-412 b,0.069,0.032,0.018,1.32,0.940391,2172.0,1826.0,3.125,1.7209,2.077,13.8,1056.0,5750.0,4.3,True,exoplanets.org
Kepler-80 d,0.0,0.001,0.008,0.16,0.012844,1037.0,872.0,3.121,3.0722,1.989,12.3,,4613.0,4.69,True,exoplanets.org
Kepler-1480 b,0.0,0.0,0.004,0.15,0.012375,695.0,585.0,3.14,22.1268,3.6859,12.6,540.0,5156.0,4.56,True,exoplanets.org
Kepler-1481 b,0.0,0.0,0.004,0.11,0.006093,997.0,839.0,3.096,5.9422,2.2737,12.6,493.0,4908.0,4.6,True,exoplanets.org
Kepler-1482 b,0.0,0.0,0.004,0.09,0.003009,895.0,752.0,2.964,12.2538,2.213,12.0,442.0,5381.0,4.54,True,exoplanets.org
Kepler-148 b,0.001,0.001,0.004,0.16,0.013261,1659.0,1395.0,3.105,1.7294,1.757,13.4,,5272.0,4.546,True,exoplanets.org
Kepler-1483 b,0.0,0.0,0.002,0.14,0.012426,1396.0,1174.0,3.221,9.5085,4.381,13.1,1327.0,6337.0,4.24,True,exoplanets.org
Kepler-1484 b,0.0,0.0,0.004,0.19,0.015673,728.0,612.0,3.041,30.4549,6.143,13.6,1095.0,5730.0,4.49,True,exoplanets.org
Kepler-1485 b,0.0,0.0,0.004,0.13,0.010987,956.0,804.0,3.201,19.9158,6.1541,11.7,550.0,6087.0,4.39,True,exoplanets.org
Kepler-263 b,0.0,0.0,0.007,0.24,0.021808,749.0,630.0,2.979,16.5681,4.143,13.6,,5265.0,4.576,True,exoplanets.org
Kepler-1486 b,0.0,0.0,0.003,0.21,0.017687,672.0,565.0,3.01,54.6496,8.405,13.9,1465.0,5965.0,4.38,True,exoplanets.org
Kepler-1487 b,0.001,0.001,0.005,0.19,0.01587,1669.0,1403.0,3.037,7.3195,4.8391,12.3,1094.0,6541.0,4.16,True,exoplanets.org
Kepler-1488 b,0.0,0.0,0.005,0.17,0.013699,792.0,666.0,3.091,39.819,10.7981,11.6,618.0,5820.0,4.22,True,exoplanets.org
Kepler-254 d,0.0,0.0,0.004,0.22,0.019665,876.0,737.0,2.991,18.7465,3.961,14.3,,5957.0,4.524,True,exoplanets.org
Kepler-1489 b,0.0,0.0,0.003,0.16,0.013058,511.0,430.0,3.113,82.2948,7.009,13.2,870.0,5655.0,4.51,True,exoplanets.org
Kepler-148 d,,,,0.77,0.428344,,,3.249,51.8469,4.7788,13.4,0.0,5272.0,4.55,True,exoplanets.org
Kepler-1490 b,0.0,0.0,0.005,0.27,0.027521,474.0,399.0,2.968,92.4363,5.7089,13.6,968.0,5515.0,4.52,True,exoplanets.org
Kepler-275 d,0.0,0.0,0.004,0.3,0.033307,902.0,758.0,2.971,35.6761,7.634,14.0,,6165.0,4.229,True,exoplanets.org
Kepler-1491 b,0.0,0.0,0.002,0.14,0.01213,915.0,769.0,3.217,16.5862,6.899,13.9,1312.0,5728.0,4.45,True,exoplanets.org
Kepler-1492 b,0.0,0.0,0.004,0.13,0.011549,668.0,562.0,3.209,16.7526,3.1841,12.2,371.0,4712.0,4.62,True,exoplanets.org
Kepler-1493 b,0.0,0.0,0.003,0.13,0.009655,1094.0,920.0,3.178,15.0218,4.5571,11.5,572.0,5863.0,4.24,True,exoplanets.org
Kepler-257 c,0.001,0.003,0.011,0.48,0.097543,1153.0,969.0,3.016,6.5815,3.289,13.4,,5180.0,4.36,True,exoplanets.org
Kepler-1494 b,0.0,0.0,0.006,0.27,0.028127,503.0,423.0,2.968,91.0805,9.6504,13.5,1059.0,5659.0,4.48,True,exoplanets.org
Kepler-1495 b,0.0,0.0,0.004,0.26,0.025793,550.0,463.0,2.969,85.2733,9.462,13.8,1307.0,5831.0,4.42,True,exoplanets.org
Kepler-1496 b,0.0,0.0,0.003,0.2,0.016692,691.0,581.0,3.023,64.6588,7.549,13.2,1293.0,6182.0,4.29,True,exoplanets.org
Kepler-149 b,0.0,0.001,0.013,0.38,0.058188,698.0,587.0,3.01,29.1989,5.074,12.2,,5381.0,4.465,True,exoplanets.org
Kepler-1497 b,0.0,0.0,0.003,0.15,0.012301,1107.0,931.0,3.144,8.742,4.297,13.7,1122.0,5675.0,4.47,True,exoplanets.org
Kepler-1498 b,0.0,0.0,0.002,0.12,0.007968,546.0,459.0,3.144,48.0514,7.638,13.2,740.0,5256.0,4.56,True,exoplanets.org
Kepler-1499 b,0.0,0.0,0.005,0.11,0.005361,539.0,453.0,3.073,44.2008,4.6781,11.5,310.0,5097.0,4.58,True,exoplanets.org
Kepler-265 b,0.0,0.0,0.003,0.17,0.013694,1321.0,1111.0,3.091,6.8463,3.59,13.9,,5835.0,4.326,True,exoplanets.org
Kepler-14 b,0.047,0.039,0.003,1.14,8.40643,1845.0,1552.0,4.212,6.7901,6.2184,11.0,980.0,6395.0,3.994,True,exoplanets.org
Kepler-1500 b,0.0,0.0,0.003,0.11,0.005538,970.0,815.0,3.079,15.033,5.4161,13.0,904.0,5845.0,4.44,True,exoplanets.org
Kepler-150 b,0.0,0.0,0.003,0.11,0.006387,1463.0,1230.0,3.105,3.4281,2.309,13.4,,5560.0,4.466,True,exoplanets.org
Kepler-150 c,0.0,0.001,0.009,0.33,0.042229,1133.0,953.0,2.985,7.382,3.124,13.4,,5560.0,4.466,True,exoplanets.org
Kepler-1501 b,0.0,0.0,0.003,0.14,0.011654,1155.0,972.0,3.175,14.5565,4.5696,12.4,888.0,6229.0,4.28,True,exoplanets.org
Kepler-1502 b,0.0,0.0,0.004,0.28,0.030254,971.0,817.0,2.968,41.7084,8.401,12.9,1540.0,6666.0,4.13,True,exoplanets.org
Kepler-1503 b,0.0,0.0,0.004,0.2,0.017236,407.0,342.0,3.016,96.1699,7.471,13.8,850.0,5069.0,4.59,True,exoplanets.org
Kepler-150 e,0.0,0.0,0.007,0.28,0.029031,704.0,592.0,2.968,30.8266,5.455,13.4,,5560.0,4.466,True,exoplanets.org
Kepler-1504 b,0.0,0.0,0.004,0.19,0.01587,469.0,395.0,3.037,82.304,13.843,13.8,1029.0,5393.0,4.55,True,exoplanets.org
Kepler-1505 b,0.0,0.0,0.006,0.08,0.002254,697.0,586.0,2.909,30.8609,4.109,11.4,359.0,5686.0,4.54,True,exoplanets.org
Kepler-1506 b,0.0,0.0,0.002,0.12,0.007744,937.0,788.0,3.139,14.0329,6.8441,14.1,1318.0,5676.0,4.49,True,exoplanets.org
Kepler-238 d,0.0,0.001,0.005,0.27,0.028104,1190.0,1001.0,2.968,13.2335,6.642,13.5,,5751.0,4.194,True,exoplanets.org
Kepler-1507 b,0.0,0.0,0.006,0.07,0.001573,825.0,694.0,2.841,16.0506,2.939,11.4,342.0,5410.0,4.53,True,exoplanets.org
Kepler-1508 b,0.0,0.0,0.003,0.12,0.007968,992.0,834.0,3.144,20.7057,9.029,12.6,892.0,6158.0,4.32,True,exoplanets.org
Kepler-1509 b,0.0,0.0,0.003,0.17,0.013617,801.0,673.0,3.093,25.4338,6.4241,13.9,1277.0,5780.0,4.45,True,exoplanets.org
Kepler-259 b,0.0,0.001,0.007,0.25,0.023649,1147.0,964.0,2.973,8.1153,2.954,13.6,,5938.0,4.532,True,exoplanets.org
Kepler-1510 b,0.0,0.0,0.004,0.3,0.034031,635.0,534.0,2.972,84.7039,10.447,13.7,1615.0,6200.0,4.29,True,exoplanets.org
Kepler-1511 b,0.0,0.0,0.003,0.15,0.012449,963.0,810.0,3.137,23.2383,8.191,12.5,897.0,6064.0,4.28,True,exoplanets.org
Kepler-1512 b,0.0,0.0,0.006,0.1,0.005187,566.0,476.0,3.067,20.3597,1.9164,10.6,162.0,4372.0,4.64,True,exoplanets.org
Kepler-151 b,0.0,0.001,0.008,0.27,0.027922,822.0,691.0,2.968,15.229,2.645,12.9,,5460.0,4.555,True,exoplanets.org
Kepler-1513 b,0.0,0.0,0.03,0.76,0.249782,417.0,351.0,3.036,160.8847,10.7536,11.3,384.0,5617.0,4.46,True,exoplanets.org
Kepler-1514 b,0.0,0.001,0.027,1.05,1.0,455.0,383.0,3.348,217.8318,21.3037,10.7,379.0,6251.0,4.35,True,exoplanets.org
Kepler-1515 b,0.0,0.001,0.024,0.85,0.383964,506.0,426.0,3.118,214.3114,16.1734,10.9,504.0,6511.0,4.26,True,exoplanets.org
Kepler-240 c,0.0,0.0,0.005,0.2,0.01651,879.0,739.0,3.026,7.9535,2.598,13.5,,4985.0,4.626,True,exoplanets.org
Kepler-1516 b,0.0,0.001,0.005,0.16,0.012903,1283.0,1079.0,3.119,7.2593,6.198,12.8,872.0,5904.0,4.4,True,exoplanets.org
Kepler-1517 b,0.026,0.015,0.01,0.87,0.696016,2098.0,1764.0,3.357,5.5461,2.3929,11.3,869.0,7010.0,4.06,True,exoplanets.org
Kepler-1518 b,0.002,0.001,0.006,0.27,0.027721,2076.0,1746.0,2.968,5.1118,2.9592,12.1,1140.0,6846.0,4.08,True,exoplanets.org
Kepler-26 d,0.0,0.0,0.006,0.1,0.003712,910.0,766.0,3.004,3.5439,2.012,12.6,,4486.0,4.733,True,exoplanets.org
Kepler-1519 b,0.0,0.0,0.015,0.63,0.144903,358.0,301.0,2.957,240.7989,16.4419,13.2,858.0,5644.0,4.5,True,exoplanets.org
Kepler-1520 b,0.034,0.018,0.028,0.52,0.111491,1946.0,1637.0,3.018,0.6536,1.5399,13.3,636.0,4677.0,4.61,True,exoplanets.org
Kepler-1521 b,0.0,0.0,0.013,0.22,0.01966,516.0,434.0,2.991,47.1484,3.0668,10.8,227.0,5042.0,4.59,True,exoplanets.org
Kepler-243 b,0.0,0.001,0.007,0.22,0.019086,1099.0,924.0,2.996,5.7154,2.484,13.1,,5228.0,4.565,True,exoplanets.org
Kepler-1522 b,0.001,0.001,0.006,0.15,0.01275,1849.0,1554.0,3.125,1.8479,1.8934,12.6,690.0,5706.0,4.49,True,exoplanets.org
Kepler-1523 b,0.002,0.001,0.004,0.14,0.011796,2351.0,1977.0,3.167,0.9388,1.3901,13.2,918.0,5708.0,4.46,True,exoplanets.org
Kepler-1524 b,0.0,0.0,0.011,0.32,0.038303,666.0,560.0,2.978,70.9675,6.8992,11.3,506.0,6179.0,4.31,True,exoplanets.org
Kepler-152 b,0.0,0.0,0.013,0.25,0.023501,674.0,567.0,2.973,18.208,3.756,12.3,,5088.0,4.605,True,exoplanets.org
Kepler-1525 b,0.001,0.0,0.008,0.08,0.002066,1768.0,1487.0,2.892,2.4166,1.9656,11.2,396.0,5748.0,4.44,True,exoplanets.org
Kepler-1526 b,0.0,0.001,0.008,0.22,0.018888,1047.0,880.0,2.997,3.9086,1.8427,13.2,576.0,4601.0,4.62,True,exoplanets.org
Kepler-1527 b,0.0,0.0,0.005,0.43,0.075422,522.0,439.0,3.013,160.1299,13.176,13.6,1560.0,6224.0,4.27,True,exoplanets.org
Kepler-228 c,0.001,0.001,0.006,0.24,0.022217,1552.0,1305.0,2.977,4.1344,3.123,14.1,,6043.0,4.467,True,exoplanets.org
Kepler-1528 b,0.001,0.001,0.003,0.13,0.010712,1994.0,1677.0,3.196,1.7911,2.0981,13.0,916.0,5857.0,4.43,True,exoplanets.org
Kepler-1529 b,0.0,0.001,0.005,0.19,0.015575,1075.0,904.0,3.043,5.3391,1.6507,13.3,683.0,5048.0,4.58,True,exoplanets.org
Kepler-1530 b,0.001,0.001,0.006,0.15,0.012155,1553.0,1306.0,3.15,2.5904,2.1618,12.3,552.0,5477.0,4.52,True,exoplanets.org
Kepler-26 e,0.0,0.0,0.006,0.22,0.01864,385.0,324.0,3.0,46.8279,2.084,12.6,,4486.0,4.733,True,exoplanets.org
Kepler-1530 c,0.0,0.001,0.005,0.15,0.012228,1222.0,1027.0,3.147,5.3227,2.5711,12.3,552.0,5477.0,4.52,True,exoplanets.org
Kepler-1531 b,0.002,0.001,0.005,0.1,0.004222,2699.0,2269.0,3.028,1.1385,2.0922,11.8,670.0,6260.0,4.29,True,exoplanets.org
Kepler-1532 b,0.001,0.001,0.004,0.12,0.008197,2105.0,1770.0,3.149,1.0937,1.4839,13.2,824.0,5559.0,4.51,True,exoplanets.org
Kepler-230 b,0.0,0.0,0.01,0.38,0.05962,647.0,544.0,3.01,32.6256,5.783,13.3,,5588.0,4.551,True,exoplanets.org
Kepler-1533 b,0.0,0.0,0.006,0.31,0.036371,458.0,385.0,2.975,308.5471,18.4639,11.9,852.0,6431.0,4.2,True,exoplanets.org
Kepler-1534 b,0.0,0.0,0.003,0.17,0.01395,1176.0,989.0,3.083,5.7167,1.9591,13.9,1107.0,5442.0,4.52,True,exoplanets.org
Kepler-1535 b,0.0,0.0,0.005,0.23,0.020198,495.0,416.0,2.987,138.9442,10.4561,12.7,879.0,6021.0,4.38,True,exoplanets.org
Kepler-153 b,0.0,0.0,0.009,0.26,0.025518,785.0,660.0,2.969,18.8702,3.075,12.4,,5404.0,4.446,True,exoplanets.org
Kepler-1536 b,0.0,0.0,0.009,0.28,0.029383,220.0,185.0,2.968,364.758,13.0061,12.6,401.0,4434.0,4.64,True,exoplanets.org
Kepler-1537 b,0.001,0.0,0.004,0.1,0.005187,1672.0,1406.0,3.067,1.4445,0.9748,12.5,503.0,5079.0,4.58,True,exoplanets.org
Kepler-1538 b,0.0,0.0,0.003,0.25,0.02402,431.0,363.0,2.972,175.1388,10.6661,13.8,1291.0,5837.0,4.42,True,exoplanets.org
Kepler-245 b,0.0,0.001,0.006,0.23,0.020513,952.0,800.0,2.986,7.4902,2.804,13.6,,5100.0,4.56,True,exoplanets.org
Kepler-1539 b,0.0,0.0,0.005,0.24,0.022236,382.0,321.0,2.977,133.3037,7.416,13.4,788.0,5176.0,4.57,True,exoplanets.org
Kepler-1540 b,0.0,0.0,0.006,0.22,0.019529,324.0,273.0,2.992,125.4131,2.2134,11.5,262.0,4540.0,4.63,True,exoplanets.org
Kepler-1541 b,0.0,0.0,0.004,0.1,0.004851,982.0,825.0,3.054,8.4069,1.8785,11.9,414.0,5282.0,4.56,True,exoplanets.org
Kepler-232 c,0.0,0.001,0.006,0.34,0.046302,1047.0,881.0,2.993,11.3793,2.612,13.8,,5847.0,4.495,True,exoplanets.org
Kepler-1542 b,0.0,0.0,0.009,0.07,0.001114,1449.0,1218.0,2.776,3.9512,2.5916,11.0,336.0,5564.0,4.41,True,exoplanets.org
Kepler-1542 c,0.0,0.0,0.011,0.06,0.000639,1607.0,1352.0,2.673,2.8922,2.6071,11.0,336.0,5564.0,4.41,True,exoplanets.org
Kepler-1542 d,0.0,0.0,0.008,0.08,0.001807,1261.0,1060.0,2.867,5.9927,2.5486,11.0,336.0,5564.0,4.41,True,exoplanets.org
Kepler-154 b,0.0,0.0,0.004,0.2,0.017084,726.0,611.0,3.018,33.0405,3.355,13.0,,5690.0,4.415,True,exoplanets.org
Kepler-1542 e,0.0,0.0,0.009,0.07,0.001114,1330.0,1119.0,2.776,5.1012,2.615,11.0,336.0,5564.0,4.41,True,exoplanets.org
Kepler-1543 b,0.001,0.001,0.006,0.24,0.022391,1710.0,1438.0,2.977,6.9671,3.643,12.3,1114.0,6561.0,4.14,True,exoplanets.org
Kepler-1544 b,0.0,0.0,0.004,0.16,0.013136,323.0,271.0,3.11,168.8112,6.504,11.9,349.0,4886.0,4.61,True,exoplanets.org
Kepler-155 b,0.0,0.001,0.013,0.19,0.015523,803.0,675.0,3.044,5.9312,2.371,11.8,,4508.0,4.684,True,exoplanets.org
Kepler-1545 b,0.0,0.0,0.005,0.24,0.022236,358.0,301.0,2.977,163.6923,6.8561,13.1,688.0,5201.0,4.57,True,exoplanets.org
Kepler-1546 b,0.0,0.0,0.006,0.28,0.029169,831.0,698.0,2.968,19.5975,4.069,13.5,994.0,5623.0,4.48,True,exoplanets.org
Kepler-1547 b,0.002,0.0,0.005,0.08,0.001977,2998.0,2521.0,2.884,0.693,1.0819,12.0,665.0,6078.0,4.34,True,exoplanets.org
Kepler-251 b,0.0,0.0,0.002,0.12,0.00789,1266.0,1065.0,3.143,4.7909,2.705,13.6,,5526.0,4.486,True,exoplanets.org
Kepler-1548 b,0.0,0.0,0.003,0.24,0.021479,461.0,388.0,2.98,124.8287,6.3341,13.7,1150.0,5706.0,4.46,True,exoplanets.org
Kepler-1549 b,0.0,0.0,0.004,0.23,0.020474,341.0,287.0,2.986,214.8865,10.1088,13.3,792.0,5324.0,4.54,True,exoplanets.org
Kepler-154 d,0.0,0.001,0.01,0.34,0.04675,867.0,729.0,2.993,20.5498,5.4586,13.0,0.0,5690.0,4.42,True,exoplanets.org
Kepler-220 e,0.0,0.0,0.008,0.12,0.00789,432.0,364.0,3.143,45.9027,5.088,10.6,,4632.0,4.652,True,exoplanets.org
Kepler-154 e,0.0,0.0,0.003,0.13,0.011837,1505.0,1265.0,3.213,3.9328,2.9166,13.0,0.0,5690.0,4.42,True,exoplanets.org
Kepler-154 f,0.0,0.0,0.003,0.13,0.011837,1106.0,930.0,3.213,9.9194,4.2408,13.0,0.0,5690.0,4.42,True,exoplanets.org
Kepler-1550 b,0.0,0.0,0.004,0.27,0.027126,420.0,353.0,2.968,225.5828,11.1809,13.4,1202.0,5991.0,4.38,True,exoplanets.org
Kepler-235 b,0.0,0.001,0.01,0.2,0.016793,867.0,729.0,3.022,3.3402,1.925,13.1,,4255.0,4.73,True,exoplanets.org
Kepler-1551 b,0.0,0.0,0.003,0.24,0.021628,935.0,786.0,2.98,24.4974,5.081,13.8,1560.0,6136.0,4.32,True,exoplanets.org
Kepler-1552 b,0.0,0.0,0.006,0.22,0.019269,339.0,285.0,2.994,184.7719,9.7061,12.9,618.0,5202.0,4.58,True,exoplanets.org
Kepler-1553 b,0.0,0.0,0.004,0.1,0.004851,1237.0,1040.0,3.054,4.2426,2.658,13.2,719.0,5288.0,4.56,True,exoplanets.org
Kepler-221 e,0.0,0.0,0.009,0.23,0.021278,737.0,620.0,2.981,18.3699,2.245,11.9,,5243.0,4.543,True,exoplanets.org
Kepler-1554 b,0.0,0.0,0.004,0.26,0.025245,345.0,290.0,2.97,198.0888,8.1211,13.8,982.0,5297.0,4.56,True,exoplanets.org
Kepler-419 b,,,,,2.5,801.0,673.0,,69.7546,,,,6430.0,4.1,True,exoplanets.org
Kepler-419 c,,,,,7.3,376.0,316.0,,675.47,,,,6430.0,4.1,True,exoplanets.org
Kepler-81 d,0.0,0.0,0.004,0.11,0.00571,516.0,434.0,3.084,20.8378,2.57,12.4,,4500.0,4.696,True,exoplanets.org
Kepler-1555 b,0.0,0.0,0.002,0.14,0.01201,1223.0,1028.0,3.157,8.105,4.4429,13.8,1382.0,5866.0,4.4,True,exoplanets.org
Kepler-1556 b,0.0,0.0,0.003,0.17,0.014466,1088.0,915.0,3.068,8.8271,2.0861,13.6,1060.0,5608.0,4.47,True,exoplanets.org
Kepler-1557 b,0.0,0.0,0.002,0.14,0.012426,1710.0,1438.0,3.221,3.7403,2.4391,13.8,1532.0,6099.0,4.34,True,exoplanets.org
Kepler-247 b,0.0,0.001,0.004,0.15,0.012177,1225.0,1030.0,3.149,3.3362,2.077,13.1,,5100.0,4.608,True,exoplanets.org
Kepler-1558 b,0.0,0.0,0.009,0.06,0.000762,1261.0,1060.0,2.705,3.5047,2.0088,11.7,343.0,5101.0,4.57,True,exoplanets.org
Kepler-1559 b,0.001,0.0,0.007,0.06,0.000901,2040.0,1716.0,2.737,0.9719,1.6291,12.6,580.0,5316.0,4.55,True,exoplanets.org
Kepler-1560 b,0.0,0.0,0.005,0.08,0.001891,1656.0,1392.0,2.876,3.032,1.657,11.9,529.0,5815.0,4.43,True,exoplanets.org
Kepler-223 c,0.0,0.0,0.004,0.18,0.014772,1123.0,944.0,3.061,9.8482,5.832,13.6,,5829.0,4.397,True,exoplanets.org
Kepler-1561 b,0.001,0.0,0.003,0.1,0.003929,2537.0,2133.0,3.015,1.0052,1.62,13.1,993.0,5957.0,4.38,True,exoplanets.org
Kepler-1562 b,0.0,0.0,0.005,0.32,0.038588,601.0,506.0,2.979,64.2738,9.756,13.8,1315.0,5760.0,4.41,True,exoplanets.org
Kepler-1563 b,0.0,0.0,0.008,0.07,0.001058,1557.0,1309.0,2.766,3.4328,4.1561,12.0,547.0,5765.0,4.45,True,exoplanets.org
Kepler-211 b,0.0,0.001,0.007,0.11,0.006564,1180.0,992.0,3.11,4.1386,2.226,11.4,,5123.0,4.547,True,exoplanets.org
Kepler-1564 b,0.0,0.0,0.002,0.13,0.010987,828.0,697.0,3.201,18.054,4.409,13.3,872.0,5528.0,4.5,True,exoplanets.org
Kepler-1565 b,0.0,0.0,0.004,0.11,0.005361,1567.0,1318.0,3.073,1.5382,1.7022,13.3,657.0,4940.0,4.6,True,exoplanets.org
Kepler-1566 b,0.001,0.0,0.008,0.07,0.001233,2448.0,2058.0,2.795,0.5399,1.139,12.4,511.0,5254.0,4.56,True,exoplanets.org
Kepler-236 c,0.0,0.0,0.009,0.18,0.014772,380.0,320.0,3.061,23.9681,4.166,12.3,,3750.0,4.753,True,exoplanets.org
Kepler-1567 b,0.0,0.0,0.003,0.24,0.022706,420.0,353.0,2.976,153.9796,8.994,14.0,1226.0,5655.0,4.49,True,exoplanets.org
Kepler-1568 b,0.0,0.0,0.002,0.12,0.007307,952.0,800.0,3.129,20.9254,6.617,12.6,883.0,5956.0,4.32,True,exoplanets.org
Kepler-1569 b,0.0,0.0,0.003,0.15,0.012449,1642.0,1381.0,3.137,5.7918,3.2729,12.6,1050.0,6319.0,4.24,True,exoplanets.org
Kepler-201 b,0.0,0.001,0.008,0.22,0.0192,933.0,785.0,2.995,25.6721,5.627,11.7,,6065.0,4.294,True,exoplanets.org
Kepler-1570 b,0.0,0.0,0.005,0.1,0.003649,729.0,613.0,3.001,26.549,7.979,12.0,463.0,5550.0,4.5,True,exoplanets.org
Kepler-1571 b,0.001,0.0,0.002,0.14,0.012426,1956.0,1645.0,3.221,3.3856,1.914,12.0,802.0,6297.0,4.24,True,exoplanets.org
Kepler-1572 b,0.0,0.0,0.004,0.08,0.002352,1277.0,1074.0,2.917,5.4955,2.5111,12.4,600.0,5618.0,4.47,True,exoplanets.org
Kepler-157 b,0.001,0.001,0.004,0.12,0.007691,2011.0,1691.0,3.138,1.7323,2.186,12.6,,5774.0,4.389,True,exoplanets.org
Kepler-1573 b,0.0,0.0,0.003,0.11,0.005538,1723.0,1449.0,3.079,2.6158,2.639,13.7,1180.0,5808.0,4.44,True,exoplanets.org
Kepler-1574 b,0.0,0.0,0.002,0.12,0.007095,1302.0,1094.0,3.124,6.9424,3.3912,13.7,1275.0,5892.0,4.4,True,exoplanets.org
Kepler-1575 b,0.0,0.0,0.002,0.12,0.007523,1642.0,1381.0,3.134,2.5531,1.8581,13.8,1170.0,5667.0,4.49,True,exoplanets.org
Kepler-195 b,0.0,0.0,0.006,0.18,0.015017,948.0,798.0,3.055,8.3079,3.15,13.0,,5329.0,4.603,True,exoplanets.org
Kepler-1576 b,0.0,0.0,0.004,0.09,0.003383,1285.0,1081.0,2.987,6.9847,2.723,11.8,539.0,5876.0,4.4,True,exoplanets.org
Kepler-1577 b,0.0,0.0,0.004,0.1,0.00453,966.0,812.0,3.042,6.3056,2.4679,12.9,543.0,4862.0,4.6,True,exoplanets.org
Kepler-1578 b,0.0,0.0,0.003,0.09,0.003383,1893.0,1592.0,2.987,1.4509,1.781,13.7,1016.0,5545.0,4.53,True,exoplanets.org
Kepler-213 c,0.0,0.001,0.004,0.21,0.017891,1509.0,1269.0,3.008,4.823,0.828,12.1,,5696.0,4.31,True,exoplanets.org
Kepler-1579 b,0.0,0.0,0.006,0.07,0.001573,1739.0,1463.0,2.841,0.8499,1.0925,12.7,466.0,4584.0,4.63,True,exoplanets.org
Kepler-157 d,,,,0.13,0.010712,,,3.196,7.0257,2.1114,12.6,0.0,5774.0,4.39,True,exoplanets.org
Kepler-1580 b,0.0,0.0,0.004,0.19,0.015673,913.0,768.0,3.041,56.6449,15.079,11.3,872.0,6228.0,3.94,True,exoplanets.org
Kepler-197 b,0.0,0.001,0.009,0.09,0.00313,1465.0,1232.0,2.972,5.5993,3.681,10.5,,6004.0,4.304,True,exoplanets.org
Kepler-1581 b,0.0,0.0,0.007,0.07,0.001297,1454.0,1223.0,2.804,6.2839,4.1239,11.0,443.0,6022.0,4.31,True,exoplanets.org
Kepler-1582 b,0.0,0.0,0.01,0.13,0.011549,526.0,442.0,3.209,4.8382,1.26,12.4,112.0,3208.0,4.93,True,exoplanets.org
Kepler-1583 b,0.0,0.0,0.01,0.05,0.000499,1058.0,890.0,2.628,9.3281,3.936,11.3,357.0,5645.0,4.49,True,exoplanets.org
Kepler-203 c,0.0,0.001,0.007,0.22,0.019315,1436.0,1208.0,2.994,5.3706,2.014,12.4,,5821.0,4.358,True,exoplanets.org
Kepler-1584 b,0.0,0.0,0.002,0.14,0.01201,1095.0,920.0,3.157,13.3997,3.5321,13.5,1325.0,6069.0,4.37,True,exoplanets.org
Kepler-1585 b,0.0,0.0,0.002,0.16,0.013215,1428.0,1201.0,3.107,3.5827,1.541,14.1,1269.0,5538.0,4.5,True,exoplanets.org
Kepler-1586 b,0.0,0.0,0.002,0.14,0.012426,1361.0,1145.0,3.221,15.6049,4.5209,11.6,864.0,6681.0,4.12,True,exoplanets.org
Kepler-180 b,0.0,0.0,0.002,0.13,0.011786,1008.0,848.0,3.213,13.8171,3.74,12.7,,5731.0,4.343,True,exoplanets.org
Kepler-1587 b,0.0,0.0,0.003,0.12,0.007968,1255.0,1055.0,3.144,9.406,5.161,12.6,907.0,5933.0,4.3,True,exoplanets.org
Kepler-1588 b,0.0,0.0,0.005,0.07,0.001114,1201.0,1010.0,2.776,7.8493,3.7361,12.4,658.0,5817.0,4.43,True,exoplanets.org
Kepler-1589 b,0.001,0.0,0.003,0.1,0.003929,2754.0,2315.0,3.015,0.9917,2.3779,13.5,1418.0,6166.0,4.32,True,exoplanets.org
Kepler-158 b,0.0,0.0,0.009,0.19,0.015784,585.0,492.0,3.039,16.7092,2.765,12.1,,4623.0,4.66,True,exoplanets.org
Kepler-1590 b,0.0,0.0,0.003,0.1,0.004689,1333.0,1121.0,3.048,7.6176,3.479,12.7,900.0,6053.0,4.35,True,exoplanets.org
Kepler-1591 b,0.0,0.0,0.002,0.11,0.006682,1310.0,1101.0,3.113,8.185,4.2139,13.1,1090.0,6082.0,4.35,True,exoplanets.org
Kepler-1592 b,0.001,0.0,0.002,0.14,0.011515,1929.0,1622.0,3.182,3.0571,3.523,13.3,1349.0,6213.0,4.29,True,exoplanets.org
Kepler-160 b,0.0,0.0,0.004,0.14,0.011542,1386.0,1165.0,3.181,4.3094,3.022,13.1,,5857.0,4.51,True,exoplanets.org
Kepler-1593 b,0.0,0.0,0.005,0.28,0.030034,333.0,280.0,2.968,174.5098,7.098,13.5,755.0,4995.0,4.59,True,exoplanets.org
Kepler-1594 b,0.0,0.0,0.002,0.1,0.003649,1796.0,1510.0,3.001,2.716,1.859,13.3,1100.0,5946.0,4.39,True,exoplanets.org
Kepler-1595 b,0.0,0.0,0.003,0.11,0.006093,1183.0,994.0,3.096,4.5638,2.3208,13.5,841.0,5203.0,4.56,True,exoplanets.org
Kepler-159 b,0.0,0.0,0.01,0.21,0.018314,712.0,599.0,3.003,10.1396,2.692,12.4,,4625.0,4.653,True,exoplanets.org
Kepler-1596 b,0.0,0.0,0.003,0.17,0.014034,558.0,469.0,3.08,66.3734,11.1809,13.8,1166.0,5706.0,4.49,True,exoplanets.org
Kepler-1597 b,0.0,0.0,0.003,0.1,0.003649,2069.0,1740.0,3.001,2.9465,3.2808,12.9,1255.0,6377.0,4.24,True,exoplanets.org
Kepler-1598 b,0.0,0.0,0.004,0.09,0.002453,1539.0,1294.0,2.925,4.342,2.6959,12.4,734.0,5940.0,4.39,True,exoplanets.org
Kepler-198 c,0.0,0.0,0.006,0.22,0.019315,602.0,507.0,2.994,49.5674,3.668,12.0,,5574.0,4.467,True,exoplanets.org
Kepler-1599 b,0.0,0.0,0.002,0.14,0.012082,474.0,399.0,3.154,122.3636,9.3192,13.4,1004.0,5767.0,4.45,True,exoplanets.org
Kepler-15 b,0.009,0.026,0.024,0.96,0.662431,1316.0,1107.0,3.251,4.9428,2.895,12.2,,5515.0,4.46,True,exoplanets.org
Kepler-1600 b,0.0,0.0,0.004,0.28,0.029169,272.0,229.0,2.968,386.3705,10.9488,13.9,992.0,5214.0,4.55,True,exoplanets.org
Kepler-224 d,0.0,0.0,0.006,0.21,0.017481,752.0,632.0,3.012,11.3494,3.114,13.7,,5018.0,4.639,True,exoplanets.org
Kepler-1601 b,0.0,0.0,0.006,0.07,0.00143,1896.0,1594.0,2.823,2.2092,2.7312,12.2,660.0,5869.0,4.4,True,exoplanets.org
Kepler-1602 b,0.0,0.0,0.002,0.12,0.008197,1301.0,1094.0,3.149,11.1793,3.043,12.1,815.0,6296.0,4.25,True,exoplanets.org
Kepler-1603 b,0.001,0.0,0.002,0.12,0.007095,2155.0,1812.0,3.124,2.2716,4.043,13.8,1751.0,6241.0,4.28,True,exoplanets.org
Kepler-175 b,0.0,0.001,0.006,0.23,0.020389,1093.0,919.0,2.986,11.9035,4.215,13.5,,6064.0,4.472,True,exoplanets.org
Kepler-1604 b,0.002,0.001,0.005,0.13,0.009655,2088.0,1756.0,3.178,0.6837,0.9993,12.8,562.0,4976.0,4.59,True,exoplanets.org
Kepler-1605 b,0.0,0.0,0.006,0.1,0.003787,455.0,383.0,3.008,85.7565,5.802,10.6,224.0,5280.0,4.55,True,exoplanets.org
Kepler-1606 b,0.0,0.0,0.003,0.18,0.015383,360.0,303.0,3.047,196.4352,8.6021,13.4,880.0,5422.0,4.53,True,exoplanets.org
Kepler-205 c,0.0,0.0,0.011,0.15,0.012177,479.0,403.0,3.149,20.3065,2.873,10.8,,4321.0,4.735,True,exoplanets.org
Kepler-1607 b,0.0,0.0,0.004,0.08,0.002158,1128.0,948.0,2.901,13.6474,7.769,12.2,735.0,6116.0,4.33,True,exoplanets.org
Kepler-1608 b,0.0,0.0,0.003,0.15,0.01275,715.0,601.0,3.125,16.4736,4.231,13.8,832.0,4992.0,4.61,True,exoplanets.org
Kepler-1609 b,0.0,0.0,0.003,0.2,0.016692,567.0,477.0,3.023,114.3422,13.001,13.5,1483.0,6132.0,4.29,True,exoplanets.org
Kepler-178 b,0.0,0.001,0.007,0.26,0.025195,1130.0,950.0,2.97,9.5767,3.377,12.9,,5676.0,4.334,True,exoplanets.org
Kepler-1610 b,0.0,0.0,0.002,0.14,0.01201,1015.0,854.0,3.157,8.7018,3.019,13.9,1063.0,5383.0,4.52,True,exoplanets.org
Kepler-1611 b,0.0,0.0,0.006,0.07,0.001362,1293.0,1087.0,2.814,5.1762,5.1504,12.7,686.0,5605.0,4.49,True,exoplanets.org
Kepler-1612 b,0.0,0.0,0.003,0.09,0.003255,1431.0,1203.0,2.979,3.918,2.586,13.1,837.0,5643.0,4.48,True,exoplanets.org
Kepler-182 c,0.0,0.001,0.007,0.31,0.035574,998.0,839.0,2.974,20.6843,6.416,13.5,,6250.0,4.401,True,exoplanets.org
Kepler-1613 b,0.004,0.002,0.009,0.19,0.015479,2235.0,1879.0,3.045,1.5184,3.414,12.7,855.0,6005.0,4.37,True,exoplanets.org
Kepler-1614 b,0.0,0.0,0.003,0.13,0.011549,1203.0,1012.0,3.209,3.9466,2.8361,14.0,982.0,5121.0,4.58,True,exoplanets.org
Kepler-1615 b,0.0,0.0,0.004,0.18,0.015288,676.0,568.0,3.049,47.3126,10.6519,13.0,940.0,5865.0,4.42,True,exoplanets.org
Kepler-164 b,0.0,0.0,0.002,0.13,0.009602,1507.0,1267.0,3.177,5.035,1.649,12.9,,5888.0,4.331,True,exoplanets.org
Kepler-1616 b,0.0,0.0,0.004,0.09,0.00313,1521.0,1279.0,2.972,6.7628,5.8721,12.2,862.0,6266.0,4.26,True,exoplanets.org
Kepler-1617 b,0.0,0.0,0.003,0.11,0.005538,903.0,759.0,3.079,27.4786,8.305,12.3,813.0,6167.0,4.32,True,exoplanets.org
Kepler-1618 b,0.0,0.0,0.002,0.11,0.006482,1799.0,1513.0,3.107,6.1083,3.649,12.5,1238.0,6620.0,4.15,True,exoplanets.org
Kepler-161 b,0.0,0.001,0.008,0.19,0.015784,1097.0,923.0,3.039,4.9214,1.873,12.2,,5078.0,4.553,True,exoplanets.org
Kepler-1619 b,0.0,0.0,0.006,0.07,0.001114,835.0,702.0,2.776,23.6226,6.5441,11.9,520.0,5852.0,4.44,True,exoplanets.org
Kepler-1620 b,0.0,0.0,0.002,0.14,0.01201,585.0,492.0,3.157,101.9518,5.989,12.2,773.0,6157.0,4.31,True,exoplanets.org
Kepler-1621 b,0.0,0.0,0.002,0.19,0.016172,607.0,510.0,3.032,92.2637,9.8621,13.6,1461.0,6158.0,4.31,True,exoplanets.org
Kepler-166 b,0.0,0.001,0.008,0.2,0.017182,969.0,815.0,3.016,7.6503,2.749,12.9,,5413.0,4.619,True,exoplanets.org
Kepler-1622 b,0.0,0.0,0.002,0.13,0.010987,1395.0,1173.0,3.201,10.8119,2.611,12.1,927.0,6436.0,4.2,True,exoplanets.org
Kepler-1623 b,0.0,0.0,0.002,0.12,0.007523,1447.0,1216.0,3.134,4.3613,2.058,13.2,986.0,5772.0,4.44,True,exoplanets.org
Kepler-1624 b,0.0,0.008,0.043,0.51,0.108832,770.0,648.0,3.018,3.2903,1.7505,12.3,199.0,3636.0,4.78,True,exoplanets.org
Kepler-188 b,0.001,0.001,0.003,0.15,0.01244,2069.0,1740.0,3.138,2.0619,1.791,13.1,,6021.0,4.346,True,exoplanets.org
Kepler-1625 b,0.0,0.0,0.008,0.54,0.123396,344.0,289.0,3.019,287.3789,18.8861,13.9,1213.0,5677.0,4.48,True,exoplanets.org
Kepler-1626 b,0.001,0.0,0.003,0.18,0.014916,2210.0,1859.0,3.057,4.1396,3.2839,13.0,1718.0,6826.0,4.08,True,exoplanets.org
Kepler-1627 b,0.001,0.004,0.028,0.33,0.042167,1083.0,911.0,2.985,7.2028,2.886,11.2,311.0,5445.0,4.54,True,exoplanets.org
Kepler-162 b,0.0,0.0,0.003,0.11,0.006564,1223.0,1029.0,3.11,6.9198,3.339,12.7,,5816.0,4.436,True,exoplanets.org
Kepler-1628 b,0.0,0.0,0.02,0.57,0.112141,286.0,241.0,2.926,76.378,4.9519,13.2,352.0,3724.0,4.74,True,exoplanets.org
Kepler-1629 b,0.0,0.0,0.008,0.07,0.001173,1511.0,1270.0,2.786,3.876,2.226,11.2,390.0,5776.0,4.44,True,exoplanets.org
Kepler-1630 b,0.0,0.0,0.007,0.2,0.016377,206.0,174.0,3.028,509.9974,8.4809,11.8,278.0,4736.0,4.66,True,exoplanets.org
Kepler-169 c,0.0,0.0,0.005,0.11,0.00571,973.0,818.0,3.084,6.1955,3.056,12.2,,4997.0,4.582,True,exoplanets.org
Kepler-1631 b,0.0,0.0,0.002,0.12,0.008197,1424.0,1197.0,3.149,4.0951,1.9291,13.8,1190.0,5679.0,4.47,True,exoplanets.org
Kepler-1632 b,0.0,0.0,0.005,0.22,0.019269,351.0,296.0,2.994,448.3036,12.713,11.7,584.0,6137.0,4.33,True,exoplanets.org
Kepler-1633 b,0.0,0.0,0.002,0.14,0.011796,500.0,420.0,3.167,186.4043,10.4592,12.1,811.0,6256.0,4.27,True,exoplanets.org
Kepler-184 d,0.0,0.0,0.007,0.22,0.019547,721.0,606.0,2.992,29.0224,3.961,12.7,,5788.0,4.51,True,exoplanets.org
Kepler-1634 b,0.0,0.0,0.006,0.28,0.030477,297.0,250.0,2.968,374.8762,11.328,12.7,654.0,5474.0,4.51,True,exoplanets.org
Kepler-1635 b,0.0,0.0,0.004,0.33,0.040939,265.0,223.0,2.983,469.6311,13.5559,13.9,1084.0,5347.0,4.53,True,exoplanets.org
Kepler-1636 b,0.0,0.0,0.003,0.29,0.031155,318.0,268.0,2.969,425.4778,17.8481,14.2,1567.0,5797.0,4.43,True,exoplanets.org
Kepler-163 b,0.0,0.0,0.004,0.09,0.003472,1141.0,960.0,2.991,7.8109,3.359,12.8,,5776.0,4.524,True,exoplanets.org
Kepler-1637 b,0.0,0.0,0.008,0.08,0.001891,1305.0,1098.0,2.876,6.1096,5.585,11.8,506.0,5789.0,4.43,True,exoplanets.org
Kepler-1638 b,0.0,0.0,0.003,0.17,0.013782,359.0,302.0,3.088,259.3368,15.979,13.1,879.0,5710.0,4.47,True,exoplanets.org
Kepler-1639 b,0.0,0.001,0.005,0.23,0.020614,1251.0,1052.0,2.985,9.8785,3.0809,13.2,1168.0,6150.0,4.34,True,exoplanets.org
Kepler-170 b,0.0,0.001,0.01,0.29,0.030585,1186.0,998.0,2.969,7.9306,3.68,12.7,,5679.0,4.445,True,exoplanets.org
Kepler-1640 b,0.001,0.002,0.008,0.43,0.076888,1514.0,1273.0,3.013,7.5844,3.8112,13.1,1379.0,6324.0,4.23,True,exoplanets.org
Kepler-1641 b,0.0,0.001,0.007,0.28,0.028747,999.0,840.0,2.968,19.6723,4.7659,12.7,961.0,6152.0,4.34,True,exoplanets.org
Kepler-1641 c,0.0,0.0,0.006,0.26,0.025979,844.0,709.0,2.969,32.6572,5.982,12.7,961.0,6152.0,4.34,True,exoplanets.org
Kepler-215 d,0.0,0.0,0.006,0.21,0.018422,759.0,638.0,3.002,30.8644,2.719,12.0,,5739.0,4.364,True,exoplanets.org
Kepler-1642 b,0.0,0.001,0.013,0.28,0.030477,892.0,750.0,2.968,12.2058,2.454,12.1,447.0,5355.0,4.54,True,exoplanets.org
Kepler-1642 c,0.0,0.001,0.012,0.24,0.021628,1092.0,918.0,2.98,6.6514,2.1356,12.1,447.0,5355.0,4.54,True,exoplanets.org
Kepler-1643 b,0.0,0.001,0.013,0.2,0.017459,1227.0,1032.0,3.013,5.3426,2.401,11.6,414.0,5508.0,4.52,True,exoplanets.org
Kepler-172 b,0.001,0.001,0.007,0.21,0.017996,1645.0,1383.0,3.006,2.9403,2.595,12.8,,5526.0,4.375,True,exoplanets.org
Kepler-1644 b,0.0,0.0,0.005,0.17,0.013866,771.0,648.0,3.086,21.0908,4.6289,12.6,592.0,5499.0,4.53,True,exoplanets.org
Kepler-1645 b,0.0,0.0,0.004,0.16,0.013136,947.0,796.0,3.11,16.178,5.269,12.9,844.0,5812.0,4.43,True,exoplanets.org
Kepler-1646 b,0.0,0.0,0.014,0.11,0.006093,530.0,445.0,3.096,4.4856,0.8208,12.0,81.0,3299.0,5.01,True,exoplanets.org
Kepler-207 c,0.001,0.001,0.003,0.13,0.011786,2101.0,1767.0,3.213,3.0716,4.077,11.8,,5920.0,4.129,True,exoplanets.org
Kepler-166 d,,,,0.15,0.01275,,,3.125,1.554,1.7696,12.9,0.0,5413.0,4.62,True,exoplanets.org
Kepler-167 b,0.0,0.001,0.006,0.13,0.010538,1088.0,915.0,3.193,4.3931,2.412,11.8,330.0,4890.0,4.61,True,exoplanets.org
Kepler-167 c,0.0,0.0,0.006,0.12,0.008719,914.0,769.0,3.16,7.4061,2.894,11.8,330.0,4890.0,4.61,True,exoplanets.org
Kepler-173 b,0.0,0.0,0.003,0.12,0.007113,1484.0,1247.0,3.124,4.2637,2.261,12.7,,6031.0,4.404,True,exoplanets.org
Kepler-16 b,,,,0.75,0.333,255.0,215.0,3.162,228.776,,9.0,61.32,4450.0,4.653,True,exoplanets.org
Kepler-176 e,,,,0.13,0.010441,,,3.192,51.1658,4.715,12.6,0.0,5232.0,4.47,True,exoplanets.org
Kepler-17 b,0.155,0.083,0.018,1.33,2.47943,2073.0,1743.0,3.542,1.4857,2.276,12.6,800.0,5781.0,4.53,True,exoplanets.org
Kepler-226 c,0.0,0.001,0.006,0.2,0.017182,1168.0,982.0,3.016,5.3496,3.051,13.6,,5571.0,4.586,True,exoplanets.org
Kepler-186 b,0.0,0.001,0.012,0.1,0.003701,766.0,645.0,3.004,3.8868,1.907,11.6,151.0,3788.0,4.77,True,exoplanets.org
Kepler-186 c,0.0,0.0,0.01,0.11,0.006367,622.0,523.0,3.104,7.2673,2.313,11.6,151.0,3788.0,4.77,True,exoplanets.org
Kepler-186 d,0.0,0.0,0.008,0.12,0.009349,508.0,427.0,3.173,13.343,2.7984,11.6,151.0,3788.0,4.77,True,exoplanets.org
Kepler-191 c,0.0,0.0,0.004,0.17,0.013694,737.0,619.0,3.091,17.7385,2.821,12.9,,5282.0,4.594,True,exoplanets.org
Kepler-186 e,0.0,0.0,0.008,0.11,0.006723,427.0,359.0,3.114,22.4078,3.37,11.6,151.0,3788.0,4.77,True,exoplanets.org
Kepler-186 f,,,,0.1,0.004213,238.0,200.0,3.028,129.9459,,11.6,151.0,3788.0,4.77,True,exoplanets.org
Kepler-18 b,0.001,0.001,0.001,0.18,0.022,1535.0,1290.0,3.818,3.5047,2.076,11.8,,5383.0,4.41,True,exoplanets.org
Kepler-208 e,0.0,0.0,0.002,0.13,0.011276,1129.0,949.0,3.205,16.2595,4.038,12.2,,6092.0,4.265,True,exoplanets.org
Kepler-18 c,0.001,0.006,0.019,0.49,0.0544,1183.0,995.0,3.052,7.6416,3.488,11.8,,5383.0,4.41,True,exoplanets.org
Kepler-18 d,0.0,0.005,0.026,0.62,0.0516,948.0,797.0,2.94,14.8589,3.679,11.8,,5383.0,4.41,True,exoplanets.org
Kepler-190 b,0.001,0.001,0.006,0.14,0.011667,1475.0,1240.0,3.174,2.02,1.821,12.2,,5106.0,4.561,True,exoplanets.org
Kepler-190 c,0.0,0.0,0.004,0.13,0.010781,1198.0,1008.0,3.197,3.763,1.536,12.2,,5106.0,4.561,True,exoplanets.org
Kepler-191 d,0.0,0.001,0.008,0.2,0.017236,1090.0,917.0,3.016,5.945,2.5711,12.9,0.0,5282.0,4.59,True,exoplanets.org
Kepler-192 b,0.0,0.001,0.009,0.24,0.022777,1047.0,881.0,2.975,9.9267,3.78,12.4,,5479.0,4.428,True,exoplanets.org
Kepler-192 c,0.0,0.0,0.008,0.25,0.023501,813.0,684.0,2.973,21.2234,4.94,12.4,,5479.0,4.428,True,exoplanets.org
Kepler-193 b,0.0,0.0,0.005,0.21,0.018422,1235.0,1038.0,3.002,11.3885,3.618,13.2,,6335.0,4.403,True,exoplanets.org
Kepler-193 c,0.0,0.0,0.005,0.25,0.022919,751.0,631.0,2.975,50.6975,6.115,13.2,,6335.0,4.403,True,exoplanets.org
Kepler-192 d,,,,0.09,0.00313,,,2.972,6.4703,3.241,12.4,0.0,5479.0,4.43,True,exoplanets.org
Kepler-198 d,0.002,0.001,0.005,0.14,0.012426,2046.0,1720.0,3.221,1.3118,1.7729,12.0,0.0,5574.0,4.47,True,exoplanets.org
Kepler-19 b,0.0,0.002,0.004,0.2,0.016594,1006.0,846.0,3.823,9.287,3.3652,10.3,,5541.0,4.59,True,exoplanets.org
Kepler-217 c,0.0,0.0,0.003,0.17,0.013621,1655.0,1392.0,3.093,8.586,3.356,12.1,,6171.0,4.03,True,exoplanets.org
Kepler-20 b,0.001,0.002,0.006,0.17,0.026665,1428.0,1201.0,3.359,3.6961,2.1815,10.9,290.0,5466.0,4.4,True,exoplanets.org
Kepler-428 b,0.009,0.03,0.016,1.08,1.27,1268.0,1066.0,3.439,3.5256,2.6136,13.2,720.0,5150.0,4.571,True,exoplanets.org
Kepler-82 d,0.001,0.001,0.003,0.16,0.013051,1618.0,1360.0,3.113,2.383,2.026,13.5,,5428.0,4.466,True,exoplanets.org
Kepler-83 d,0.0,0.001,0.007,0.17,0.014298,848.0,713.0,3.073,5.1698,2.163,12.9,,4648.0,4.718,True,exoplanets.org
Kepler-20 c,0.0,0.002,0.012,0.27,0.049506,997.0,839.0,3.218,10.8541,3.2857,10.9,290.0,5466.0,4.4,True,exoplanets.org
Kepler-20 d,0.0,0.0,0.013,0.25,0.023686,518.0,435.0,2.991,77.6118,6.33,10.9,290.0,5466.0,4.4,True,exoplanets.org
Kepler-265 e,0.0,0.0,0.003,0.23,0.020764,615.0,517.0,2.984,67.831,7.066,13.9,,5835.0,4.326,True,exoplanets.org
Kepler-266 b,0.0,0.001,0.005,0.22,0.019431,1301.0,1094.0,2.993,6.6183,3.717,13.8,,5885.0,4.453,True,exoplanets.org
Kepler-20 e,0.0,0.0,0.0,0.08,0.001756,1209.0,1016.0,4.389,6.0985,2.54,10.9,290.0,5466.0,4.443,True,exoplanets.org
Kepler-41 b,0.041,0.029,0.022,0.84,0.493545,1873.0,1575.0,3.24,1.8556,2.376,12.9,729.93,5660.0,4.44,True,exoplanets.org
Kepler-420 b,,,,0.94,1.45,544.0,457.0,3.609,86.6477,,12.7,900.0,5520.0,4.32,True,exoplanets.org
Kepler-84 d,0.0,0.0,0.002,0.12,0.008935,1652.0,1389.0,3.165,4.2245,3.172,13.2,,6031.0,4.323,True,exoplanets.org
Kepler-20 f,0.0,0.0,0.0,0.09,0.003231,819.0,689.0,4.406,19.5771,3.3329,10.9,290.0,5466.0,4.443,True,exoplanets.org
Kepler-217 d,,,,0.12,0.007744,,,3.139,3.8869,3.6581,12.1,0.0,6171.0,4.03,True,exoplanets.org
Kepler-218 d,,,,0.24,0.021628,,,2.98,124.5245,9.5981,12.3,0.0,5502.0,4.39,True,exoplanets.org
Kepler-219 c,0.0,0.001,0.007,0.32,0.039275,1021.0,859.0,2.98,22.7146,5.808,12.4,,5786.0,4.157,True,exoplanets.org
Kepler-21 b,0.014,0.006,0.006,0.15,0.012147,2317.0,1949.0,3.832,2.7858,3.4387,6.9,112.87,6131.0,4.019,True,exoplanets.org
Kepler-22 b,0.0,0.0,0.01,0.21,0.018335,340.0,285.0,3.003,289.8623,7.415,10.2,190.0,5518.0,4.44,True,exoplanets.org
Kepler-23 b,0.0,0.001,0.004,0.17,0.01398,1486.0,1250.0,3.082,7.1066,4.77,12.0,,5760.0,4.0,True,exoplanets.org
Kepler-249 b,0.0,0.0,0.008,0.1,0.003964,681.0,572.0,3.017,3.3065,1.767,12.0,,3568.0,4.777,True,exoplanets.org
Kepler-23 c,0.0,0.001,0.009,0.29,0.030528,1295.0,1089.0,2.969,10.7421,6.13,12.0,,5760.0,4.0,True,exoplanets.org
Kepler-245 e,0.0,0.001,0.004,0.16,0.012903,1313.0,1104.0,3.119,3.2198,2.1157,13.6,0.0,5100.0,4.56,True,exoplanets.org
Kepler-24 b,0.0,0.001,0.005,0.21,0.018507,1215.0,1022.0,3.001,8.1456,4.02,13.4,,5800.0,4.34,True,exoplanets.org
Kepler-252 b,0.0,0.0,0.005,0.11,0.006042,678.0,570.0,3.095,6.6684,1.978,12.5,,4208.0,4.721,True,exoplanets.org
Kepler-24 c,0.0,0.001,0.006,0.25,0.023612,1058.0,890.0,2.973,12.3318,3.71,13.4,,5800.0,4.34,True,exoplanets.org
Kepler-24 d,0.0,0.0,0.002,0.15,0.012374,1693.0,1424.0,3.14,4.2444,2.945,13.4,,5897.0,4.2,True,exoplanets.org
Kepler-24 e,0.0,0.0,0.003,0.25,0.023354,1027.0,864.0,2.974,18.9984,2.963,13.4,,5897.0,4.2,True,exoplanets.org
Kepler-250 b,0.0,0.0,0.003,0.1,0.0045,1180.0,992.0,3.04,4.1481,2.403,13.5,,5160.0,4.565,True,exoplanets.org
Kepler-250 c,0.0,0.0,0.005,0.2,0.017281,984.0,827.0,3.015,7.1568,2.567,13.5,,5160.0,4.565,True,exoplanets.org
Kepler-255 d,0.001,0.001,0.003,0.12,0.007744,2179.0,1832.0,3.139,1.0456,1.8269,13.7,0.0,5573.0,4.52,True,exoplanets.org
Kepler-256 b,0.001,0.0,0.002,0.14,0.011856,2207.0,1856.0,3.164,1.6205,2.241,13.4,,5551.0,4.223,True,exoplanets.org
Kepler-256 c,0.001,0.001,0.003,0.19,0.016051,1726.0,1451.0,3.034,3.388,2.628,13.4,,5551.0,4.223,True,exoplanets.org
Kepler-256 d,0.0,0.001,0.004,0.22,0.019431,1440.0,1211.0,2.993,5.8392,3.134,13.4,,5551.0,4.223,True,exoplanets.org
Kepler-256 e,0.0,0.0,0.003,0.21,0.017996,1177.0,990.0,3.006,10.6816,3.542,13.4,,5551.0,4.223,True,exoplanets.org
Kepler-25 b,,,,0.24,0.022355,1552.0,1305.0,2.977,6.2385,,9.5,,6270.0,4.278,True,exoplanets.org
Kepler-25 c,,,,0.46,0.089903,1224.0,1029.0,3.015,12.7204,,9.5,,6270.0,4.278,True,exoplanets.org
Kepler-26 b,0.0,0.001,0.015,0.32,0.039712,576.0,484.0,2.98,12.2824,2.82,12.6,,3933.0,4.5,True,exoplanets.org
Kepler-276 b,0.0,0.0,0.005,0.26,0.024719,1058.0,889.0,2.971,14.1284,3.733,13.8,,6105.0,4.453,True,exoplanets.org
Kepler-26 c,0.0,0.0,0.012,0.32,0.039712,514.0,433.0,2.98,17.252,2.12,12.6,,3933.0,4.5,True,exoplanets.org
Kepler-421 b,0.0,0.0,0.015,0.38,0.059281,221.0,186.0,3.01,704.1984,15.7896,11.5,320.0,5308.0,4.61,True,exoplanets.org
Kepler-425 b,0.008,0.025,0.06,0.98,1.0,1274.0,1071.0,2.812,3.797,2.353,12.8,650.0,5170.0,4.532,True,exoplanets.org
Kepler-85 c,,,,0.19,0.016274,1096.0,922.0,3.03,12.513,,13.1,,5497.0,4.22,True,exoplanets.org
Kepler-271 d,,,,0.06,0.000678,,,2.684,5.2497,2.766,11.7,0.0,5524.0,4.49,True,exoplanets.org
Kepler-426 b,0.021,0.03,0.052,1.09,1.0,1547.0,1301.0,2.853,3.2175,2.191,13.2,880.0,5725.0,4.471,True,exoplanets.org
Kepler-427 b,0.005,0.018,0.051,1.23,0.29,1277.0,1074.0,2.73,10.291,4.2936,12.8,1100.0,5800.0,4.14,True,exoplanets.org
Kepler-87 c,,,,0.55,0.020137,528.0,444.0,2.219,191.2318,,13.0,,5600.0,3.96,True,exoplanets.org
Kepler-27 b,0.0,0.001,0.011,0.36,0.051622,734.0,618.0,3.003,15.3348,3.47,14.1,,5400.0,5.4,True,exoplanets.org
Kepler-27 c,0.0,0.0,0.013,0.44,0.079399,579.0,487.0,3.014,31.3309,4.75,14.1,,5400.0,5.4,True,exoplanets.org
Kepler-280 b,0.001,0.001,0.004,0.13,0.010538,1718.0,1445.0,3.193,2.1395,2.02,12.8,,5744.0,4.537,True,exoplanets.org
Kepler-280 c,0.0,0.0,0.004,0.18,0.014854,1312.0,1103.0,3.059,4.8071,0.901,12.8,,5744.0,4.537,True,exoplanets.org
Kepler-289 d,0.0,0.0,0.005,0.24,0.012,687.0,578.0,2.699,66.0634,3.5568,12.5,700.0,5590.0,4.47,True,exoplanets.org
Kepler-28 b,0.001,0.004,0.02,0.32,0.039712,1119.0,941.0,2.98,5.9121,2.77,12.7,,4590.0,4.29,True,exoplanets.org
Kepler-28 c,0.0,0.002,0.018,0.3,0.034808,828.0,697.0,2.973,8.986,4.39,12.7,,4590.0,4.29,True,exoplanets.org
Kepler-290 b,0.0,0.0,0.005,0.2,0.016986,743.0,625.0,3.019,14.5893,2.404,13.4,,5147.0,4.622,True,exoplanets.org
Kepler-294 b,0.0,0.0,0.003,0.16,0.013051,1546.0,1300.0,3.113,3.7012,2.476,14.2,,5913.0,4.491,True,exoplanets.org
Kepler-294 c,0.0,0.001,0.005,0.24,0.022355,1273.0,1071.0,2.977,6.6264,3.175,14.2,,5913.0,4.491,True,exoplanets.org
Kepler-295 b,0.0,0.0,0.005,0.11,0.005874,933.0,785.0,3.09,12.6452,8.613,12.7,,5603.0,4.444,True,exoplanets.org
Kepler-295 c,0.0,0.0,0.004,0.1,0.005081,782.0,657.0,3.063,21.5263,8.213,12.7,,5603.0,4.444,True,exoplanets.org
Kepler-295 d,0.0,0.0,0.003,0.12,0.008507,672.0,565.0,3.156,33.8841,5.373,12.7,,5603.0,4.444,True,exoplanets.org
Kepler-296 b,0.0,0.0,0.006,0.08,0.002338,846.0,711.0,2.916,3.6215,1.729,12.6,,4249.0,4.729,True,exoplanets.org
Kepler-296 c,0.0,0.0,0.009,0.19,0.016051,721.0,606.0,3.034,5.8416,1.887,12.6,,4249.0,4.729,True,exoplanets.org
Kepler-296 d,0.0,0.0,0.008,0.2,0.017281,480.0,403.0,3.015,19.8502,2.826,12.6,,4249.0,4.729,True,exoplanets.org
Kepler-296 e,0.0,0.0,0.005,0.16,0.012912,400.0,337.0,3.118,34.1423,4.261,12.6,,4249.0,4.729,True,exoplanets.org
Kepler-296 f,0.0,0.0,0.004,0.16,0.013191,326.0,274.0,3.108,63.3359,3.755,12.6,,4249.0,4.729,True,exoplanets.org
Kepler-297 b,0.0,0.0,0.008,0.26,0.024719,650.0,546.0,2.971,38.8718,6.125,12.8,,5619.0,4.468,True,exoplanets.org
Kepler-297 c,0.0,0.0,0.014,0.58,0.117213,522.0,439.0,2.931,74.9201,4.794,12.8,,5619.0,4.468,True,exoplanets.org
Kepler-298 b,0.0,0.0,0.006,0.17,0.014454,637.0,536.0,3.069,10.4755,2.32,13.1,,4465.0,4.709,True,exoplanets.org
Kepler-298 c,0.0,0.0,0.004,0.17,0.014221,491.0,413.0,3.075,22.9288,2.398,13.1,,4465.0,4.709,True,exoplanets.org
Kepler-298 d,0.0,0.0,0.006,0.22,0.019665,327.0,275.0,2.991,77.4736,4.433,13.1,,4465.0,4.709,True,exoplanets.org
Kepler-299 b,0.0,0.0,0.002,0.12,0.007691,1633.0,1373.0,3.138,2.9271,2.546,13.4,,5617.0,4.394,True,exoplanets.org
Kepler-299 c,0.0,0.001,0.006,0.24,0.021541,1228.0,1033.0,2.98,6.8859,4.009,13.4,,5617.0,4.394,True,exoplanets.org
Kepler-299 d,0.0,0.0,0.003,0.17,0.013694,946.0,796.0,3.091,15.0548,4.279,13.4,,5617.0,4.394,True,exoplanets.org
Kepler-299 e,0.0,0.0,0.002,0.17,0.013768,693.0,583.0,3.089,38.2855,5.638,13.4,,5617.0,4.394,True,exoplanets.org
Kepler-300 b,0.0,0.0,0.003,0.15,0.012374,1064.0,894.0,3.14,10.4463,2.19,12.7,,5986.0,4.532,True,exoplanets.org
Kepler-29 b,0.0,0.001,0.007,0.32,0.039712,1059.0,890.0,2.98,10.3376,2.808,13.7,,5750.0,5.0,True,exoplanets.org
Kepler-29 c,0.0,0.0,0.005,0.26,0.025153,974.0,819.0,2.97,13.2907,3.048,13.7,,5750.0,5.0,True,exoplanets.org
Kepler-300 c,0.0,0.0,0.007,0.2,0.016986,676.0,568.0,3.019,40.715,8.692,12.7,,5986.0,4.532,True,exoplanets.org
Kepler-301 b,0.001,0.001,0.004,0.12,0.008298,1662.0,1398.0,3.152,2.5086,2.294,12.7,,5815.0,4.525,True,exoplanets.org
Kepler-301 c,0.0,0.0,0.003,0.12,0.008298,1286.0,1081.0,3.152,5.419,2.281,12.7,,5815.0,4.525,True,exoplanets.org
Kepler-301 d,0.0,0.0,0.004,0.16,0.012912,943.0,793.0,3.118,13.7512,3.958,12.7,,5815.0,4.525,True,exoplanets.org
Kepler-302 b,0.0,0.0,0.004,0.36,0.053798,834.0,701.0,3.007,30.1841,5.94,13.9,,5740.0,4.286,True,exoplanets.org
Kepler-302 c,0.0,0.0,0.005,1.11,1.0,516.0,434.0,3.303,127.2822,7.16,13.9,,5740.0,4.286,True,exoplanets.org
Kepler-303 b,0.0,0.0,0.013,0.08,0.001925,902.0,759.0,2.879,1.9371,1.535,11.6,,3944.0,4.768,True,exoplanets.org
Kepler-303 c,0.0,0.0,0.006,0.1,0.004641,586.0,493.0,3.046,7.0611,1.054,11.6,,3944.0,4.768,True,exoplanets.org
Kepler-304 b,0.0,0.002,0.014,0.26,0.024563,1079.0,907.0,2.971,3.2957,1.797,12.6,,4731.0,4.635,True,exoplanets.org
Kepler-304 c,0.0,0.001,0.006,0.19,0.016233,920.0,774.0,3.031,5.3159,1.114,12.6,,4731.0,4.635,True,exoplanets.org
Kepler-304 d,0.0,0.001,0.012,0.25,0.022919,754.0,634.0,2.975,9.6535,2.987,12.6,,4731.0,4.635,True,exoplanets.org
Kepler-305 d,0.0,0.0,0.005,0.24,0.022355,727.0,612.0,2.977,16.7387,2.46,13.7,,5100.0,4.561,True,exoplanets.org
Kepler-304 e,0.0,0.001,0.005,0.11,0.005538,1459.0,1227.0,3.079,1.4991,1.4421,12.6,0.0,4731.0,4.63,True,exoplanets.org
Kepler-306 b,0.0,0.0,0.003,0.14,0.012309,1031.0,867.0,3.22,4.6462,2.316,13.5,,4954.0,4.611,True,exoplanets.org
Kepler-306 c,0.0,0.0,0.007,0.21,0.017996,889.0,748.0,3.006,7.2402,3.052,13.5,,4954.0,4.611,True,exoplanets.org
Kepler-306 d,0.0,0.0,0.007,0.22,0.019315,665.0,559.0,2.994,17.3266,4.777,13.5,,4954.0,4.611,True,exoplanets.org
Kepler-306 e,0.0,0.0,0.005,0.2,0.017182,484.0,407.0,3.016,44.841,5.484,13.5,,4954.0,4.611,True,exoplanets.org
Kepler-308 b,0.0,0.0,0.003,0.19,0.015784,1098.0,923.0,3.039,9.6949,2.609,14.2,,5895.0,4.508,True,exoplanets.org
Kepler-308 c,0.0,0.0,0.003,0.19,0.016141,941.0,792.0,3.032,15.3823,3.951,14.2,,5895.0,4.508,True,exoplanets.org
Kepler-309 b,0.0,0.0,0.004,0.14,0.011667,906.0,762.0,3.174,5.9237,2.787,12.9,,4713.0,4.612,True,exoplanets.org
Kepler-309 c,0.0,0.0,0.004,0.22,0.019783,347.0,292.0,2.99,105.3564,3.658,12.9,,4713.0,4.612,True,exoplanets.org
Kepler-310 c,0.0,0.0,0.01,0.3,0.034421,579.0,487.0,2.972,56.4754,6.133,12.6,,5797.0,4.521,True,exoplanets.org
Kepler-30 b,0.0,0.0,0.009,0.35,0.035557,713.0,599.0,2.863,29.334,4.8,13.6,,5498.0,4.77,True,exoplanets.org
Kepler-30 c,0.0,0.001,0.004,1.1,2.01385,560.0,471.0,3.618,60.3231,5.7408,13.6,,5498.0,4.77,True,exoplanets.org
Kepler-30 d,0.0,0.0,0.037,0.78,0.072687,420.0,353.0,2.467,143.343,7.728,13.6,,5498.0,4.77,True,exoplanets.org
Kepler-310 b,0.0,0.0,0.003,0.11,0.00539,923.0,776.0,3.074,13.9307,2.104,12.6,,5797.0,4.521,True,exoplanets.org
Kepler-310 d,0.0,0.0,0.006,0.22,0.019315,491.0,413.0,2.994,92.8761,7.126,12.6,,5797.0,4.521,True,exoplanets.org
Kepler-311 b,0.0,0.0,0.004,0.15,0.012573,1259.0,1058.0,3.132,9.1761,4.342,12.4,,5905.0,4.308,True,exoplanets.org
Kepler-311 c,0.0,0.0,0.002,0.13,0.010063,975.0,820.0,3.185,19.7383,4.86,12.4,,5905.0,4.308,True,exoplanets.org
Kepler-312 b,0.002,0.001,0.004,0.12,0.007113,2506.0,2107.0,3.124,1.7724,2.453,11.6,,6115.0,4.191,True,exoplanets.org
Kepler-312 c,0.0,0.001,0.008,0.28,0.029603,1122.0,943.0,2.968,19.7474,3.376,11.6,,6115.0,4.191,True,exoplanets.org
Kepler-313 b,0.0,0.001,0.005,0.23,0.020022,1179.0,992.0,2.989,14.9704,5.858,12.5,,5727.0,4.127,True,exoplanets.org
Kepler-313 c,0.0,0.0,0.004,0.23,0.020513,913.0,768.0,2.986,32.2733,6.51,12.5,,5727.0,4.127,True,exoplanets.org
Kepler-314 b,0.0,0.0,0.011,0.07,0.001504,1590.0,1337.0,2.832,2.4611,2.293,10.8,,5378.0,4.465,True,exoplanets.org
Kepler-314 c,0.001,0.003,0.023,0.26,0.025195,1184.0,995.0,2.97,5.9604,2.765,10.8,,5378.0,4.465,True,exoplanets.org
Kepler-315 b,0.0,0.0,0.005,0.34,0.044512,528.0,444.0,2.989,96.1011,8.36,13.6,,5796.0,4.377,True,exoplanets.org
Kepler-315 c,0.0,0.0,0.004,0.37,0.056492,376.0,316.0,3.009,265.4693,10.184,13.6,,5796.0,4.377,True,exoplanets.org
Kepler-316 b,0.0,0.0,0.007,0.09,0.003591,949.0,798.0,2.998,2.2405,1.39,12.5,,4204.0,4.743,True,exoplanets.org
Kepler-316 c,0.0,0.0,0.006,0.1,0.004932,654.0,550.0,3.057,6.8278,2.419,12.5,,4204.0,4.743,True,exoplanets.org
Kepler-317 b,0.0,0.0,0.004,0.19,0.015523,1235.0,1039.0,3.044,5.5242,2.672,13.7,,5497.0,4.493,True,exoplanets.org
Kepler-317 c,0.0,0.0,0.002,0.15,0.012708,1059.0,890.0,3.126,8.775,2.857,13.7,,5497.0,4.493,True,exoplanets.org
Kepler-318 b,0.004,0.006,0.018,0.42,0.073321,1536.0,1291.0,3.013,4.6627,2.746,11.8,,5746.0,4.325,True,exoplanets.org
Kepler-318 c,0.0,0.002,0.011,0.33,0.041952,1126.0,947.0,2.984,11.815,2.556,11.8,,5746.0,4.325,True,exoplanets.org
Kepler-319 b,0.0,0.001,0.005,0.15,0.012112,1316.0,1106.0,3.152,4.3627,2.194,12.2,,5526.0,4.487,True,exoplanets.org
Kepler-319 c,0.0,0.001,0.009,0.23,0.021278,1127.0,948.0,2.981,6.9414,1.791,12.2,,5526.0,4.487,True,exoplanets.org
Kepler-319 d,0.0,0.0,0.006,0.2,0.017381,679.0,571.0,3.014,31.7819,3.863,12.2,,5526.0,4.487,True,exoplanets.org
Kepler-31 b,0.0,0.001,0.005,0.38,0.060667,1009.0,848.0,3.01,20.8613,4.992,13.9,,6340.0,4.696,True,exoplanets.org
Kepler-31 c,0.0,0.0,0.004,0.37,0.057797,795.0,669.0,3.01,42.6318,6.024,13.9,,6340.0,4.696,True,exoplanets.org
Kepler-31 d,0.0,0.0,0.004,0.41,0.068593,636.0,534.0,3.012,87.6489,8.795,13.9,,6034.0,4.219,True,exoplanets.org
Kepler-320 b,0.0,0.0,0.004,0.1,0.004641,1366.0,1149.0,3.046,8.3716,4.04,12.3,,6435.0,4.419,True,exoplanets.org
Kepler-320 c,0.0,0.0,0.003,0.12,0.008719,1060.0,891.0,3.16,17.9349,5.26,12.3,,6435.0,4.419,True,exoplanets.org
Kepler-321 b,0.001,0.001,0.007,0.16,0.013051,1510.0,1270.0,3.113,4.9154,2.725,11.2,,5740.0,4.302,True,exoplanets.org
Kepler-321 c,0.0,0.001,0.007,0.21,0.017684,1090.0,916.0,3.01,13.0939,2.14,11.2,,5740.0,4.302,True,exoplanets.org
Kepler-322 b,0.001,0.001,0.007,0.09,0.003022,1760.0,1480.0,2.965,1.6539,1.672,11.8,,5388.0,4.501,True,exoplanets.org
Kepler-322 c,0.0,0.001,0.006,0.15,0.012374,1276.0,1073.0,3.14,4.3372,2.454,11.8,,5388.0,4.501,True,exoplanets.org
Kepler-323 b,0.003,0.001,0.006,0.13,0.010063,2239.0,1883.0,3.185,1.6783,2.36,11.4,,5987.0,4.31,True,exoplanets.org
Kepler-323 c,0.001,0.001,0.007,0.15,0.012112,1743.0,1466.0,3.152,3.5538,3.05,11.4,,5987.0,4.31,True,exoplanets.org
Kepler-324 b,0.0,0.0,0.005,0.1,0.004641,1191.0,1001.0,3.046,4.3853,2.488,12.3,,5194.0,4.53,True,exoplanets.org
Kepler-324 c,0.0,0.0,0.011,0.28,0.029603,523.0,440.0,2.968,51.8056,6.589,12.3,,5194.0,4.53,True,exoplanets.org
Kepler-325 b,0.0,0.001,0.006,0.26,0.025356,1424.0,1197.0,2.97,4.5444,1.756,13.3,,5752.0,4.411,True,exoplanets.org
Kepler-325 c,0.0,0.0,0.004,0.23,0.020144,1009.0,849.0,2.988,12.7622,1.838,13.3,,5752.0,4.411,True,exoplanets.org
Kepler-325 d,0.0,0.0,0.004,0.25,0.023501,697.0,586.0,2.973,38.7152,3.458,13.3,,5752.0,4.411,True,exoplanets.org
Kepler-326 b,0.001,0.001,0.007,0.14,0.012309,1428.0,1201.0,3.22,2.2483,2.071,11.7,,5105.0,4.556,True,exoplanets.org
Kepler-326 c,0.0,0.001,0.005,0.12,0.009376,1126.0,947.0,3.173,4.5804,2.142,11.7,,5105.0,4.556,True,exoplanets.org
Kepler-326 d,0.0,0.0,0.004,0.11,0.00571,989.0,832.0,3.084,6.7669,1.631,11.7,,5105.0,4.556,True,exoplanets.org
Kepler-327 b,0.0,0.0,0.009,0.1,0.004226,799.0,672.0,3.029,2.5496,1.667,12.0,,3799.0,4.758,True,exoplanets.org
Kepler-327 c,0.0,0.0,0.008,0.09,0.003241,629.0,529.0,2.978,5.2123,2.129,12.0,,3799.0,4.758,True,exoplanets.org
Kepler-327 d,0.0,0.0,0.006,0.15,0.012776,453.0,381.0,3.124,13.9695,1.408,12.0,,3799.0,4.758,True,exoplanets.org
Kepler-329 b,0.0,0.0,0.005,0.12,0.009376,646.0,544.0,3.173,7.4164,2.168,12.7,,4257.0,4.74,True,exoplanets.org
Kepler-329 c,0.0,0.0,0.008,0.17,0.014221,475.0,399.0,3.075,18.6847,3.948,12.7,,4257.0,4.74,True,exoplanets.org
Kepler-32 b,0.0,0.001,0.01,0.2,0.016513,693.0,583.0,3.026,5.9012,2.112,12.8,303.0,3793.0,4.64,True,exoplanets.org
Kepler-32 c,0.0,0.0,0.008,0.18,0.01477,608.0,511.0,3.061,8.7522,2.328,12.8,303.0,3793.0,4.64,True,exoplanets.org
Kepler-32 d,0.0,0.0,0.011,0.24,0.022184,442.0,372.0,2.977,22.7802,2.976,12.8,303.0,3793.0,4.64,True,exoplanets.org
Kepler-330 b,0.0,0.0,0.003,0.12,0.008298,881.0,741.0,3.152,8.2598,3.005,13.3,,5117.0,4.636,True,exoplanets.org
Kepler-32 e,0.0,0.0,0.004,0.13,0.011751,879.0,739.0,3.212,2.896,1.272,12.8,303.0,3793.0,4.64,True,exoplanets.org
Kepler-32 f,0.0,0.0,0.008,0.07,0.001436,1383.0,1163.0,2.824,0.743,0.936,12.8,303.0,3793.0,4.64,True,exoplanets.org
Kepler-330 c,0.0,0.0,0.005,0.17,0.014376,707.0,595.0,3.071,15.9554,3.917,13.3,,5117.0,4.636,True,exoplanets.org
Kepler-331 b,0.0,0.0,0.006,0.16,0.013404,613.0,515.0,3.1,8.4575,2.304,13.3,,4347.0,4.768,True,exoplanets.org
Kepler-331 c,0.0,0.0,0.005,0.16,0.013548,483.0,406.0,3.096,17.2811,2.772,13.3,,4347.0,4.768,True,exoplanets.org
Kepler-331 d,0.0,0.0,0.003,0.15,0.012177,393.0,330.0,3.149,32.1343,2.815,13.3,,4347.0,4.768,True,exoplanets.org
Kepler-332 b,0.0,0.0,0.005,0.1,0.005081,875.0,735.0,3.063,7.6263,2.37,12.0,,4955.0,4.611,True,exoplanets.org
Kepler-332 c,0.0,0.0,0.005,0.1,0.003964,683.0,575.0,3.017,15.9956,3.379,12.0,,4955.0,4.611,True,exoplanets.org
Kepler-332 d,0.0,0.0,0.004,0.11,0.005234,530.0,446.0,3.068,34.2115,4.709,12.0,,4955.0,4.611,True,exoplanets.org
Kepler-333 b,0.0,0.0,0.006,0.12,0.007691,548.0,461.0,3.138,12.5512,3.216,12.1,,4259.0,4.732,True,exoplanets.org
Kepler-333 c,0.0,0.0,0.006,0.1,0.004226,441.0,371.0,3.029,24.0882,3.99,12.1,,4259.0,4.732,True,exoplanets.org
Kepler-334 b,0.0,0.0,0.006,0.1,0.004362,1400.0,1177.0,3.035,5.4703,3.041,11.4,,5828.0,4.385,True,exoplanets.org
Kepler-334 c,0.0,0.0,0.004,0.13,0.010063,1055.0,887.0,3.185,12.758,4.088,11.4,,5828.0,4.385,True,exoplanets.org
Kepler-334 d,0.0,0.0,0.003,0.13,0.009602,842.0,708.0,3.177,25.0985,2.767,11.4,,5828.0,4.385,True,exoplanets.org
Kepler-335 b,0.001,0.001,0.006,0.3,0.034649,1750.0,1472.0,2.973,6.5623,4.035,12.5,,5877.0,4.017,True,exoplanets.org
Kepler-335 c,0.0,0.0,0.004,0.27,0.028104,803.0,676.0,2.968,67.8445,12.157,12.5,,5877.0,4.017,True,exoplanets.org
Kepler-336 b,0.001,0.0,0.004,0.09,0.00313,2168.0,1823.0,2.972,2.0248,2.762,12.1,,5867.0,4.264,True,exoplanets.org
Kepler-336 c,0.0,0.001,0.005,0.19,0.015609,1291.0,1085.0,3.042,9.6,4.243,12.1,,5867.0,4.264,True,exoplanets.org
Kepler-336 d,0.0,0.0,0.005,0.21,0.018207,999.0,840.0,3.004,20.6788,4.515,12.1,,5867.0,4.264,True,exoplanets.org
Kepler-337 b,0.002,0.001,0.004,0.14,0.011542,2076.0,1746.0,3.181,3.2928,4.767,11.2,,5684.0,4.004,True,exoplanets.org
Kepler-337 c,0.0,0.001,0.006,0.18,0.015183,1448.0,1218.0,3.051,9.6932,5.509,11.2,,5684.0,4.004,True,exoplanets.org
Kepler-338 b,0.0,0.001,0.01,0.22,0.018973,1334.0,1122.0,2.997,13.727,7.288,10.8,,5923.0,4.017,True,exoplanets.org
Kepler-338 c,0.0,0.001,0.009,0.21,0.017891,1103.0,927.0,3.008,24.3109,8.82,10.8,,5923.0,4.017,True,exoplanets.org
Kepler-338 d,0.0,0.001,0.011,0.27,0.026861,902.0,758.0,2.968,44.431,10.624,10.8,,5923.0,4.017,True,exoplanets.org
Kepler-339 b,0.0,0.0,0.004,0.13,0.009831,1209.0,1017.0,3.181,4.9777,2.553,12.9,,5631.0,4.586,True,exoplanets.org
Kepler-339 c,0.0,0.0,0.004,0.1,0.004785,1080.0,908.0,3.052,6.9881,3.15,12.9,,5631.0,4.586,True,exoplanets.org
Kepler-339 d,0.0,0.0,0.004,0.1,0.005081,941.0,791.0,3.063,10.5583,3.41,12.9,,5631.0,4.586,True,exoplanets.org
Kepler-340 b,0.0,0.001,0.006,0.23,0.020022,1500.0,1261.0,2.989,14.8444,5.626,11.6,,6620.0,4.063,True,exoplanets.org
Kepler-340 c,0.0,0.001,0.008,0.3,0.034195,1300.0,1093.0,2.972,22.8247,6.614,11.6,,6620.0,4.063,True,exoplanets.org
Kepler-33 b,0.0,0.0,0.001,0.16,0.012833,1753.0,1474.0,3.593,5.6679,4.7513,12.6,,5904.0,4.027,True,exoplanets.org
Kepler-33 c,0.0,0.001,0.001,0.29,0.030528,1323.0,1113.0,3.713,13.1756,6.7,12.6,,5904.0,4.027,True,exoplanets.org
Kepler-33 d,,,,0.48,0.095206,1119.0,941.0,3.016,21.776,,12.6,,5904.0,4.027,True,exoplanets.org
Kepler-341 b,0.0,0.0,0.003,0.11,0.005234,1438.0,1209.0,3.068,5.1955,3.816,13.0,,6012.0,4.437,True,exoplanets.org
Kepler-33 e,0.0,0.001,0.005,0.36,0.05253,987.0,830.0,3.005,31.7844,8.6858,12.6,,5904.0,4.027,True,exoplanets.org
Kepler-33 f,0.0,0.001,0.001,0.4,0.065409,906.0,762.0,3.593,41.029,9.6864,12.6,,5904.0,4.027,True,exoplanets.org
Kepler-341 c,0.0,0.0,0.004,0.15,0.012573,1245.0,1047.0,3.132,8.0104,4.216,13.0,,6012.0,4.437,True,exoplanets.org
Kepler-341 d,0.0,0.0,0.004,0.17,0.013621,824.0,693.0,3.093,27.6663,6.048,13.0,,6012.0,4.437,True,exoplanets.org
Kepler-341 e,0.0,0.0,0.004,0.18,0.014692,714.0,600.0,3.063,42.4733,7.168,13.0,,6012.0,4.437,True,exoplanets.org
Kepler-342 b,0.0,0.001,0.005,0.2,0.016986,1239.0,1042.0,3.019,15.1703,4.016,12.0,,6175.0,4.187,True,exoplanets.org
Kepler-342 c,0.0,0.0,0.002,0.17,0.014454,1032.0,868.0,3.069,26.2341,2.435,12.0,,6175.0,4.187,True,exoplanets.org
Kepler-342 d,0.0,0.0,0.006,0.22,0.019547,901.0,758.0,2.992,39.4594,8.164,12.0,,6175.0,4.187,True,exoplanets.org
Kepler-343 b,0.0,0.001,0.005,0.22,0.01864,1370.0,1152.0,3.0,8.9686,4.326,12.7,,5807.0,4.184,True,exoplanets.org
Kepler-342 e,0.001,0.0,0.005,0.08,0.001891,2545.0,2140.0,2.876,1.6442,2.7822,12.0,0.0,6175.0,4.19,True,exoplanets.org
Kepler-343 c,0.0,0.0,0.002,0.18,0.014935,998.0,839.0,3.057,23.2218,2.708,12.7,,5807.0,4.184,True,exoplanets.org
Kepler-344 b,0.0,0.0,0.004,0.23,0.021019,834.0,701.0,2.983,21.9639,2.676,13.7,,5774.0,4.451,True,exoplanets.org
Kepler-344 c,0.0,0.0,0.004,0.26,0.026013,466.0,392.0,2.969,125.5968,7.533,13.7,,5774.0,4.451,True,exoplanets.org
Kepler-345 b,0.0,0.0,0.008,0.07,0.001004,746.0,628.0,2.757,7.4156,1.971,11.6,,4504.0,4.683,True,exoplanets.org
Kepler-345 c,0.0,0.0,0.005,0.11,0.005548,690.0,580.0,3.079,9.3874,1.555,11.6,,4504.0,4.683,True,exoplanets.org
Kepler-346 b,0.0,0.001,0.004,0.24,0.021674,1337.0,1124.0,2.98,6.5111,1.509,13.6,,6033.0,4.464,True,exoplanets.org
Kepler-346 c,0.0,0.0,0.004,0.27,0.028104,867.0,729.0,2.968,23.8515,2.385,13.6,,6033.0,4.464,True,exoplanets.org
Kepler-347 b,0.0,0.0,0.005,0.18,0.014533,1068.0,898.0,3.067,12.7984,6.244,13.0,,6088.0,4.472,True,exoplanets.org
Kepler-347 c,0.0,0.0,0.003,0.16,0.012912,830.0,698.0,3.118,27.3209,3.927,13.0,,6088.0,4.472,True,exoplanets.org
Kepler-348 b,0.0,0.0,0.003,0.14,0.012309,1537.0,1293.0,3.22,7.0568,1.909,11.4,,6177.0,4.244,True,exoplanets.org
Kepler-348 c,0.0,0.0,0.004,0.12,0.00789,1141.0,959.0,3.143,17.2654,5.187,11.4,,6177.0,4.244,True,exoplanets.org
Kepler-349 b,0.0,0.0,0.004,0.17,0.013992,1297.0,1091.0,3.082,5.9298,2.364,13.2,,5956.0,4.518,True,exoplanets.org
Kepler-349 c,0.0,0.0,0.004,0.17,0.014454,1019.0,857.0,3.069,12.2476,3.278,13.2,,5956.0,4.518,True,exoplanets.org
Kepler-34 b,,,,0.76,0.220004,,,2.97,288.822,,13.2,,,,True,exoplanets.org
Kepler-350 b,0.0,0.0,0.003,0.17,0.013621,1403.0,1179.0,3.093,11.1896,5.12,12.4,,6186.0,4.15,True,exoplanets.org
Kepler-351 b,0.0,0.0,0.005,0.27,0.027922,640.0,539.0,2.968,37.0549,5.122,14.1,,5643.0,4.556,True,exoplanets.org
Kepler-351 c,0.0,0.0,0.005,0.28,0.030386,554.0,466.0,2.968,57.2481,5.923,14.1,,5643.0,4.556,True,exoplanets.org
Kepler-352 b,0.0,0.0,0.009,0.08,0.001705,874.0,735.0,2.856,10.0554,2.963,11.1,,5212.0,4.566,True,exoplanets.org
Kepler-352 c,0.0,0.0,0.005,0.11,0.006213,743.0,625.0,3.1,16.333,2.122,11.1,,5212.0,4.566,True,exoplanets.org
Kepler-351 d,0.0,0.0,0.004,0.24,0.022548,416.0,350.0,2.976,142.5442,8.9491,14.1,0.0,5643.0,4.56,True,exoplanets.org
Kepler-353 b,0.0,0.0,0.006,0.08,0.001925,632.0,531.0,2.879,5.7953,2.184,12.8,,3903.0,4.751,True,exoplanets.org
Kepler-353 c,0.0,0.0,0.004,0.12,0.008935,558.0,469.0,3.165,8.4109,2.253,12.8,,3903.0,4.751,True,exoplanets.org
Kepler-354 b,0.0,0.0,0.005,0.16,0.013548,886.0,745.0,3.096,5.4767,2.503,13.2,,4648.0,4.627,True,exoplanets.org
Kepler-354 c,0.0,0.0,0.003,0.12,0.007495,608.0,512.0,3.134,16.9344,3.456,13.2,,4648.0,4.627,True,exoplanets.org
Kepler-354 d,0.0,0.0,0.003,0.11,0.006213,540.0,454.0,3.1,24.2098,4.373,13.2,,4648.0,4.627,True,exoplanets.org
Kepler-355 b,0.0,0.0,0.002,0.13,0.010781,1174.0,988.0,3.197,11.0319,4.935,13.7,,6184.0,4.441,True,exoplanets.org
Kepler-355 c,0.0,0.0,0.005,0.24,0.022355,885.0,744.0,2.977,25.7623,6.816,13.7,,6184.0,4.441,True,exoplanets.org
Kepler-356 b,0.001,0.001,0.004,0.14,0.01173,1743.0,1466.0,3.171,4.6127,2.972,11.7,,6133.0,4.256,True,exoplanets.org
Kepler-356 c,0.0,0.0,0.004,0.16,0.013333,1230.0,1034.0,3.103,13.1216,3.626,11.7,,6133.0,4.256,True,exoplanets.org
Kepler-357 b,0.0,0.0,0.004,0.16,0.013548,1010.0,850.0,3.096,6.4754,2.651,13.4,,5036.0,4.503,True,exoplanets.org
Kepler-357 c,0.0,0.0,0.004,0.24,0.021808,734.0,618.0,2.979,16.8584,2.016,13.4,,5036.0,4.503,True,exoplanets.org
Kepler-357 d,0.0,0.0,0.007,0.31,0.035574,513.0,431.0,2.974,49.4999,6.594,13.4,,5036.0,4.503,True,exoplanets.org
Kepler-358 b,0.0,0.0,0.003,0.24,0.022495,729.0,613.0,2.976,34.0605,2.461,13.7,,5908.0,4.504,True,exoplanets.org
Kepler-358 c,0.0,0.0,0.004,0.25,0.024407,541.0,455.0,2.971,83.4884,6.088,13.7,,5908.0,4.504,True,exoplanets.org
Kepler-359 b,0.0,0.0,0.004,0.31,0.038,905.0,761.0,2.978,25.5632,4.284,14.5,,6248.0,4.429,True,exoplanets.org
Kepler-359 c,0.0,0.0,0.003,0.38,0.060779,690.0,580.0,3.01,57.688,4.161,14.5,,6248.0,4.429,True,exoplanets.org
Kepler-359 d,0.0,0.0,0.002,0.36,0.05208,626.0,527.0,3.004,77.0957,3.476,14.5,,6248.0,4.429,True,exoplanets.org
Kepler-35 b,,,,0.73,0.127011,,,2.774,131.458,,13.9,,,,True,exoplanets.org
Kepler-360 b,0.0,0.0,0.003,0.15,0.012242,1714.0,1441.0,3.146,3.2897,2.312,13.2,,6053.0,4.423,True,exoplanets.org
Kepler-360 c,0.0,0.0,0.003,0.19,0.015609,1321.0,1111.0,3.042,7.1864,1.406,13.2,,6053.0,4.423,True,exoplanets.org
Kepler-361 b,0.0,0.0,0.003,0.13,0.010538,1435.0,1207.0,3.193,8.4866,5.176,12.2,,6169.0,4.254,True,exoplanets.org
Kepler-361 c,0.0,0.0,0.006,0.22,0.019902,769.0,647.0,2.989,55.188,9.167,12.2,,6169.0,4.254,True,exoplanets.org
Kepler-362 b,0.0,0.0,0.004,0.08,0.001849,925.0,778.0,2.871,10.3272,1.803,12.8,,5788.0,4.639,True,exoplanets.org
Kepler-362 c,0.0,0.0,0.003,0.13,0.010538,600.0,504.0,3.193,37.8663,4.769,12.8,,5788.0,4.639,True,exoplanets.org
Kepler-363 b,0.0,0.0,0.003,0.1,0.004932,1818.0,1529.0,3.057,3.6146,3.401,11.7,,5593.0,4.152,True,exoplanets.org
Kepler-363 c,0.0,0.001,0.004,0.15,0.012506,1423.0,1197.0,3.135,7.5424,4.9,11.7,,5593.0,4.152,True,exoplanets.org
Kepler-363 d,0.0,0.001,0.006,0.18,0.015183,1221.0,1027.0,3.051,11.9321,6.35,11.7,,5593.0,4.152,True,exoplanets.org
Kepler-364 b,0.0,0.0,0.003,0.14,0.011604,960.0,807.0,3.177,25.7457,6.983,12.4,,6108.0,4.273,True,exoplanets.org
Kepler-364 c,0.0,0.0,0.004,0.19,0.016051,724.0,609.0,3.034,59.9806,6.582,12.4,,6108.0,4.273,True,exoplanets.org
Kepler-365 b,0.0,0.0,0.004,0.18,0.0151,1145.0,963.0,3.053,10.6649,3.293,13.1,,6012.0,4.434,True,exoplanets.org
Kepler-365 c,0.0,0.0,0.002,0.15,0.012177,965.0,812.0,3.149,17.7841,3.862,13.1,,6012.0,4.434,True,exoplanets.org
Kepler-366 b,0.0,0.0,0.003,0.13,0.010781,1751.0,1473.0,3.197,3.282,2.851,13.3,,6209.0,4.452,True,exoplanets.org
Kepler-366 c,0.0,0.0,0.003,0.16,0.013191,1121.0,943.0,3.108,12.5162,4.838,13.3,,6209.0,4.452,True,exoplanets.org
Kepler-367 b,0.0,0.0,0.007,0.12,0.007302,479.0,403.0,3.129,37.8157,4.631,10.7,,4710.0,4.631,True,exoplanets.org
Kepler-367 c,0.0,0.0,0.007,0.11,0.005548,426.0,359.0,3.079,53.5786,5.236,10.7,,4710.0,4.631,True,exoplanets.org
Kepler-368 b,0.0,0.001,0.008,0.29,0.031811,1069.0,899.0,2.969,26.8477,10.085,11.2,,5502.0,3.903,True,exoplanets.org
Kepler-368 c,0.0,0.0,0.006,0.35,0.047844,768.0,646.0,2.996,72.3793,7.685,11.2,,5502.0,3.903,True,exoplanets.org
Kepler-369 b,0.0,0.0,0.006,0.1,0.0045,722.0,607.0,3.04,2.7328,1.037,12.4,,3591.0,4.785,True,exoplanets.org
Kepler-369 c,0.0,0.0,0.004,0.13,0.009602,410.0,345.0,3.177,14.8716,2.427,12.4,,3591.0,4.785,True,exoplanets.org
Kepler-36 b,0.0,0.0,0.003,0.13,0.014038,1271.0,1069.0,3.297,13.8399,6.74,10.8,,5911.0,,True,exoplanets.org
Kepler-36 c,0.001,0.003,0.027,0.33,0.025489,1205.0,1013.0,2.769,16.2386,7.43,10.8,,5911.0,,True,exoplanets.org
Kepler-370 b,0.0,0.0,0.003,0.14,0.011856,1369.0,1151.0,3.164,4.5795,3.282,13.6,,5852.0,4.531,True,exoplanets.org
Kepler-370 c,0.0,0.0,0.003,0.17,0.014068,852.0,716.0,3.08,19.0229,3.418,13.6,,5852.0,4.531,True,exoplanets.org
Kepler-371 b,0.0,0.0,0.004,0.17,0.013917,708.0,595.0,3.084,34.7633,4.174,12.3,,5666.0,4.39,True,exoplanets.org
Kepler-371 c,0.0,0.0,0.004,0.16,0.013121,566.0,476.0,3.11,67.968,7.802,12.3,,5666.0,4.39,True,exoplanets.org
Kepler-372 b,0.0,0.0,0.002,0.12,0.008507,1496.0,1258.0,3.156,6.8497,4.12,13.6,,6509.0,4.405,True,exoplanets.org
Kepler-372 c,0.0,0.0,0.004,0.19,0.015523,1046.0,880.0,3.044,20.0538,6.031,13.6,,6509.0,4.405,True,exoplanets.org
Kepler-372 d,0.0,0.0,0.002,0.15,0.012506,914.0,768.0,3.135,30.0926,7.499,13.6,,6509.0,4.405,True,exoplanets.org
Kepler-373 b,0.0,0.0,0.004,0.12,0.008507,1231.0,1035.0,3.156,5.5353,2.864,12.9,,5787.0,4.562,True,exoplanets.org
Kepler-373 c,0.0,0.0,0.003,0.11,0.006213,852.0,716.0,3.1,16.7259,2.875,12.9,,5787.0,4.562,True,exoplanets.org
Kepler-374 b,0.0,0.0,0.005,0.09,0.003241,1887.0,1586.0,2.978,1.8978,2.641,13.1,,5977.0,4.479,True,exoplanets.org
Kepler-374 c,0.0,0.0,0.004,0.1,0.004094,1572.0,1322.0,3.023,3.2828,3.309,13.1,,5977.0,4.479,True,exoplanets.org
Kepler-374 d,0.0,0.0,0.003,0.12,0.007495,1363.0,1147.0,3.134,5.0282,3.44,13.1,,5977.0,4.479,True,exoplanets.org
Kepler-375 b,0.0,0.0,0.002,0.13,0.010538,950.0,799.0,3.193,12.1259,3.04,14.1,,5826.0,4.567,True,exoplanets.org
Kepler-375 c,0.0,0.0,0.005,0.24,0.021541,804.0,676.0,2.98,19.9863,3.81,14.1,,5826.0,4.567,True,exoplanets.org
Kepler-376 b,0.0,0.0,0.004,0.1,0.003712,1540.0,1295.0,3.004,4.9202,3.915,12.3,,5900.0,4.303,True,exoplanets.org
Kepler-376 c,0.0,0.0,0.003,0.16,0.013191,1082.0,910.0,3.108,14.1723,2.61,12.3,,5900.0,4.303,True,exoplanets.org
Kepler-377 b,0.0,0.0,0.002,0.12,0.009154,1161.0,976.0,3.169,12.5095,4.022,12.5,,5949.0,4.303,True,exoplanets.org
Kepler-377 c,0.0,0.0,0.004,0.18,0.015267,898.0,755.0,3.049,27.015,5.776,12.5,,5949.0,4.303,True,exoplanets.org
Kepler-378 b,0.0,0.0,0.011,0.07,0.001053,619.0,521.0,2.765,16.0924,1.937,10.2,,4661.0,4.647,True,exoplanets.org
Kepler-378 c,0.0,0.0,0.012,0.06,0.000827,509.0,428.0,2.721,28.906,3.043,10.2,,4661.0,4.647,True,exoplanets.org
Kepler-379 b,0.0,0.0,0.003,0.15,0.012308,1042.0,876.0,3.143,20.0984,5.105,12.0,,6054.0,4.273,True,exoplanets.org
Kepler-379 c,0.0,0.0,0.004,0.2,0.017381,713.0,599.0,3.014,62.7847,4.678,12.0,,6054.0,4.273,True,exoplanets.org
Kepler-380 b,0.0,0.0,0.003,0.11,0.00539,1735.0,1459.0,3.074,3.9308,2.962,12.3,,6045.0,4.293,True,exoplanets.org
Kepler-37 b,0.0,0.0,0.0,0.03,0.009587,851.0,715.0,4.553,13.3673,3.0405,7.9,66.0,5417.0,4.567,True,exoplanets.org
Kepler-37 c,0.0,0.0,0.004,0.07,0.01079,728.0,612.0,3.771,21.3019,3.8453,7.9,66.0,5417.0,4.567,True,exoplanets.org
Kepler-380 c,0.0,0.0,0.003,0.11,0.006744,1391.0,1170.0,3.115,7.63,2.949,12.3,,6045.0,4.293,True,exoplanets.org
Kepler-381 b,0.001,0.001,0.01,0.09,0.002813,1773.0,1491.0,2.951,5.629,3.913,9.5,,6152.0,4.12,True,exoplanets.org
Kepler-37 d,0.0,0.001,0.122,0.18,0.005775,591.0,497.0,2.649,39.7922,4.6401,7.9,66.0,5417.0,4.567,True,exoplanets.org
Kepler-381 c,0.0,0.0,0.006,0.1,0.004362,1328.0,1117.0,3.035,13.3916,3.417,9.5,,6152.0,4.12,True,exoplanets.org
Kepler-382 b,0.0,0.0,0.003,0.12,0.007691,1281.0,1078.0,3.138,5.2622,3.229,12.9,,5600.0,4.401,True,exoplanets.org
Kepler-382 c,0.0,0.0,0.002,0.14,0.011856,969.0,815.0,3.164,12.1627,1.958,12.9,,5600.0,4.401,True,exoplanets.org
Kepler-383 b,0.0,0.0,0.004,0.12,0.007691,674.0,567.0,3.138,12.9045,3.322,12.7,,4710.0,4.624,True,exoplanets.org
Kepler-383 c,0.0,0.0,0.003,0.11,0.006213,502.0,422.0,3.1,31.2008,3.718,12.7,,4710.0,4.624,True,exoplanets.org
Kepler-384 b,0.0,0.0,0.005,0.1,0.004362,759.0,638.0,3.035,22.5971,6.031,12.0,,5577.0,4.475,True,exoplanets.org
Kepler-384 c,0.0,0.0,0.003,0.1,0.0045,601.0,506.0,3.04,45.3483,4.657,12.0,,5577.0,4.475,True,exoplanets.org
Kepler-385 b,0.0,0.001,0.005,0.24,0.022635,1274.0,1071.0,2.976,10.0437,4.597,13.8,,6326.0,4.412,True,exoplanets.org
Kepler-385 c,0.0,0.001,0.006,0.27,0.027564,1110.0,934.0,2.968,15.1632,6.804,13.8,,6326.0,4.412,True,exoplanets.org
Kepler-386 b,0.0,0.0,0.002,0.12,0.009154,804.0,676.0,3.169,12.3104,3.939,13.6,,5178.0,4.558,True,exoplanets.org
Kepler-386 c,0.0,0.0,0.002,0.14,0.011793,633.0,533.0,3.168,25.1935,4.634,13.6,,5178.0,4.558,True,exoplanets.org
Kepler-387 b,0.0,0.0,0.003,0.09,0.003241,1277.0,1074.0,2.978,6.7916,3.197,12.5,,5774.0,4.353,True,exoplanets.org
Kepler-387 c,0.0,0.0,0.003,0.08,0.001925,1061.0,892.0,2.879,11.8375,3.256,12.5,,5774.0,4.353,True,exoplanets.org
Kepler-388 b,0.0,0.0,0.008,0.07,0.00138,959.0,807.0,2.816,3.1733,2.042,12.5,,4498.0,4.69,True,exoplanets.org
Kepler-388 c,0.0,0.0,0.006,0.08,0.001705,595.0,500.0,2.856,13.297,3.277,12.5,,4498.0,4.69,True,exoplanets.org
Kepler-389 b,0.0,0.0,0.002,0.13,0.012045,1323.0,1113.0,3.216,3.2441,2.094,13.9,,5376.0,4.57,True,exoplanets.org
Kepler-389 c,0.0,0.0,0.002,0.13,0.010781,803.0,675.0,3.197,14.5114,2.967,13.9,,5376.0,4.57,True,exoplanets.org
Kepler-390 b,0.0,0.0,0.006,0.07,0.001441,987.0,830.0,2.824,6.7381,2.377,12.1,,5166.0,4.569,True,exoplanets.org
Kepler-390 c,0.0,0.0,0.005,0.07,0.001263,791.0,665.0,2.8,13.06,2.665,12.1,,5166.0,4.569,True,exoplanets.org
Kepler-38 b,,,,0.39,0.06213,651.0,548.0,3.01,105.595,,12.3,,5623.0,,True,exoplanets.org
Kepler-391 b,0.002,0.001,0.004,0.29,0.030585,1959.0,1648.0,2.969,7.4168,6.832,11.0,,4940.0,3.455,True,exoplanets.org
Kepler-391 c,0.001,0.001,0.004,0.32,0.038252,1397.0,1174.0,2.978,20.4854,10.381,11.0,,4940.0,3.455,True,exoplanets.org
Kepler-392 b,0.0,0.0,0.004,0.09,0.002916,1478.0,1243.0,2.958,5.3419,3.043,12.1,,5938.0,4.323,True,exoplanets.org
Kepler-392 c,0.0,0.0,0.003,0.1,0.004094,1183.0,994.0,3.023,10.4231,2.266,12.1,,5938.0,4.323,True,exoplanets.org
Kepler-393 b,0.0,0.0,0.003,0.12,0.007113,1423.0,1196.0,3.124,9.1824,4.343,12.0,,6189.0,4.233,True,exoplanets.org
Kepler-393 c,0.0,0.0,0.003,0.12,0.00789,1218.0,1025.0,3.143,14.6136,5.401,12.0,,6189.0,4.233,True,exoplanets.org
Kepler-394 b,0.0,0.0,0.002,0.14,0.01192,1394.0,1172.0,3.161,8.005,3.419,13.4,,6402.0,4.408,True,exoplanets.org
Kepler-394 c,0.0,0.0,0.002,0.15,0.012308,1214.0,1021.0,3.143,12.1307,3.819,13.4,,6402.0,4.408,True,exoplanets.org
Kepler-395 b,0.0,0.0,0.004,0.09,0.003241,678.0,571.0,2.978,7.0543,1.909,12.9,,4262.0,4.729,True,exoplanets.org
Kepler-395 c,0.0,0.0,0.003,0.12,0.007691,398.0,335.0,3.138,34.9893,4.459,12.9,,4262.0,4.729,True,exoplanets.org
Kepler-397 b,0.0,0.0,0.003,0.22,0.0192,677.0,569.0,2.995,22.2509,1.689,13.9,,5307.0,4.572,True,exoplanets.org
Kepler-397 c,0.0,0.0,0.01,0.55,0.100676,371.0,312.0,2.914,135.4985,6.901,13.9,,5307.0,4.572,True,exoplanets.org
Kepler-398 b,0.0,0.0,0.014,0.08,0.002251,901.0,758.0,2.909,4.0814,2.287,10.8,,4493.0,4.689,True,exoplanets.org
Kepler-398 c,0.0,0.0,0.012,0.09,0.003022,640.0,538.0,2.965,11.4194,3.342,10.8,,4493.0,4.689,True,exoplanets.org
Kepler-398 d,,,,0.08,0.001891,,,2.876,6.8344,2.1537,10.8,0.0,4493.0,4.69,True,exoplanets.org
Kepler-399 b,0.0,0.0,0.005,0.09,0.00252,763.0,642.0,2.93,14.4253,3.686,12.7,,5502.0,4.62,True,exoplanets.org
Kepler-399 c,0.0,0.0,0.003,0.13,0.010063,622.0,523.0,3.185,26.6757,2.758,12.7,,5502.0,4.62,True,exoplanets.org
Kepler-399 d,0.0,0.0,0.005,0.17,0.013917,480.0,403.0,3.084,58.0346,5.435,12.7,,5502.0,4.62,True,exoplanets.org
Kepler-400 b,0.0,0.0,0.003,0.15,0.012242,1239.0,1042.0,3.146,9.0244,3.128,12.3,,5886.0,4.35,True,exoplanets.org
Kepler-39 b,0.001,0.011,0.001,1.22,18.1805,1074.0,903.0,4.489,21.0874,6.02,12.9,1200.05,6260.0,4.1,True,exoplanets.org
Kepler-400 c,0.0,0.0,0.002,0.13,0.011529,996.0,838.0,3.209,17.3408,3.425,12.3,,5886.0,4.35,True,exoplanets.org
Kepler-401 b,0.0,0.0,0.005,0.15,0.01264,1189.0,1000.0,3.129,14.383,8.729,12.0,,6117.0,4.254,True,exoplanets.org
Kepler-401 c,0.0,0.0,0.006,0.19,0.016051,799.0,672.0,3.034,47.3182,10.579,12.0,,6117.0,4.254,True,exoplanets.org
Kepler-402 b,0.0,0.0,0.004,0.11,0.005874,1762.0,1482.0,3.09,4.0288,2.985,12.0,,6090.0,4.278,True,exoplanets.org
Kepler-401 d,,,,0.2,0.017236,,,3.016,184.2564,11.2829,12.0,0.0,6117.0,4.25,True,exoplanets.org
Kepler-402 c,0.0,0.001,0.004,0.14,0.011667,1532.0,1288.0,3.174,6.1248,3.467,12.0,,6090.0,4.278,True,exoplanets.org
Kepler-402 d,0.0,0.0,0.003,0.12,0.008935,1352.0,1137.0,3.165,8.9211,3.838,12.0,,6090.0,4.278,True,exoplanets.org
Kepler-402 e,0.0,0.0,0.003,0.13,0.010781,1251.0,1052.0,3.197,11.2429,4.194,12.0,,6090.0,4.278,True,exoplanets.org
Kepler-403 b,0.0,0.0,0.005,0.11,0.006387,1500.0,1262.0,3.105,7.0315,5.848,11.5,,6090.0,4.266,True,exoplanets.org
Kepler-403 c,0.0,0.0,0.003,0.16,0.012912,759.0,638.0,3.118,54.2807,5.373,11.5,,6090.0,4.266,True,exoplanets.org
Kepler-403 d,,,,0.13,0.009913,,,3.183,13.6116,7.5079,11.5,0.0,6090.0,4.27,True,exoplanets.org
Kepler-404 b,0.0,0.0,0.003,0.11,0.006744,955.0,803.0,3.115,11.8299,5.635,13.5,,5654.0,4.543,True,exoplanets.org
Kepler-404 c,0.0,0.0,0.002,0.15,0.012708,888.0,746.0,3.126,14.7512,1.166,13.5,,5654.0,4.543,True,exoplanets.org
Kepler-405 b,0.0,0.0,0.003,0.19,0.015437,1024.0,861.0,3.046,10.6138,3.538,14.1,,5818.0,4.536,True,exoplanets.org
Kepler-405 c,0.0,0.0,0.004,0.42,0.071727,727.0,611.0,3.012,29.7267,1.534,14.1,,5818.0,4.536,True,exoplanets.org
Kepler-406 b,,,,0.13,0.019979,1728.0,1453.0,3.483,2.4263,,11.0,,5538.0,4.409,True,exoplanets.org
Kepler-406 c,,,,0.08,0.008575,1394.0,1172.0,3.568,4.6233,,11.0,,5538.0,4.409,True,exoplanets.org
Kepler-422 b,,,,1.15,1.0,,,3.273,7.8914,4.3313,12.0,,,4.31,True,exoplanets.org
Kepler-423 b,0.047,0.05,0.03,1.2,1.0,1678.0,1411.0,3.236,2.6843,2.7336,12.8,,5790.0,4.48,True,exoplanets.org
Kepler-424 b,0.011,0.02,0.013,0.89,0.770225,1451.0,1221.0,3.382,3.3119,1.4578,12.5,,5460.0,4.49,True,exoplanets.org
Kepler-424 c,,,,,7.03702,356.0,300.0,,223.3,,12.5,,5460.0,4.49,True,exoplanets.org
Kepler-430 c,,,,0.16,0.012903,596.0,501.0,3.119,110.979,,12.4,,5884.0,4.15,True,exoplanets.org
Kepler-42 b,0.0,0.001,0.052,0.07,0.001204,682.0,574.0,2.791,1.2138,0.4946,11.5,38.7,3068.0,,True,exoplanets.org
Kepler-42 c,0.0,0.002,0.07,0.07,0.000955,947.0,797.0,2.747,0.4533,0.4223,11.5,38.7,3068.0,,True,exoplanets.org
Kepler-42 d,0.0,0.0,0.057,0.05,0.000405,591.0,497.0,2.59,1.8652,0.5794,11.5,38.7,3068.0,,True,exoplanets.org
Kepler-430 b,,,,0.3,0.033042,868.0,730.0,2.971,35.968,,12.4,,5884.0,4.15,True,exoplanets.org
Kepler-431 b,,,,0.07,0.001209,1342.0,1128.0,2.791,6.803,,10.6,,6004.0,4.4,True,exoplanets.org
Kepler-431 c,,,,0.06,0.000758,1236.0,1039.0,2.704,8.703,,10.6,,6004.0,4.4,True,exoplanets.org
Kepler-431 d,,,,0.1,0.00453,1113.0,936.0,3.042,11.922,,10.6,,6004.0,4.4,True,exoplanets.org
Kepler-432 c,,,,,2.36402,531.0,447.0,,406.2,,10.1,870.0,4995.0,3.345,True,exoplanets.org
Kepler-89 d,,,,1.03,0.163924,1048.0,882.0,2.586,23.343,,10.9,,6182.0,4.181,True,exoplanets.org
Kepler-432 b,,,,1.15,5.41,1050.0,883.0,4.01,52.5011,,10.1,870.0,4995.0,3.345,True,exoplanets.org
Kepler-433 b,0.051,0.029,0.001,1.45,2.82,2096.0,1763.0,4.529,5.3341,6.1776,12.8,1870.0,6340.0,4.0,True,exoplanets.org
Kepler-434 b,0.002,0.008,0.003,1.13,2.86,1188.0,999.0,3.753,12.8747,2.2872,13.0,1240.0,5970.0,4.22,True,exoplanets.org
KOI 102.01,0.013,0.007,0.027,0.29,0.033534,2018.0,1697.0,2.99,1.7351,2.2741,11.1,,5751.0,4.391,True,exoplanets.org
Kepler-435 b,0.069,0.041,0.042,1.99,0.84,2029.0,1707.0,2.729,8.6002,9.0024,12.3,2070.0,6090.0,3.5,True,exoplanets.org
Kepler-436 b,0.0,0.0,0.006,0.24,0.022635,419.0,352.0,2.976,64.002,4.67,13.3,618.0,4651.0,4.619,True,exoplanets.org
KOI 1030.01,0.0,0.0,0.003,0.25,0.024407,1328.0,1116.0,2.99,9.2296,2.235,14.0,,6320.0,4.347,True,exoplanets.org
KOI 1053.02,0.0,0.0,0.003,0.22,0.019818,675.0,567.0,3.009,46.2452,5.663,13.5,,5553.0,4.32,True,exoplanets.org
KOI 1066.01,0.003,0.011,0.011,0.83,0.613649,1226.0,1031.0,3.345,5.7148,3.1413,13.9,,5695.0,4.526,True,exoplanets.org
Kepler-436 c,0.0,0.0,0.006,0.21,0.017803,656.0,551.0,3.009,16.7971,3.2381,13.3,618.0,4651.0,4.62,True,exoplanets.org
Kepler-437 b,0.0,0.0,0.008,0.19,0.015962,402.0,338.0,3.036,66.6506,5.59,11.8,417.0,4551.0,4.629,True,exoplanets.org
Kepler-438 b,0.0,0.0,0.008,0.1,0.004362,374.0,314.0,3.035,35.2332,3.48,11.2,145.0,3748.0,4.74,True,exoplanets.org
KOI 1082.01,0.0,0.0,0.002,0.15,0.012613,1045.0,879.0,3.149,6.5033,2.591,13.8,,4999.0,4.49,True,exoplanets.org
Kepler-439 b,0.0,0.0,0.004,0.2,0.01689,375.0,316.0,3.02,178.1396,9.59,12.9,693.0,5431.0,4.514,True,exoplanets.org
Kepler-43 b,0.053,0.036,0.006,1.2,3.23143,1945.0,1636.0,3.748,3.0241,2.926,12.6,1950.0,6041.0,4.26,True,exoplanets.org
KOI 1083.02,0.0,0.0,0.003,0.09,0.002719,1331.0,1119.0,2.963,4.578,2.862,13.6,,5795.0,4.554,True,exoplanets.org
KOI 1089.02,0.0,0.002,0.008,0.45,0.090249,1085.0,912.0,3.034,12.2183,2.6969,13.1,,5822.0,4.351,True,exoplanets.org
KOI 1101.02,0.0,0.0,0.004,0.17,0.014305,821.0,691.0,3.091,11.3911,2.749,13.5,,4999.0,4.587,True,exoplanets.org
Kepler-440 b,0.0,0.0,0.008,0.17,0.013695,298.0,251.0,3.091,101.1114,7.95,12.1,261.0,4134.0,4.706,True,exoplanets.org
Kepler-441 b,0.0,0.0,0.004,0.15,0.012177,244.0,206.0,3.149,207.2482,6.05,12.3,284.0,4340.0,4.715,True,exoplanets.org
KOI 111.01,0.0,0.001,0.015,0.21,0.018536,1107.0,931.0,3.019,11.4276,4.6074,11.2,,5979.0,4.394,True,exoplanets.org
KOI 1127.03,0.0,0.0,0.002,0.11,0.005802,1615.0,1358.0,3.106,2.8367,3.031,14.0,,5831.0,4.517,True,exoplanets.org
KOI 1145.01,0.0,0.0,0.005,0.21,0.018206,807.0,678.0,3.023,30.5872,5.3698,12.7,,5944.0,4.38,True,exoplanets.org
Kepler-442 b,0.0,0.0,0.003,0.12,0.008093,314.0,264.0,3.147,112.3053,5.62,12.5,342.0,4402.0,4.673,True,exoplanets.org
Kepler-443 b,0.0,0.0,0.004,0.21,0.017788,304.0,256.0,3.009,177.6693,8.95,13.8,779.0,4723.0,4.614,True,exoplanets.org
KOI 1151.04,0.0,0.0,0.006,0.07,0.001188,831.0,699.0,2.807,17.4533,4.027,11.7,,5528.0,4.499,True,exoplanets.org
KOI 1159.01,0.0,0.0,0.009,0.48,0.101526,498.0,419.0,3.035,64.6175,5.796,13.2,,5043.0,4.47,True,exoplanets.org
KOI 1166.01,0.0,0.001,0.004,0.25,0.024566,1245.0,1047.0,2.989,7.6747,1.9374,13.9,,6063.0,4.47,True,exoplanets.org
Kepler-444 b,0.0,0.001,0.118,0.04,0.000134,1224.0,1029.0,2.392,3.6001,2.1139,6.7,35.7,5046.0,4.563,True,exoplanets.org
Kepler-444 c,0.0,0.001,0.104,0.05,0.000273,1133.0,952.0,2.519,4.5459,2.2649,6.7,35.7,5046.0,4.563,True,exoplanets.org
Kepler-444 d,0.0,0.001,0.093,0.05,0.00034,1022.0,859.0,2.558,6.1894,2.3487,6.7,35.7,5046.0,4.563,True,exoplanets.org
KOI 1170.01,0.0,0.0,0.004,0.16,0.013839,1092.0,918.0,3.105,7.3437,1.1784,13.0,,5757.0,4.597,True,exoplanets.org
Kepler-444 e,0.0,0.001,0.094,0.05,0.000378,948.0,798.0,2.577,7.7435,2.8503,6.7,35.7,5046.0,4.563,True,exoplanets.org
KOI 1191.01,0.0,0.001,0.008,0.29,0.033988,1115.0,938.0,2.99,8.1724,3.902,13.7,,5705.0,4.499,True,exoplanets.org
KOI 1194.01,0.0,0.0,0.006,0.18,0.01521,706.0,594.0,3.069,8.708,2.4904,13.4,,4362.0,4.722,True,exoplanets.org
KOI 1203.03,0.0,0.0,0.005,0.37,0.058731,636.0,535.0,3.028,48.6479,5.464,13.8,,5779.0,4.477,True,exoplanets.org
KOI 1209.01,0.0,0.0,0.005,0.53,0.12398,326.0,274.0,3.038,272.0868,2.7145,13.3,,5587.0,4.548,True,exoplanets.org
Kepler-444 f,0.0,0.001,0.063,0.07,0.001085,879.0,739.0,2.771,9.7405,2.004,6.7,35.7,5046.0,4.563,True,exoplanets.org
KOI 1236.04,0.0,0.0,0.007,0.37,0.058439,718.0,604.0,3.028,98.3531,24.708,12.5,,6366.0,4.045,True,exoplanets.org
KOI 1242.01,0.0,0.001,0.014,0.76,0.269819,539.0,453.0,3.068,99.6443,5.1772,12.5,,6102.0,4.447,True,exoplanets.org
KOI 1258.03,0.0,0.0,0.003,0.38,0.063503,417.0,351.0,3.029,148.272,4.192,14.0,,5717.0,4.538,True,exoplanets.org
KOI 1268.01,0.0,0.0,0.005,1.21,1.0,418.0,351.0,3.228,268.9411,5.4434,13.3,,5798.0,4.224,True,exoplanets.org
Kepler-445 b,0.0,0.001,0.021,0.14,0.01201,548.0,460.0,3.157,2.9842,1.0303,12.6,90.0,3157.0,,True,exoplanets.org
KOI 1276.02,0.0,0.0,0.002,0.13,0.011827,988.0,831.0,3.232,13.2608,3.912,13.1,,5478.0,4.354,True,exoplanets.org
KOI 1281.01,0.0,0.0,0.003,0.17,0.014147,600.0,505.0,3.096,49.4781,2.493,12.8,,5776.0,4.554,True,exoplanets.org
KOI 1303.01,0.0,0.001,0.01,0.29,0.033988,760.0,639.0,2.99,34.2966,19.718,13.1,,5490.0,4.263,True,exoplanets.org
KOI 1315.01,0.0,0.001,0.005,0.17,0.014305,1471.0,1237.0,3.091,6.8464,3.4919,11.8,,6065.0,4.251,True,exoplanets.org
KOI 1328.01,0.0,0.0,0.005,0.45,0.088075,473.0,398.0,3.033,80.967,2.5276,13.9,,5611.0,4.61,True,exoplanets.org
Kepler-445 c,0.0,0.001,0.046,0.23,0.020474,465.0,391.0,2.986,4.8712,1.2288,12.6,90.0,3157.0,,True,exoplanets.org
KOI 1338.02,0.0,0.0,0.003,0.15,0.012544,684.0,576.0,3.152,42.0371,6.282,13.1,,5823.0,4.427,True,exoplanets.org
KOI 1357.01,0.001,0.001,0.007,0.26,0.02571,1462.0,1229.0,2.988,3.0143,2.4747,13.5,,5209.0,4.446,True,exoplanets.org
KOI 1358.03,0.0,0.0,0.003,0.12,0.008478,1118.0,940.0,3.174,3.6483,1.9985,13.2,,4769.0,4.622,True,exoplanets.org
KOI 1359.02,0.0,0.0,0.01,0.58,0.119603,489.0,411.0,2.952,104.8206,4.4794,13.5,,5986.0,4.527,True,exoplanets.org
KOI 1369.01,0.001,0.001,0.004,0.2,0.017465,1885.0,1585.0,3.031,3.0162,2.8349,13.3,,5611.0,4.144,True,exoplanets.org
Kepler-445 d,0.0,0.0,0.015,0.11,0.006887,392.0,329.0,3.118,8.1527,1.3872,12.6,90.0,3157.0,,True,exoplanets.org
KOI 1395.01,0.0,0.001,0.005,0.33,0.044793,1137.0,956.0,3.008,6.2303,1.6493,14.0,,5477.0,4.557,True,exoplanets.org
KOI 1399.01,0.0,0.0,0.005,0.2,0.017672,886.0,745.0,3.029,8.7506,2.8288,13.7,,4942.0,4.599,True,exoplanets.org
KOI 141.01,0.005,0.008,0.021,0.46,0.090614,1514.0,1273.0,3.034,2.6242,1.3874,12.0,,5340.0,4.514,True,exoplanets.org
KOI 1420.01,0.0,0.001,0.01,0.4,0.067835,761.0,640.0,3.03,13.3515,3.6045,13.5,,4843.0,4.562,True,exoplanets.org
KOI 1427.02,0.0,0.0,0.005,0.07,0.001691,752.0,633.0,2.873,4.8845,2.057,13.1,,3883.0,4.725,True,exoplanets.org
Kepler-446 b,0.0,0.001,0.014,0.14,0.011515,747.0,628.0,3.182,1.5654,0.6456,12.8,120.0,3359.0,,True,exoplanets.org
KOI 1431.01,0.0,0.0,0.016,0.69,0.205625,314.0,264.0,3.023,345.1589,7.5646,11.8,,5597.0,4.515,True,exoplanets.org
KOI 1458.01,0.001,0.004,0.009,0.64,0.239744,1167.0,981.0,3.16,8.9813,5.0397,14.2,,5977.0,4.473,True,exoplanets.org
KOI 1473.01,0.0,0.002,0.01,0.68,0.189281,785.0,660.0,3.011,23.0203,3.544,13.8,,5613.0,4.496,True,exoplanets.org
KOI 1475.03,0.0,0.0,0.004,0.11,0.006321,869.0,731.0,3.121,4.7294,2.234,13.2,,4224.0,4.662,True,exoplanets.org
Kepler-446 c,0.0,0.0,0.014,0.1,0.00453,599.0,504.0,3.042,3.0362,0.9432,12.8,120.0,3359.0,,True,exoplanets.org
KOI 1480.02,0.0,0.0,0.002,0.11,0.005802,980.0,824.0,3.106,7.0045,2.669,13.9,,4883.0,4.515,True,exoplanets.org
KOI 1498.02,0.001,0.0,0.002,0.14,0.012274,1993.0,1676.0,3.163,2.4215,2.965,14.2,,6213.0,4.387,True,exoplanets.org
KOI 1510.01,0.002,0.001,0.004,0.15,0.012341,1895.0,1593.0,3.16,0.84,1.3008,13.9,,4932.0,4.618,True,exoplanets.org
KOI 1525.02,0.001,0.001,0.005,0.26,0.02571,1829.0,1538.0,2.988,11.8062,4.472,11.0,,6900.0,3.843,True,exoplanets.org
KOI 1537.01,0.0,0.001,0.004,0.12,0.009828,1487.0,1250.0,3.2,10.1915,6.165,10.5,,6212.0,4.049,True,exoplanets.org
Kepler-446 d,0.0,0.0,0.01,0.12,0.008907,502.0,422.0,3.164,5.1489,0.8832,12.8,120.0,3359.0,,True,exoplanets.org
KOI 1552.01,0.0,0.0,0.01,0.84,0.392323,423.0,356.0,3.141,77.6342,4.1002,13.6,,4812.0,4.548,True,exoplanets.org
KOI 1562.02,0.0,0.0,0.004,0.2,0.017465,861.0,724.0,3.031,20.0679,5.236,13.9,,5997.0,4.522,True,exoplanets.org
KOI 1563.03,0.0,0.0,0.003,0.15,0.01282,1300.0,1093.0,3.14,3.2054,2.143,13.7,,5103.0,4.562,True,exoplanets.org
KOI 1574.03,0.0,0.0,0.003,0.18,0.014956,1669.0,1404.0,3.075,5.8339,4.5813,13.0,,5597.0,3.963,True,exoplanets.org
Kepler-447 b,0.012,0.063,0.059,1.65,1.37,1162.0,977.0,3.079,7.7943,1.135,10.8,,5493.0,4.4,True,exoplanets.org
Kepler-307 c,,,,0.24,0.023183,855.0,719.0,,13.0729,3.0401,12.3,600.0,5367.0,4.36,True,exoplanets.org
KOI 1582.01,0.0,0.0,0.003,1.01,1.0,458.0,386.0,3.386,186.4362,5.774,13.6,,5393.0,4.132,True,exoplanets.org
KOI 1591.01,0.0,0.0,0.007,0.25,0.025049,714.0,600.0,2.989,19.6564,3.226,13.5,,5288.0,4.613,True,exoplanets.org
Kepler-44 b,0.045,0.03,0.016,1.24,1.02109,1906.0,1603.0,3.213,3.2467,3.218,12.9,2250.02,5757.0,4.15,True,exoplanets.org
Kepler-454 b,0.0,0.001,0.013,0.21,0.021586,1093.0,919.0,3.079,10.57,1.7764,10.0,,5701.0,4.37,True,exoplanets.org
KOI 1599.02,0.003,0.04,0.093,1.99,1.0,982.0,825.0,2.797,13.6165,5.175,13.2,,5823.0,4.472,True,exoplanets.org
KOI 1602.02,0.001,0.0,0.002,0.14,0.011814,1989.0,1672.0,3.185,3.0336,4.026,13.3,,5557.0,4.037,True,exoplanets.org
KOI 1613.02,0.0,0.0,0.006,0.08,0.00216,631.0,531.0,2.919,94.0944,10.833,10.3,,6099.0,4.193,True,exoplanets.org
Kepler-458 c,0.0,0.001,0.018,0.38,0.057999,920.0,774.0,3.01,20.7403,10.3853,12.5,0.0,6065.0,4.42,True,exoplanets.org
Kepler-45 b,0.002,0.024,0.033,0.96,0.511499,939.0,789.0,3.142,2.4552,1.0911,12.9,333.0,3820.0,4.7,True,exoplanets.org
KOI 1619.01,0.0,0.0,0.019,0.06,0.000725,634.0,533.0,2.715,20.6654,3.172,9.6,,4830.0,4.605,True,exoplanets.org
KOI 1627.03,0.001,0.001,0.003,0.25,0.023786,2046.0,1720.0,2.991,3.8068,2.092,13.5,,6068.0,4.04,True,exoplanets.org
KOI 1646.01,0.0,0.0,0.005,0.09,0.003035,1240.0,1043.0,2.984,3.7202,1.892,12.2,,5017.0,4.516,True,exoplanets.org
Kepler-460 c,0.0,0.0,0.012,0.49,0.101476,473.0,398.0,3.017,220.1303,21.445,12.4,0.0,6340.0,4.16,True,exoplanets.org
Kepler-461 b,0.0,0.001,0.012,0.23,0.020614,1090.0,917.0,2.985,8.3138,2.9927,11.9,468.0,5634.0,4.51,True,exoplanets.org
Kepler-462 b,0.0,0.001,0.009,0.34,0.044402,871.0,733.0,2.989,84.688,10.0215,10.9,733.0,7070.0,4.02,True,exoplanets.org
KOI 1649.01,0.0,0.001,0.011,0.16,0.013174,797.0,670.0,3.127,4.0436,1.965,11.8,,3871.0,4.744,True,exoplanets.org
Kepler-463 b,0.0,0.002,0.017,0.27,0.027721,1083.0,910.0,2.968,8.981,1.8737,11.2,336.0,5661.0,4.47,True,exoplanets.org
Kepler-464 b,0.002,0.003,0.013,0.29,0.032559,1533.0,1289.0,2.97,7.257,4.8639,11.3,653.0,5933.0,4.11,True,exoplanets.org
Kepler-465 b,0.001,0.002,0.012,0.26,0.025979,1318.0,1109.0,2.969,9.9407,3.9006,11.5,587.0,6310.0,4.31,True,exoplanets.org
KOI 1660.01,0.0,0.0,0.002,0.18,0.01504,698.0,587.0,3.073,35.6364,4.888,14.1,,5926.0,4.532,True,exoplanets.org
Kepler-466 b,0.0,0.0,0.012,0.25,0.024362,666.0,560.0,2.971,51.0793,6.3729,11.4,436.0,5927.0,4.42,True,exoplanets.org
Kepler-466 c,0.0,0.001,0.006,0.11,0.006482,1596.0,1342.0,3.107,3.7092,2.5575,11.4,436.0,5927.0,4.42,True,exoplanets.org
Kepler-467 b,0.0,0.001,0.009,0.2,0.017015,944.0,794.0,3.019,24.9932,5.9083,10.9,458.0,5809.0,4.18,True,exoplanets.org
KOI 1675.01,0.001,0.018,0.05,1.96,1.0,886.0,745.0,2.812,14.624,2.193,14.1,,5753.0,4.57,True,exoplanets.org
Kepler-468 b,0.0,0.006,0.027,1.19,1.0,626.0,527.0,3.243,38.4788,5.0585,12.0,474.0,5498.0,4.54,True,exoplanets.org
Kepler-46 b,0.0,0.001,0.015,0.81,0.314805,644.0,542.0,2.966,33.6013,4.0383,13.3,855.0,5155.0,4.447,True,exoplanets.org
Kepler-46 c,,,,,0.376,545.0,458.0,,57.011,,13.3,855.0,5155.0,4.447,True,exoplanets.org
KOI 1681.03,0.0,0.025,0.031,0.95,1.0,725.0,609.0,3.442,3.5311,1.778,12.6,,3638.0,4.844,True,exoplanets.org
Kepler-470 b,0.002,0.015,0.02,1.29,1.0,1133.0,953.0,3.174,24.6692,6.9185,12.0,989.0,6613.0,4.14,True,exoplanets.org
Kepler-471 b,0.05,0.032,0.022,1.33,1.0,2022.0,1700.0,3.143,5.0142,4.6115,12.6,1373.0,6733.0,4.1,True,exoplanets.org
Kepler-472 b,0.001,0.005,0.032,0.29,0.030927,1153.0,969.0,2.969,4.1763,3.7012,11.5,302.0,4996.0,4.59,True,exoplanets.org
Kepler-473 b,0.0,0.003,0.015,0.36,0.054502,1118.0,940.0,3.008,14.5573,7.7724,11.7,641.0,5816.0,4.21,True,exoplanets.org
Kepler-474 b,0.001,0.003,0.017,0.27,0.027923,1384.0,1163.0,2.968,5.6607,4.6722,11.9,568.0,5785.0,4.36,True,exoplanets.org
Kepler-475 b,0.001,0.003,0.019,0.22,0.019529,1281.0,1077.0,2.992,3.1055,1.721,11.2,280.0,5009.0,4.58,True,exoplanets.org
Kepler-1650 b,0.0,0.001,0.015,0.09,0.002693,835.0,702.0,2.943,1.5382,0.9765,12.2,120.5,3410.0,4.978,True,exoplanets.org
Kepler-476 b,0.0,0.001,0.011,0.28,0.028332,1030.0,866.0,2.968,14.0064,4.6809,12.3,687.0,5837.0,4.38,True,exoplanets.org
Kepler-477 b,0.0,0.001,0.011,0.18,0.015383,874.0,735.0,3.047,11.1199,3.3296,11.7,367.0,5240.0,4.58,True,exoplanets.org
Kepler-478 b,0.0,0.001,0.012,0.24,0.022391,829.0,697.0,2.977,13.2218,2.9069,12.0,420.0,5210.0,4.56,True,exoplanets.org
KOI 1708.01,0.0,0.001,0.004,0.45,0.086641,891.0,749.0,3.033,32.7738,3.416,13.2,,5640.0,4.076,True,exoplanets.org
Kepler-479 b,0.0,0.001,0.008,0.19,0.015771,854.0,719.0,3.039,12.4934,2.2382,11.7,371.0,5247.0,4.56,True,exoplanets.org
Kepler-47 b,,,,0.27,0.026473,613.0,515.0,2.968,49.514,,13.5,,5636.0,4.42,True,exoplanets.org
Kepler-47 c,,,,0.42,0.072924,335.0,282.0,3.012,303.158,,13.5,,5636.0,4.42,True,exoplanets.org
KOI 1725.01,0.0,0.0,0.023,0.14,0.012141,511.0,430.0,3.169,9.8786,1.8915,9.8,,3609.0,4.843,True,exoplanets.org
Kepler-480 b,0.002,0.002,0.011,0.25,0.023351,1698.0,1427.0,2.974,4.9196,4.1876,12.1,806.0,6322.0,4.28,True,exoplanets.org
Kepler-481 b,0.0,0.001,0.009,0.22,0.01966,1147.0,965.0,2.991,10.0608,4.5782,12.4,713.0,5802.0,4.36,True,exoplanets.org
Kepler-482 b,0.0,0.0,0.009,0.21,0.018155,463.0,389.0,3.005,56.3542,3.2904,11.5,290.0,4871.0,4.6,True,exoplanets.org
KOI 1731.01,0.0,0.001,0.006,0.21,0.018648,1318.0,1108.0,3.018,2.5949,1.684,13.4,,4748.0,4.526,True,exoplanets.org
Kepler-483 b,0.0,0.001,0.007,0.29,0.030701,971.0,816.0,2.969,30.2291,6.4658,12.2,953.0,6346.0,4.21,True,exoplanets.org
Kepler-484 b,0.0,0.001,0.013,0.2,0.017236,1010.0,849.0,3.016,10.0456,3.1986,11.5,377.0,5668.0,4.54,True,exoplanets.org
Kepler-485 b,0.036,0.037,0.024,1.29,1.0,1701.0,1431.0,3.176,3.2433,3.036,13.4,1173.0,5958.0,4.39,True,exoplanets.org
Kepler-486 b,0.0,0.004,0.024,0.98,0.7621,582.0,490.0,3.293,30.3604,6.0193,12.3,428.0,4926.0,4.6,True,exoplanets.org
Kepler-487 b,0.0,0.008,0.012,1.02,1.0,855.0,719.0,3.378,15.3588,4.1452,13.3,835.0,5444.0,4.51,True,exoplanets.org
Kepler-487 c,0.0,0.0,0.006,0.24,0.021929,628.0,528.0,2.978,38.652,6.336,13.3,835.0,5444.0,4.51,True,exoplanets.org
KOI 1754.01,0.0,0.0,0.004,0.23,0.021217,1213.0,1020.0,3.0,15.1359,2.236,11.9,,6050.0,4.137,True,exoplanets.org
Kepler-488 b,0.04,0.039,0.028,1.41,1.0,1727.0,1452.0,3.096,3.1208,2.1799,13.4,1157.0,5970.0,4.39,True,exoplanets.org
Kepler-489 b,0.0,0.005,0.039,0.69,0.18782,716.0,602.0,2.992,17.2763,3.9433,12.0,379.0,5014.0,4.59,True,exoplanets.org
Kepler-48 b,,,,0.17,0.012397,1218.0,1024.0,3.02,4.778,,11.2,,5194.0,4.487,True,exoplanets.org
Kepler-48 d,,,,0.18,0.0151,586.0,493.0,3.053,42.8961,,11.2,,5194.0,4.487,True,exoplanets.org
Kepler-48 c,,,,0.24,0.045968,963.0,810.0,3.29,9.6739,,11.2,,5194.0,4.487,True,exoplanets.org
Kepler-490 b,0.025,0.024,0.013,1.04,1.0,1743.0,1465.0,3.361,3.2687,3.4531,13.5,1249.0,6045.0,4.37,True,exoplanets.org
Kepler-491 b,0.009,0.018,0.018,0.8,0.476871,1425.0,1199.0,3.271,4.2254,2.8183,12.4,657.0,5582.0,4.42,True,exoplanets.org
KOI 177.01,0.0,0.0,0.006,0.16,0.013392,870.0,731.0,3.119,21.0608,5.2472,11.6,,5706.0,4.382,True,exoplanets.org
Kepler-492 b,0.0,0.009,0.013,0.86,0.643816,960.0,807.0,3.338,11.7201,2.9965,12.7,642.0,5527.0,4.5,True,exoplanets.org
Kepler-493 b,0.05,0.026,0.016,1.35,1.0,2160.0,1817.0,3.134,3.0039,3.2585,13.7,1942.0,6457.0,4.19,True,exoplanets.org
Kepler-494 b,0.003,0.008,0.017,0.64,0.218701,1357.0,1141.0,3.126,8.0251,5.3189,12.5,862.0,6007.0,4.28,True,exoplanets.org
Kepler-49 d,0.0,0.001,0.007,0.14,0.01192,949.0,798.0,3.161,2.5765,1.597,12.4,,4252.0,4.727,True,exoplanets.org
Kepler-495 b,0.003,0.007,0.022,0.47,0.09114,1358.0,1142.0,3.015,3.413,2.6075,12.8,630.0,5346.0,4.55,True,exoplanets.org
Kepler-496 b,0.0,0.001,0.008,0.21,0.017687,994.0,836.0,3.01,8.3086,3.221,12.9,655.0,5293.0,4.55,True,exoplanets.org
Kepler-497 b,0.005,0.006,0.014,0.54,0.122459,1623.0,1365.0,3.019,3.5732,2.8837,13.2,1070.0,5834.0,4.39,True,exoplanets.org
Kepler-49 e,0.0,0.0,0.004,0.14,0.011667,491.0,413.0,3.174,18.5961,2.164,12.4,,4252.0,4.727,True,exoplanets.org
Kepler-498 b,0.0,0.001,0.012,0.27,0.027323,1087.0,914.0,2.968,9.6138,4.7305,12.8,746.0,5744.0,4.47,True,exoplanets.org
Kepler-499 b,0.0,0.001,0.008,0.19,0.016274,1140.0,958.0,3.03,5.6325,2.153,12.4,523.0,5312.0,4.55,True,exoplanets.org
Kepler-49 b,0.0,0.099,0.02,0.24,0.022461,678.0,570.0,2.976,7.2038,2.9766,12.4,,3974.0,4.73,True,exoplanets.org
KOI 1783.01,0.0,0.001,0.006,0.94,0.663535,536.0,450.0,3.271,134.4785,5.9288,12.6,,5791.0,4.185,True,exoplanets.org
Kepler-49 c,0.0,0.0,0.015,0.23,0.020238,591.0,497.0,2.987,10.9129,2.8577,12.4,,3974.0,4.73,True,exoplanets.org
Kepler-4 b,0.011,0.008,0.016,0.36,0.077228,1916.0,1611.0,3.178,3.2135,3.9608,10.8,549.45,5857.0,4.25,True,exoplanets.org
Kepler-500 b,0.0,0.001,0.008,0.23,0.020614,1179.0,992.0,2.985,8.5083,3.5033,12.6,747.0,5813.0,4.42,True,exoplanets.org
KOI 179.02,0.0,0.0,0.008,0.52,0.117627,343.0,289.0,3.037,572.3766,24.42,12.5,,6226.0,4.264,True,exoplanets.org
Kepler-501 b,0.001,0.002,0.01,0.38,0.060903,1378.0,1159.0,3.01,5.6407,2.9016,13.3,1044.0,5904.0,4.42,True,exoplanets.org
Kepler-502 b,0.003,0.003,0.01,0.43,0.075422,1666.0,1401.0,3.013,4.2869,4.4231,13.6,1433.0,6125.0,4.33,True,exoplanets.org
Kepler-503 b,0.001,0.006,0.019,0.56,0.145002,1221.0,1027.0,3.061,7.2584,5.7429,13.0,888.0,5754.0,4.44,True,exoplanets.org
Kepler-50 c,0.002,0.002,0.015,0.25,0.023464,1560.0,1312.0,2.973,9.3761,2.6022,9.2,,6058.0,3.98,True,exoplanets.org
Kepler-504 b,0.0,0.0,0.018,0.14,0.011867,469.0,395.0,3.164,9.5493,1.7722,11.2,75.0,3519.0,4.94,True,exoplanets.org
Kepler-505 b,0.0,0.0,0.016,0.23,0.020897,429.0,361.0,2.983,27.522,4.0704,12.1,222.0,3931.0,4.73,True,exoplanets.org
Kepler-506 b,0.001,0.003,0.024,0.24,0.022706,1422.0,1196.0,2.976,6.8834,2.0651,9.6,231.0,6236.0,4.36,True,exoplanets.org
Kepler-507 b,0.001,0.001,0.007,0.12,0.007307,1836.0,1544.0,3.129,3.5681,3.2455,10.7,410.0,6113.0,4.26,True,exoplanets.org
Kepler-508 b,0.0,0.0,0.007,0.15,0.012155,916.0,771.0,3.15,25.3089,5.6829,10.4,325.0,6025.0,4.3,True,exoplanets.org
Kepler-509 b,0.0,0.0,0.011,0.22,0.019529,771.0,648.0,2.992,41.746,4.6058,10.5,339.0,6060.0,4.32,True,exoplanets.org
Kepler-50 b,0.002,0.002,0.014,0.2,0.016491,1658.0,1394.0,3.027,7.8125,4.2439,9.2,,6058.0,3.98,True,exoplanets.org
Kepler-510 b,0.0,0.001,0.015,0.22,0.019269,1053.0,886.0,2.994,19.5566,8.0855,10.4,378.0,5746.0,4.09,True,exoplanets.org
Kepler-511 b,0.0,0.0,0.023,0.57,0.108498,388.0,326.0,2.922,296.6379,16.2231,11.2,448.0,5770.0,4.28,True,exoplanets.org
Kepler-512 b,0.0,0.0,0.009,0.24,0.022082,838.0,705.0,2.978,34.4359,5.8266,11.3,531.0,5997.0,4.28,True,exoplanets.org
Kepler-513 b,0.0,0.0,0.008,0.2,0.016481,801.0,674.0,3.027,28.8624,5.2042,11.5,467.0,5849.0,4.39,True,exoplanets.org
Kepler-514 b,0.001,0.001,0.006,0.15,0.012674,1616.0,1359.0,3.128,5.6518,2.9289,10.9,489.0,6106.0,4.23,True,exoplanets.org
KOI 1808.01,0.0,0.0,0.008,0.34,0.048219,627.0,528.0,3.015,89.1936,4.0104,11.3,,6071.0,4.239,True,exoplanets.org
Kepler-515 b,0.0,0.0,0.005,0.13,0.010712,741.0,623.0,3.196,19.9637,2.4825,10.9,255.0,5293.0,4.55,True,exoplanets.org
Kepler-516 b,0.001,0.004,0.016,0.51,0.110157,1306.0,1098.0,3.018,24.8546,8.9587,11.0,777.0,7099.0,4.04,True,exoplanets.org
Kepler-517 b,0.0,0.0,0.016,0.24,0.021778,591.0,497.0,2.979,60.9283,6.3262,10.6,284.0,5690.0,4.43,True,exoplanets.org
Kepler-518 b,0.0,0.001,0.012,0.19,0.015673,1106.0,930.0,3.041,8.512,2.1916,11.1,324.0,5842.0,4.53,True,exoplanets.org
Kepler-519 b,0.0,0.0,0.011,0.19,0.015575,678.0,570.0,3.043,24.3079,2.5981,10.8,234.0,5260.0,4.58,True,exoplanets.org
Kepler-51 b,0.0,0.001,0.353,0.63,0.00661,637.0,536.0,1.618,45.1555,5.779,13.2,,5803.0,4.52,True,exoplanets.org
Kepler-51 c,0.0,0.0,0.055,0.51,0.0126,515.0,433.0,2.081,85.3129,2.7849,13.2,,5803.0,4.52,True,exoplanets.org
Kepler-520 b,0.0,0.0,0.004,0.15,0.012301,953.0,801.0,3.144,19.6742,3.5985,11.5,492.0,6112.0,4.41,True,exoplanets.org
Kepler-520 c,0.0,0.0,0.006,0.1,0.003649,1483.0,1247.0,3.001,5.211,3.3011,11.5,492.0,6112.0,4.41,True,exoplanets.org
Kepler-521 b,0.0,0.001,0.011,0.28,0.030254,1074.0,903.0,2.968,22.2081,7.3225,11.7,737.0,6406.0,4.24,True,exoplanets.org
Kepler-522 b,0.0,0.004,0.019,0.62,0.136066,1014.0,853.0,2.949,38.5842,10.3683,11.1,749.0,6392.0,4.04,True,exoplanets.org
Kepler-523 b,0.0,0.001,0.013,0.17,0.014466,1177.0,990.0,3.068,5.836,2.0601,10.8,270.0,5515.0,4.54,True,exoplanets.org
KOI 1815.02,0.001,0.0,0.002,0.11,0.006683,2196.0,1847.0,3.131,1.7461,1.299,11.6,,4854.0,3.939,True,exoplanets.org
Kepler-524 b,0.0,0.001,0.006,0.17,0.014034,1274.0,1072.0,3.08,7.9742,5.3605,12.4,730.0,6014.0,4.39,True,exoplanets.org
Kepler-524 c,0.001,0.0,0.006,0.09,0.002558,2059.0,1732.0,2.933,1.889,3.246,12.4,730.0,6014.0,4.39,True,exoplanets.org
Kepler-525 b,0.0,0.001,0.011,0.23,0.021332,930.0,782.0,2.981,18.684,6.907,11.8,566.0,5573.0,4.29,True,exoplanets.org
KOI 1816.01,0.0,0.001,0.008,0.35,0.051202,853.0,717.0,3.021,10.2406,0.9617,13.3,,5227.0,4.623,True,exoplanets.org
Kepler-526 b,0.001,0.001,0.01,0.18,0.014734,1430.0,1202.0,3.062,5.4585,4.0346,11.5,504.0,5894.0,4.38,True,exoplanets.org
Kepler-527 b,0.0,0.001,0.008,0.25,0.02419,1276.0,1073.0,2.972,13.2854,6.1801,12.1,901.0,6388.0,4.22,True,exoplanets.org
Kepler-528 b,0.0,0.0,0.006,0.19,0.015479,904.0,760.0,3.045,19.783,5.4661,12.4,711.0,5807.0,4.39,True,exoplanets.org
KOI 1822.01,0.0,0.0,0.006,0.39,0.06565,550.0,462.0,3.03,150.8783,8.6797,11.1,,5504.0,3.999,True,exoplanets.org
Kepler-529 b,0.002,0.001,0.006,0.17,0.013699,2095.0,1762.0,3.091,1.9804,2.4332,12.4,787.0,6087.0,4.35,True,exoplanets.org
Kepler-529 c,0.0,0.0,0.004,0.18,0.014734,1124.0,945.0,3.062,12.8345,3.2666,12.4,787.0,6087.0,4.35,True,exoplanets.org
Kepler-52 b,0.0,0.001,0.012,0.19,0.015593,671.0,564.0,3.043,7.8774,2.4223,12.4,,4075.0,4.74,True,exoplanets.org
KOI 1733.01,0.0,0.0,0.003,0.15,0.012961,667.0,561.0,3.135,19.1811,2.424,13.8,,5214.0,4.673,True,exoplanets.org
Kepler-52 c,0.0,0.0,0.008,0.16,0.013536,526.0,442.0,3.096,16.385,3.1252,12.4,,4075.0,4.74,True,exoplanets.org
Kepler-52 d,0.0,0.0,0.007,0.17,0.014376,393.0,330.0,3.071,36.4452,4.153,12.4,,4263.0,4.729,True,exoplanets.org
Kepler-530 b,0.0,0.0,0.013,0.27,0.027126,651.0,547.0,2.968,39.3094,5.7832,11.9,464.0,5697.0,4.53,True,exoplanets.org
Kepler-53 d,0.0,0.0,0.004,0.19,0.015784,1141.0,960.0,3.039,9.752,4.19,13.8,,6085.0,4.498,True,exoplanets.org
Kepler-531 b,0.0,0.0,0.019,0.25,0.023351,583.0,490.0,2.974,29.8849,4.5608,11.2,254.0,4893.0,4.58,True,exoplanets.org
Kepler-532 b,0.0,0.001,0.014,0.23,0.020474,824.0,693.0,2.986,12.9249,2.6225,11.5,325.0,5192.0,4.58,True,exoplanets.org
Kepler-533 b,0.0,0.0,0.019,0.3,0.034537,564.0,474.0,2.972,28.5112,4.5784,11.7,305.0,4758.0,4.61,True,exoplanets.org
Kepler-534 b,0.0,0.001,0.01,0.2,0.016907,940.0,790.0,3.02,15.9599,4.3653,11.7,473.0,5884.0,4.48,True,exoplanets.org
Kepler-535 b,0.001,0.001,0.008,0.21,0.018155,1618.0,1360.0,3.005,4.9033,2.8699,11.8,678.0,6123.0,4.3,True,exoplanets.org
Kepler-536 b,0.006,0.005,0.021,0.28,0.028747,1770.0,1488.0,2.968,1.8271,1.9567,11.9,446.0,5524.0,4.51,True,exoplanets.org
KOI 1750.02,0.0,0.0,0.003,0.08,0.002428,1588.0,1335.0,2.942,2.5374,1.563,13.2,,5447.0,4.481,True,exoplanets.org
Kepler-537 b,0.001,0.001,0.005,0.13,0.009655,1568.0,1318.0,3.178,3.2476,2.4836,11.6,465.0,5763.0,4.47,True,exoplanets.org
Kepler-538 b,0.0,0.0,0.02,0.2,0.017125,509.0,428.0,3.017,81.7378,6.7005,9.6,165.0,5650.0,4.51,True,exoplanets.org
Kepler-539 b,0.0,0.0,0.0,0.75,0.241296,460.0,387.0,3.03,125.6324,0.0,10.9,313.0,5820.0,4.5,True,exoplanets.org
Kepler-53 b,0.0,0.0,0.006,0.26,0.024994,857.0,721.0,2.97,18.649,4.4815,13.8,,5858.0,4.53,True,exoplanets.org
Kepler-53 c,0.0,0.0,0.006,0.28,0.029937,673.0,566.0,2.968,38.5583,5.0162,13.8,,5858.0,4.53,True,exoplanets.org
Kepler-540 b,0.0,0.0,0.013,0.24,0.022391,453.0,381.0,2.977,172.705,11.2793,10.8,350.0,5946.0,4.38,True,exoplanets.org
KOI 1758.01,0.0,0.001,0.005,0.29,0.03376,1209.0,1016.0,2.99,5.5973,1.795,14.2,,5610.0,4.551,True,exoplanets.org
Kepler-541 b,0.003,0.002,0.009,0.3,0.034031,1991.0,1674.0,2.972,5.0801,5.2587,11.7,1020.0,6166.0,3.96,True,exoplanets.org
Kepler-542 b,0.0,0.0,0.005,0.14,0.011725,921.0,774.0,3.171,13.145,3.5964,11.8,439.0,5526.0,4.5,True,exoplanets.org
Kepler-543 b,0.0,0.001,0.022,0.22,0.01966,691.0,581.0,2.991,13.8996,3.5633,11.1,212.0,4671.0,4.63,True,exoplanets.org
Kepler-55 f,0.0,0.0,0.003,0.14,0.011856,669.0,562.0,3.164,10.1985,2.173,13.3,,4503.0,4.684,True,exoplanets.org
Kepler-544 b,0.0,0.0,0.006,0.19,0.015771,986.0,829.0,3.039,21.4162,7.0889,12.3,797.0,6206.0,4.33,True,exoplanets.org
Kepler-545 b,0.0,0.001,0.008,0.24,0.022082,1046.0,880.0,2.978,13.2493,4.4634,12.7,831.0,5882.0,4.39,True,exoplanets.org
Kepler-546 b,0.007,0.009,0.015,0.62,0.204677,1603.0,1348.0,3.115,4.147,2.8969,12.8,896.0,5967.0,4.36,True,exoplanets.org
KOI 1764.01,0.0,0.003,0.012,0.65,0.24638,781.0,657.0,3.164,12.6817,1.6866,13.2,,4976.0,4.577,True,exoplanets.org
Kepler-547 b,0.0,0.003,0.021,0.36,0.051796,968.0,814.0,3.003,6.0104,2.2243,12.0,361.0,4828.0,4.61,True,exoplanets.org
Kepler-548 b,0.009,0.024,0.016,1.07,1.0,1323.0,1112.0,3.335,4.4542,2.3198,13.1,776.0,5535.0,4.5,True,exoplanets.org
Kepler-549 b,0.0,0.0,0.007,0.23,0.020474,587.0,493.0,2.986,42.9496,5.3469,12.8,648.0,5360.0,4.54,True,exoplanets.org
KOI 1803.01,0.0,0.002,0.019,0.21,0.018425,1079.0,907.0,3.02,4.5393,1.9455,11.1,,4914.0,4.61,True,exoplanets.org
Kepler-549 c,0.0,0.0,0.007,0.26,0.025609,420.0,353.0,2.969,117.0405,8.545,12.8,648.0,5360.0,4.54,True,exoplanets.org
Kepler-54 b,0.0,0.0,0.012,0.19,0.015593,600.0,505.0,3.043,8.0109,3.4129,12.6,,3705.0,4.75,True,exoplanets.org
Kepler-54 c,0.0,0.0,0.007,0.11,0.006024,524.0,440.0,3.094,12.0717,4.9738,12.6,,3705.0,4.75,True,exoplanets.org
Kepler-54 d,0.0,0.0,0.003,0.14,0.012575,470.0,395.0,3.223,20.9957,2.698,12.6,,4252.0,4.73,True,exoplanets.org
Kepler-55 d,0.0,0.001,0.004,0.14,0.011856,1113.0,936.0,3.164,2.2111,1.644,13.3,,4503.0,4.684,True,exoplanets.org
Kepler-550 b,0.0,0.003,0.019,0.39,0.064215,992.0,834.0,3.011,8.6001,4.0251,12.6,563.0,5322.0,4.55,True,exoplanets.org
Kepler-551 b,0.0,0.001,0.014,0.24,0.022706,647.0,544.0,2.976,12.3765,2.7534,12.2,312.0,4286.0,4.66,True,exoplanets.org
Kepler-552 b,0.001,0.002,0.01,0.35,0.049939,1400.0,1178.0,3.0,5.2634,2.1778,12.8,834.0,5863.0,4.42,True,exoplanets.org
KOI 1781.02,0.001,0.005,0.033,0.2,0.01696,1233.0,1037.0,3.038,3.0052,2.0747,10.1,,4920.0,4.62,True,exoplanets.org
Kepler-553 b,0.001,0.004,0.016,0.41,0.070758,1267.0,1065.0,3.012,4.0305,2.8016,13.1,725.0,5266.0,4.55,True,exoplanets.org
Kepler-553 c,0.0,0.0,0.009,1.0,0.862662,292.0,246.0,3.331,328.24,12.1271,13.1,725.0,5266.0,4.55,True,exoplanets.org
Kepler-554 b,0.008,0.007,0.019,0.38,0.060577,1748.0,1469.0,3.01,1.9022,2.2077,12.6,642.0,5447.0,4.49,True,exoplanets.org
KOI 1781.03,0.0,0.0,0.034,0.31,0.038111,460.0,387.0,2.996,58.0199,5.348,10.1,,4920.0,4.62,True,exoplanets.org
Kepler-555 b,0.0,0.001,0.009,0.25,0.02402,968.0,814.0,2.972,16.2178,4.9296,12.6,772.0,5894.0,4.42,True,exoplanets.org
Kepler-556 b,0.0,0.001,0.007,0.2,0.016907,1024.0,861.0,3.02,11.7229,4.175,12.7,729.0,5740.0,4.46,True,exoplanets.org
Kepler-557 b,0.002,0.002,0.009,0.24,0.021778,1699.0,1429.0,2.979,3.706,5.1039,13.2,1126.0,6068.0,4.35,True,exoplanets.org
Kepler-558 b,0.0,0.0,0.006,0.21,0.018155,646.0,543.0,3.005,29.0079,4.8259,13.0,652.0,5242.0,4.56,True,exoplanets.org
Kepler-559 b,0.0,0.001,0.009,0.32,0.040041,870.0,731.0,2.981,17.5875,4.3821,13.0,793.0,5630.0,4.47,True,exoplanets.org
Kepler-55 b,0.0,0.0,0.007,0.22,0.018837,486.0,409.0,2.998,27.9481,3.4932,13.3,,4362.0,4.7,True,exoplanets.org
KOI 1681.04,0.0,0.001,0.035,0.93,0.619517,395.0,332.0,3.252,21.914,3.271,12.6,,3638.0,4.844,True,exoplanets.org
Kepler-55 c,0.0,0.0,0.006,0.2,0.016585,424.0,356.0,3.025,42.1516,5.257,13.3,,4362.0,4.7,True,exoplanets.org
Kepler-560 b,0.0,0.0,0.015,0.15,0.012674,379.0,318.0,3.128,18.4776,1.8777,11.5,88.0,3556.0,4.94,True,exoplanets.org
Kepler-561 b,0.0,0.001,0.019,0.62,0.139169,582.0,489.0,2.952,58.362,6.2859,12.6,667.0,5646.0,4.48,True,exoplanets.org
KOI 1685.01,0.0,0.0,0.005,0.31,0.038111,665.0,559.0,2.996,70.4682,6.653,13.4,,6461.0,4.396,True,exoplanets.org
Kepler-561 c,0.0,0.001,0.009,0.24,0.021929,1290.0,1085.0,2.978,5.3502,2.243,12.6,667.0,5646.0,4.48,True,exoplanets.org
Kepler-562 b,0.0,0.002,0.014,0.47,0.090338,836.0,703.0,3.015,18.0093,4.9713,13.1,822.0,5575.0,4.5,True,exoplanets.org
Kepler-563 b,0.0,0.0,0.009,0.28,0.028539,672.0,565.0,2.968,22.1843,3.0563,12.8,557.0,5066.0,4.58,True,exoplanets.org
KOI 1783.02,0.0,0.0,0.007,0.57,0.115125,417.0,351.0,2.948,284.0631,8.297,12.6,,5791.0,4.185,True,exoplanets.org
Kepler-564 b,0.002,0.004,0.013,0.41,0.070758,1434.0,1206.0,3.012,3.7508,1.9591,13.1,830.0,5626.0,4.49,True,exoplanets.org
Kepler-565 b,0.001,0.002,0.011,0.33,0.040939,1418.0,1193.0,2.983,4.2437,3.3679,13.5,1041.0,5735.0,4.47,True,exoplanets.org
Kepler-566 b,0.0,0.0,0.005,0.19,0.01607,729.0,613.0,3.034,18.4279,2.8702,12.9,628.0,5132.0,4.57,True,exoplanets.org
Kepler-567 b,0.0,0.0,0.007,0.2,0.017015,757.0,637.0,3.019,16.543,3.8725,12.7,568.0,5148.0,4.57,True,exoplanets.org
Kepler-568 b,0.0,0.0,0.016,0.2,0.017125,558.0,469.0,3.017,11.0235,1.421,11.0,126.0,3768.0,4.73,True,exoplanets.org
Kepler-569 b,0.0,0.0,0.01,0.28,0.029815,689.0,579.0,2.968,34.1889,5.3184,12.5,645.0,5616.0,4.48,True,exoplanets.org
Kepler-56 b,0.002,0.003,0.01,0.34,0.046501,1552.0,1305.0,2.993,10.5034,13.5401,10.2,,4931.0,3.58,True,exoplanets.org
Kepler-570 b,0.0,0.001,0.009,0.22,0.019141,1329.0,1117.0,2.995,4.3017,2.0699,12.6,642.0,5496.0,4.5,True,exoplanets.org
KOI 1784.01,0.007,0.013,0.013,0.79,0.491042,1448.0,1218.0,3.296,5.0074,1.3584,12.1,,5957.0,4.417,True,exoplanets.org
Kepler-571 b,0.0,0.001,0.009,0.24,0.021479,1288.0,1083.0,2.98,4.7986,2.9979,13.0,756.0,5527.0,4.51,True,exoplanets.org
Kepler-572 b,0.0,0.0,0.009,0.23,0.020614,758.0,637.0,2.985,17.2052,3.6211,12.6,532.0,5212.0,4.57,True,exoplanets.org
Kepler-573 b,0.0,0.0,0.008,0.25,0.023516,847.0,712.0,2.973,22.1833,5.0606,12.6,758.0,5746.0,4.41,True,exoplanets.org
KOI 1704.01,0.0,0.001,0.006,0.28,0.031359,1112.0,935.0,2.988,10.4189,3.0069,13.1,,5692.0,4.36,True,exoplanets.org
Kepler-574 b,0.0,0.001,0.007,0.21,0.018395,1122.0,943.0,3.002,7.6588,3.0576,12.9,747.0,5612.0,4.5,True,exoplanets.org
Kepler-575 b,0.0,0.001,0.006,0.21,0.018395,1086.0,913.0,3.002,9.3789,3.3044,13.1,852.0,5710.0,4.47,True,exoplanets.org
Kepler-576 b,0.0,0.0,0.01,0.29,0.032084,738.0,621.0,2.97,29.9114,6.8359,12.6,698.0,5672.0,4.46,True,exoplanets.org
KOI 1705.01,0.0,0.0,0.005,0.25,0.024566,951.0,800.0,2.989,20.4999,6.501,14.0,,6249.0,4.428,True,exoplanets.org
Kepler-577 b,0.0,0.0,0.008,0.23,0.020198,616.0,518.0,2.987,25.6958,3.9289,12.9,549.0,4984.0,4.61,True,exoplanets.org
Kepler-578 b,0.002,0.002,0.008,0.18,0.014734,1735.0,1459.0,3.062,1.6169,1.5845,12.6,568.0,5334.0,4.54,True,exoplanets.org
Kepler-579 b,0.0,0.0,0.005,0.18,0.014734,1063.0,894.0,3.062,9.6686,2.3709,12.5,663.0,5636.0,4.47,True,exoplanets.org
KOI 1793.01,0.007,0.009,0.01,0.71,0.346001,1641.0,1380.0,3.225,3.2618,1.7593,13.8,,6131.0,4.497,True,exoplanets.org
Kepler-57 b,0.0,0.001,0.005,0.2,0.016399,1039.0,874.0,3.028,5.7293,1.1185,12.9,,5145.0,4.63,True,exoplanets.org
Kepler-57 c,0.0,0.0,0.003,0.14,0.011595,821.0,690.0,3.178,11.6093,1.7074,12.9,,5145.0,4.63,True,exoplanets.org
Kepler-580 b,0.0,0.001,0.013,0.23,0.020474,746.0,627.0,2.986,8.2224,2.7045,12.3,333.0,4298.0,4.66,True,exoplanets.org
KOI 1715.01,0.0,0.0,0.007,0.2,0.017883,528.0,444.0,3.026,105.0146,7.426,11.5,,5868.0,4.363,True,exoplanets.org
Kepler-581 b,0.0,0.0,0.006,0.23,0.021332,688.0,578.0,2.981,40.607,5.719,12.9,833.0,5772.0,4.44,True,exoplanets.org
Kepler-582 b,0.0,0.001,0.009,0.33,0.041857,832.0,699.0,2.984,18.4924,3.5297,13.0,751.0,5564.0,4.49,True,exoplanets.org
Kepler-583 b,0.0,0.001,0.007,0.2,0.017236,1167.0,982.0,3.016,6.51,3.3302,13.1,805.0,5523.0,4.5,True,exoplanets.org
Kepler-58 d,0.0,0.0,0.005,0.26,0.025847,775.0,651.0,2.969,40.1014,5.443,13.3,,6099.0,4.372,True,exoplanets.org
Kepler-584 b,0.0,0.001,0.006,0.38,0.058318,840.0,706.0,3.01,35.181,7.373,13.5,1445.0,6195.0,4.31,True,exoplanets.org
Kepler-585 b,0.002,0.003,0.013,0.25,0.02402,1587.0,1334.0,2.972,2.7524,2.1154,12.4,604.0,5593.0,4.49,True,exoplanets.org
Kepler-586 b,0.002,0.002,0.011,0.25,0.023516,1726.0,1452.0,2.973,2.1047,1.7575,12.7,707.0,5575.0,4.5,True,exoplanets.org
KOI 1720.01,0.0,0.0,0.005,0.32,0.0416,511.0,430.0,3.002,59.6585,5.514,13.8,,5243.0,4.547,True,exoplanets.org
Kepler-587 b,0.0,0.0,0.004,0.2,0.016799,979.0,823.0,3.022,10.9403,2.2868,13.3,852.0,5549.0,4.51,True,exoplanets.org
Kepler-588 b,0.001,0.001,0.008,0.23,0.021332,1476.0,1241.0,2.981,4.2216,2.8959,13.2,972.0,5835.0,4.44,True,exoplanets.org
Kepler-589 b,0.0,0.0,0.007,0.2,0.017236,792.0,666.0,3.016,16.5496,4.0043,12.9,643.0,5296.0,4.55,True,exoplanets.org
KOI 1608.03,0.0,0.0,0.003,0.18,0.015558,425.0,358.0,3.062,232.0403,12.235,12.4,,5903.0,4.3,True,exoplanets.org
Kepler-58 b,0.0,0.001,0.007,0.25,0.023318,1130.0,950.0,2.974,10.2185,4.3967,13.3,,5843.0,4.39,True,exoplanets.org
Kepler-58 c,0.0,0.001,0.007,0.25,0.024523,982.0,826.0,2.971,15.5742,5.1013,13.3,,5843.0,4.39,True,exoplanets.org
Kepler-590 b,0.001,0.003,0.012,0.36,0.052557,1439.0,1210.0,3.005,5.853,4.6003,12.9,986.0,6000.0,4.35,True,exoplanets.org
Kepler-408 b,,,,0.08,0.0007,2028.0,1705.0,2.488,2.465,1.262,7.5,89.01,6104.0,4.294,True,exoplanets.org
KOI 1613.03,0.0,0.0,0.006,0.08,0.001764,1047.0,881.0,2.881,20.6055,3.793,10.3,,6099.0,4.193,True,exoplanets.org
Kepler-591 b,0.0,0.0,0.007,0.3,0.034537,523.0,440.0,2.972,81.1694,7.709,13.0,793.0,5677.0,4.48,True,exoplanets.org
Kepler-592 b,0.001,0.001,0.007,0.21,0.018395,1736.0,1460.0,3.002,2.8202,2.5077,13.2,1034.0,5913.0,4.42,True,exoplanets.org
Kepler-593 b,0.0,0.0,0.006,0.26,0.024711,914.0,768.0,2.971,21.2171,5.3643,13.1,1016.0,5967.0,4.39,True,exoplanets.org
KOI 1616.02,0.0,0.0,0.006,0.06,0.000764,757.0,636.0,2.725,34.7754,2.93,10.3,,6028.0,4.459,True,exoplanets.org
Kepler-594 b,0.0,0.0,0.005,0.19,0.016274,890.0,749.0,3.03,13.6462,3.3739,13.0,742.0,5485.0,4.52,True,exoplanets.org
Kepler-595 b,0.0,0.001,0.011,0.34,0.045729,682.0,574.0,2.991,25.3029,4.5204,12.9,639.0,5247.0,4.54,True,exoplanets.org
Kepler-596 b,0.0,0.001,0.006,0.31,0.036371,1030.0,866.0,2.975,21.3002,4.0882,12.7,1083.0,6267.0,4.27,True,exoplanets.org
Kepler-597 b,0.0,0.001,0.008,0.21,0.018155,969.0,815.0,3.005,13.0237,3.9714,12.5,660.0,5683.0,4.47,True,exoplanets.org
Kepler-598 b,0.0,0.0,0.003,0.13,0.011837,1333.0,1121.0,3.213,3.7018,2.6262,12.9,686.0,5307.0,4.51,True,exoplanets.org
Kepler-599 b,0.0,0.0,0.009,0.25,0.02419,769.0,647.0,2.972,15.6556,4.1075,13.0,627.0,5127.0,4.57,True,exoplanets.org
KOI 1622.01,0.0,0.001,0.007,0.31,0.039417,995.0,836.0,2.998,69.8348,8.262,11.2,,7732.0,4.075,True,exoplanets.org
Kepler-59 b,0.0,0.0,0.004,0.1,0.004412,1051.0,884.0,3.037,11.8682,5.977,12.9,,6074.0,4.51,True,exoplanets.org
Kepler-59 c,0.0,0.0,0.005,0.18,0.014956,915.0,770.0,3.056,17.9801,4.1249,12.9,,6074.0,4.51,True,exoplanets.org
Kepler-5 b,0.126,0.065,0.019,1.43,2.11663,2146.0,1805.0,3.411,3.5485,4.5744,11.8,,6297.0,3.96,True,exoplanets.org
KOI 1627.02,0.001,0.001,0.003,0.33,0.044793,1764.0,1484.0,3.008,5.9392,2.285,13.5,,6068.0,4.04,True,exoplanets.org
KOI 1630.01,0.0,0.0,0.002,0.12,0.010066,968.0,814.0,3.204,11.3051,3.989,13.5,,5705.0,4.556,True,exoplanets.org
Kepler-600 b,0.0,0.0,0.01,0.26,0.025245,697.0,586.0,2.97,23.6752,4.6121,12.8,624.0,5279.0,4.56,True,exoplanets.org
Kepler-601 b,0.0,0.001,0.008,0.17,0.014034,1101.0,926.0,3.08,5.3789,2.7154,12.1,429.0,5160.0,4.57,True,exoplanets.org
Kepler-602 b,0.0,0.0,0.005,0.19,0.015479,1050.0,883.0,3.045,15.2847,5.9009,12.9,971.0,6062.0,4.37,True,exoplanets.org
KOI 1647.03,0.0,0.0,0.004,0.09,0.003377,1360.0,1144.0,3.005,6.3303,3.67,12.5,,5900.0,4.363,True,exoplanets.org
Kepler-603 b,0.0,0.0,0.007,0.24,0.021479,864.0,727.0,2.98,21.0536,7.2144,13.2,967.0,5808.0,4.43,True,exoplanets.org
Kepler-603 c,0.0,0.0,0.015,0.58,0.115338,474.0,398.0,2.929,127.9076,13.4981,13.2,967.0,5808.0,4.43,True,exoplanets.org
Kepler-603 d,0.0,0.0,0.003,0.12,0.007744,1298.0,1091.0,3.139,6.2171,3.701,13.2,967.0,5808.0,4.43,True,exoplanets.org
KOI 1648.01,0.0,0.0,0.005,0.22,0.019457,624.0,525.0,3.011,38.3262,3.073,12.5,,5229.0,4.441,True,exoplanets.org
Kepler-604 b,0.0,0.0,0.005,0.23,0.020755,825.0,694.0,2.984,25.855,3.9263,13.2,981.0,5890.0,4.42,True,exoplanets.org
Kepler-605 b,0.0,0.0,0.003,0.13,0.010175,1420.0,1194.0,3.187,3.3835,1.4365,12.4,570.0,5462.0,4.52,True,exoplanets.org
Kepler-605 c,0.0,0.0,0.005,0.08,0.001727,1601.0,1346.0,2.858,2.359,1.633,12.4,570.0,5462.0,4.52,True,exoplanets.org
KOI 1590.03,0.0,0.0,0.002,0.12,0.007849,1125.0,946.0,3.16,4.7467,2.093,13.5,,4915.0,4.512,True,exoplanets.org
Kepler-606 b,0.0,0.0,0.005,0.29,0.0328,942.0,792.0,2.97,24.3158,4.1383,13.2,1208.0,6161.0,4.32,True,exoplanets.org
Kepler-607 b,0.001,0.001,0.007,0.08,0.001807,2275.0,1913.0,2.867,0.6382,1.1839,12.4,500.0,5196.0,4.56,True,exoplanets.org
Kepler-608 b,0.001,0.002,0.013,0.33,0.040939,1289.0,1084.0,2.983,6.4125,5.3087,13.1,926.0,5820.0,4.43,True,exoplanets.org
Kepler-609 b,0.0,0.001,0.007,0.3,0.033781,1377.0,1158.0,2.972,6.5212,2.8091,13.3,1143.0,5971.0,4.36,True,exoplanets.org
Kepler-60 b,0.0,0.001,0.005,0.2,0.017261,1516.0,1275.0,3.015,7.1316,4.1519,12.5,,5915.0,4.13,True,exoplanets.org
Kepler-60 c,0.0,0.001,0.005,0.22,0.01929,1407.0,1183.0,2.994,8.9193,4.4059,12.5,,5915.0,4.13,True,exoplanets.org
KOI 1656.01,0.0,0.0,0.004,0.32,0.042448,741.0,623.0,3.004,51.3901,5.995,13.6,,6074.0,4.284,True,exoplanets.org
Kepler-60 d,0.0,0.0,0.004,0.23,0.020238,1278.0,1075.0,2.987,11.9016,2.9856,12.5,,5915.0,4.13,True,exoplanets.org
Kepler-610 b,0.001,0.002,0.008,0.37,0.057681,1331.0,1119.0,3.01,6.9969,2.7377,13.3,1113.0,5943.0,4.37,True,exoplanets.org
Kepler-610 c,0.0,0.0,0.004,0.29,0.032559,477.0,401.0,2.97,151.8639,8.622,13.3,1113.0,5943.0,4.37,True,exoplanets.org
KOI 1639.02,0.0,0.0,0.002,0.1,0.005471,1256.0,1056.0,3.095,9.9824,1.09,12.2,,6273.0,4.364,True,exoplanets.org
Kepler-611 b,0.001,0.001,0.004,0.15,0.012228,1759.0,1479.0,3.147,2.437,3.2009,13.0,906.0,5761.0,4.43,True,exoplanets.org
Kepler-612 b,0.001,0.001,0.007,0.25,0.02419,1479.0,1243.0,2.972,3.7222,1.9911,13.3,932.0,5693.0,4.46,True,exoplanets.org
Kepler-613 b,0.0,0.0,0.005,0.2,0.017347,918.0,772.0,3.014,15.7798,4.0334,13.1,864.0,5723.0,4.47,True,exoplanets.org
KOI 1659.01,0.0,0.0,0.003,0.22,0.020438,928.0,781.0,3.004,29.5391,4.139,13.9,,6572.0,4.365,True,exoplanets.org
Kepler-614 b,0.0,0.0,0.008,0.21,0.018395,827.0,695.0,3.002,14.0349,3.5795,12.7,571.0,5268.0,4.55,True,exoplanets.org
Kepler-615 b,0.0,0.0,0.007,0.15,0.012826,765.0,644.0,3.122,10.3558,2.8121,12.0,330.0,4655.0,4.62,True,exoplanets.org
Kepler-616 b,0.0,0.0,0.005,0.22,0.018888,1081.0,909.0,2.997,9.9976,3.2429,13.4,1019.0,5753.0,4.46,True,exoplanets.org
KOI 1681.01,0.0,0.0,0.007,0.13,0.010307,579.0,487.0,3.208,6.9391,2.977,12.6,,3638.0,4.844,True,exoplanets.org
Kepler-616 c,0.0,0.0,0.005,0.3,0.035051,519.0,436.0,2.973,90.4114,6.523,13.4,1019.0,5753.0,4.46,True,exoplanets.org
Kepler-617 b,0.0,0.001,0.012,0.12,0.007744,990.0,833.0,3.139,1.6827,1.38,11.6,150.0,3712.0,4.77,True,exoplanets.org
Kepler-618 b,0.001,0.001,0.007,0.23,0.020897,1614.0,1358.0,2.983,3.5958,3.3249,13.3,1115.0,5860.0,4.39,True,exoplanets.org
KOI 1574.04,0.0,0.0,0.002,0.16,0.013465,1447.0,1217.0,3.117,8.9773,4.72,13.0,,5597.0,3.963,True,exoplanets.org
Kepler-619 b,0.001,0.001,0.007,0.28,0.029815,1449.0,1218.0,2.968,5.4043,2.4748,13.3,1111.0,5980.0,4.38,True,exoplanets.org
Kepler-619 c,0.002,0.001,0.003,0.15,0.012523,2387.0,2007.0,3.134,1.2085,1.5105,13.3,1111.0,5980.0,4.38,True,exoplanets.org
Kepler-61 b,0.0,0.0,0.007,0.19,0.016034,357.0,300.0,3.034,59.8776,4.845,12.3,,4017.0,,True,exoplanets.org
KOI 1573.01,0.0,0.001,0.009,0.38,0.061093,820.0,690.0,3.029,24.811,3.2245,12.9,,6086.0,4.511,True,exoplanets.org
Kepler-620 b,0.0,0.001,0.007,0.3,0.033042,1159.0,975.0,2.971,12.9138,6.042,13.3,1241.0,6155.0,4.33,True,exoplanets.org
Kepler-621 b,0.0,0.002,0.012,0.2,0.017459,1168.0,982.0,3.013,2.6281,1.8548,12.4,389.0,4521.0,4.63,True,exoplanets.org
Kepler-622 b,0.0,0.0,0.011,0.19,0.01587,596.0,502.0,3.037,14.2823,2.7398,11.9,259.0,4201.0,4.67,True,exoplanets.org
KOI 1573.02,0.0,0.0,0.003,0.12,0.009594,1242.0,1045.0,3.196,7.1369,2.8005,12.9,,6086.0,4.511,True,exoplanets.org
Kepler-623 b,0.0,0.001,0.008,0.27,0.027126,1009.0,848.0,2.968,9.071,2.7085,13.2,811.0,5443.0,4.53,True,exoplanets.org
Kepler-624 b,0.0,0.001,0.006,0.21,0.017573,1096.0,922.0,3.011,14.5865,4.0393,12.2,731.0,6117.0,4.33,True,exoplanets.org
Kepler-625 b,0.0,0.001,0.008,0.18,0.014734,1166.0,980.0,3.062,7.7519,3.4849,11.9,502.0,5789.0,4.49,True,exoplanets.org
Kepler-307 b,,,,0.27,0.02819,923.0,776.0,,10.4208,2.7719,12.3,585.27,5367.0,4.36,True,exoplanets.org
Kepler-625 c,0.0,0.0,0.006,0.09,0.003515,1434.0,1206.0,2.994,4.1654,3.2895,11.9,502.0,5789.0,4.49,True,exoplanets.org
Kepler-626 b,0.0,0.0,0.005,0.2,0.017347,999.0,840.0,3.014,14.4859,2.7143,12.4,690.0,5813.0,4.4,True,exoplanets.org
Kepler-627 b,0.0,0.0,0.006,0.33,0.043431,893.0,751.0,2.987,40.6994,7.2079,12.6,1143.0,6424.0,4.21,True,exoplanets.org
KOI 1665.02,0.0,0.0,0.001,0.1,0.004003,1445.0,1215.0,3.037,5.9139,0.562,12.7,,6194.0,4.415,True,exoplanets.org
Kepler-628 b,0.001,0.012,0.035,0.75,0.243389,1064.0,895.0,3.032,15.4581,8.7961,11.6,579.0,5721.0,4.22,True,exoplanets.org
Kepler-629 b,0.0,0.0,0.006,0.12,0.008907,1069.0,899.0,3.164,7.2386,3.1069,11.6,383.0,5444.0,4.55,True,exoplanets.org
KOI 1576.03,0.0,0.0,0.002,0.11,0.0065,849.0,714.0,3.126,23.3398,1.923,12.3,,5671.0,4.36,True,exoplanets.org
KOI 1581.01,0.0,0.0,0.011,0.28,0.030942,669.0,562.0,2.987,29.5423,13.902,13.7,,5510.0,4.572,True,exoplanets.org
KOI 1590.01,0.0,0.0,0.004,0.17,0.014545,806.0,678.0,3.085,12.8901,3.555,13.5,,4915.0,4.512,True,exoplanets.org
KOI 1590.02,0.0,0.0,0.003,0.12,0.008694,1422.0,1196.0,3.178,2.3557,1.796,13.5,,4915.0,4.512,True,exoplanets.org
KOI 1671.01,0.001,0.0,0.004,0.09,0.002822,2367.0,1990.0,2.97,1.4803,2.486,12.1,,5897.0,4.25,True,exoplanets.org
KOI 1738.01,0.0,0.0,0.006,0.1,0.004003,1251.0,1052.0,3.037,4.1679,2.2136,11.5,,5251.0,4.541,True,exoplanets.org
Kepler-630 b,0.0,0.0,0.008,0.28,0.030254,445.0,375.0,2.968,161.4744,10.5979,12.3,657.0,5829.0,4.42,True,exoplanets.org
Kepler-631 b,0.0,0.001,0.008,0.26,0.025245,1076.0,904.0,2.97,17.9798,5.6021,12.2,843.0,6185.0,4.28,True,exoplanets.org
Kepler-632 b,0.0,0.0,0.008,0.2,0.016586,646.0,543.0,3.025,30.9966,2.7959,11.5,349.0,5322.0,4.55,True,exoplanets.org
KOI 1597.01,0.001,0.002,0.012,0.22,0.019576,1451.0,1220.0,3.01,7.7967,4.6699,11.3,,6521.0,4.352,True,exoplanets.org
Kepler-633 b,0.0,0.0,0.004,0.14,0.012082,1265.0,1064.0,3.154,8.5034,2.8346,12.0,634.0,5899.0,4.32,True,exoplanets.org
Kepler-634 b,0.001,0.001,0.006,0.17,0.01395,1594.0,1340.0,3.083,5.1695,4.507,12.2,757.0,6075.0,4.26,True,exoplanets.org
Kepler-635 b,0.0,0.001,0.008,0.24,0.021479,1035.0,870.0,2.98,23.4497,8.6525,11.9,826.0,6174.0,4.2,True,exoplanets.org
KOI 1599.01,0.0,0.001,0.009,0.26,0.02622,858.0,721.0,2.987,20.4075,8.839,13.2,,5823.0,4.472,True,exoplanets.org
Kepler-636 b,0.0,0.002,0.021,0.4,0.065227,776.0,652.0,3.011,16.0807,2.8707,11.6,341.0,5203.0,4.56,True,exoplanets.org
Kepler-637 b,0.0,0.001,0.003,0.42,0.074695,1289.0,1084.0,3.013,23.2058,4.2998,12.2,1575.0,6096.0,3.84,True,exoplanets.org
Kepler-638 b,0.0,0.001,0.012,0.16,0.013455,1189.0,1000.0,3.099,6.0797,7.3431,11.7,426.0,5382.0,4.43,True,exoplanets.org
Kepler-639 b,0.0,0.001,0.009,0.21,0.018274,1236.0,1040.0,3.003,10.2142,5.8558,11.9,680.0,5896.0,4.27,True,exoplanets.org
Kepler-63 b,0.001,0.014,0.062,0.55,0.125283,1028.0,865.0,3.019,9.4342,2.903,10.0,200.0,5576.0,4.52,True,exoplanets.org
Kepler-640 b,0.0,0.0,0.009,0.23,0.020335,797.0,670.0,2.987,22.2481,3.9565,12.1,538.0,5653.0,4.5,True,exoplanets.org
Kepler-641 b,0.0,0.0,0.005,0.17,0.013617,1171.0,984.0,3.093,9.4896,3.5282,12.2,673.0,5713.0,4.33,True,exoplanets.org
Kepler-642 b,0.002,0.001,0.007,0.26,0.025245,1997.0,1679.0,2.97,4.4175,2.9563,12.1,1022.0,6570.0,4.14,True,exoplanets.org
Kepler-643 b,0.003,0.009,0.01,0.91,0.498041,1257.0,1057.0,3.177,16.3389,9.3575,11.6,1029.0,4908.0,3.64,True,exoplanets.org
KOI 1527.01,0.0,0.0,0.005,0.32,0.043023,368.0,309.0,3.005,192.6671,5.443,13.1,,5401.0,4.487,True,exoplanets.org
Kepler-644 b,0.004,0.002,0.007,0.28,0.029598,2366.0,1990.0,2.968,3.1739,3.5066,12.6,1413.0,6747.0,4.09,True,exoplanets.org
Kepler-645 b,0.001,0.001,0.006,0.19,0.015575,1833.0,1542.0,3.043,3.2758,2.9721,12.6,901.0,6170.0,4.33,True,exoplanets.org
Kepler-646 b,0.0,0.0,0.007,0.18,0.014734,886.0,745.0,3.062,15.8736,3.6124,12.1,513.0,5634.0,4.49,True,exoplanets.org
KOI 153.01,0.0,0.001,0.017,0.21,0.018648,817.0,687.0,3.018,8.9251,2.6766,11.3,,4728.0,4.628,True,exoplanets.org
Kepler-647 b,0.0,0.0,0.003,0.1,0.005017,1002.0,843.0,3.061,16.2255,6.493,12.6,789.0,6020.0,4.39,True,exoplanets.org
Kepler-648 b,0.0,0.001,0.011,0.29,0.030927,890.0,749.0,2.969,17.4212,5.0323,12.4,665.0,5741.0,4.48,True,exoplanets.org
Kepler-649 b,0.0,0.0,0.008,0.2,0.017125,755.0,635.0,3.017,29.9072,4.812,12.0,525.0,5871.0,4.48,True,exoplanets.org
Kepler-650 b,0.004,0.003,0.012,0.26,0.026166,1898.0,1596.0,2.969,3.0321,3.6764,12.1,805.0,5849.0,4.21,True,exoplanets.org
Kepler-651 b,0.0,0.0,0.008,0.21,0.018155,770.0,648.0,3.005,21.3852,4.0311,12.3,537.0,5522.0,4.53,True,exoplanets.org
Kepler-652 b,0.001,0.002,0.014,0.22,0.019529,1315.0,1106.0,2.992,4.182,2.2165,11.7,423.0,5490.0,4.54,True,exoplanets.org
Kepler-653 b,0.0,0.0,0.005,0.17,0.014379,1029.0,866.0,3.071,14.7075,3.1584,11.8,593.0,5665.0,4.29,True,exoplanets.org
Kepler-653 c,0.001,0.0,0.006,0.07,0.001233,2612.0,2196.0,2.795,0.9004,1.393,11.8,593.0,5665.0,4.29,True,exoplanets.org
Kepler-654 b,0.0,0.001,0.008,0.18,0.015383,1050.0,883.0,3.047,13.7247,6.9296,12.2,661.0,5865.0,4.36,True,exoplanets.org
KOI 1546.01,0.177,0.074,0.029,1.06,1.0,2270.0,1909.0,3.341,0.9176,2.0654,12.8,,5713.0,4.541,True,exoplanets.org
Kepler-655 b,0.0,0.0,0.007,0.24,0.022391,765.0,643.0,2.977,46.4063,6.9941,12.2,783.0,6170.0,4.31,True,exoplanets.org
Kepler-656 b,0.005,0.003,0.012,0.28,0.028957,1859.0,1563.0,2.968,1.2603,1.8742,13.5,867.0,5281.0,4.56,True,exoplanets.org
Kepler-657 b,0.0,0.0,0.007,0.31,0.037741,821.0,690.0,2.977,24.5435,7.3096,13.8,1244.0,5808.0,4.44,True,exoplanets.org
KOI 1547.01,0.0,0.003,0.008,1.22,1.0,799.0,672.0,3.219,30.694,2.9512,14.1,,6137.0,4.46,True,exoplanets.org
Kepler-658 b,0.001,0.001,0.007,0.14,0.012082,1292.0,1086.0,3.154,1.2871,1.5086,12.6,341.0,4103.0,4.68,True,exoplanets.org
Kepler-659 b,0.0,0.0,0.006,0.22,0.01966,685.0,576.0,2.991,17.6718,3.2554,13.4,688.0,4870.0,4.6,True,exoplanets.org
Kepler-660 b,0.0,0.001,0.01,0.23,0.020474,823.0,692.0,2.986,9.2736,3.3004,13.0,564.0,4779.0,4.61,True,exoplanets.org
KOI 156.01,0.0,0.0,0.009,0.12,0.007647,659.0,554.0,3.156,8.0413,2.6332,11.4,,3980.0,4.722,True,exoplanets.org
Kepler-661 b,0.0,0.001,0.009,0.27,0.028127,876.0,737.0,2.968,6.0293,1.5798,13.2,558.0,4483.0,4.64,True,exoplanets.org
Kepler-662 b,0.0,0.0,0.005,0.19,0.016274,643.0,541.0,3.03,21.677,3.1263,13.2,641.0,4897.0,4.6,True,exoplanets.org
Kepler-663 b,0.0,0.001,0.006,0.23,0.020897,1171.0,984.0,2.983,4.9968,2.0904,13.9,1030.0,5264.0,4.55,True,exoplanets.org
KOI 156.03,0.0,0.0,0.016,0.19,0.015826,580.0,488.0,3.057,11.7761,2.8971,11.4,,3980.0,4.722,True,exoplanets.org
Kepler-664 b,0.001,0.001,0.005,0.24,0.021628,1744.0,1467.0,2.98,2.5256,1.5882,14.0,1386.0,5754.0,4.43,True,exoplanets.org
Kepler-665 b,0.0,0.0,0.007,0.23,0.020897,714.0,600.0,2.983,16.0131,3.0654,13.2,651.0,4913.0,4.6,True,exoplanets.org
Kepler-666 b,0.0,0.001,0.005,0.21,0.018517,1489.0,1252.0,3.001,4.4988,3.8308,13.8,1330.0,5887.0,4.41,True,exoplanets.org
KOI 1476.01,0.0,0.0,0.008,0.45,0.088075,545.0,458.0,3.033,56.3588,6.927,14.0,,5446.0,4.525,True,exoplanets.org
Kepler-667 b,0.0,0.0,0.011,0.42,0.073971,597.0,502.0,3.013,41.4396,10.6468,13.5,907.0,5327.0,4.53,True,exoplanets.org
Kepler-668 b,0.0,0.001,0.006,0.24,0.022236,1001.0,842.0,2.977,8.3539,2.2712,13.5,877.0,5352.0,4.55,True,exoplanets.org
Kepler-669 b,0.002,0.002,0.007,0.43,0.077257,1650.0,1387.0,3.013,4.1255,3.1389,14.2,1778.0,6038.0,4.34,True,exoplanets.org
KOI 1475.01,0.0,0.001,0.005,0.14,0.011944,1246.0,1047.0,3.179,1.6093,1.6067,13.2,,4224.0,4.662,True,exoplanets.org
Kepler-670 b,0.032,0.035,0.021,1.18,1.0,1650.0,1387.0,3.253,2.8165,2.5052,13.3,980.0,5709.0,4.44,True,exoplanets.org
Kepler-671 b,0.0,0.001,0.006,0.24,0.022082,1389.0,1168.0,2.978,4.281,2.8753,13.8,1139.0,5624.0,4.47,True,exoplanets.org
Kepler-672 b,0.0,0.0,0.005,0.22,0.01966,661.0,556.0,2.991,38.3775,5.5488,13.5,1011.0,5627.0,4.5,True,exoplanets.org
KOI 1475.02,0.0,0.0,0.006,0.18,0.01504,689.0,579.0,3.073,9.5122,2.9497,13.2,,4224.0,4.662,True,exoplanets.org
Kepler-673 b,0.003,0.007,0.015,0.58,0.165168,1324.0,1113.0,3.081,3.7287,2.6734,13.7,978.0,5355.0,4.54,True,exoplanets.org
Kepler-674 b,0.0,0.001,0.007,0.15,0.012523,1078.0,906.0,3.134,2.2434,1.0205,12.4,302.0,4192.0,4.69,True,exoplanets.org
Kepler-675 b,0.001,0.002,0.01,0.22,0.019014,1374.0,1156.0,2.996,2.3374,2.0141,13.2,651.0,4945.0,4.6,True,exoplanets.org
KOI 1477.01,0.0,0.0,0.009,0.81,0.340591,353.0,297.0,3.111,169.4976,7.77,14.0,,5270.0,4.592,True,exoplanets.org
Kepler-676 b,0.0,0.0,0.017,0.27,0.027521,524.0,441.0,2.968,11.5982,2.6256,12.6,243.0,3701.0,4.77,True,exoplanets.org
Kepler-677 b,0.001,0.003,0.012,0.48,0.096444,1245.0,1047.0,3.016,6.5753,4.2837,13.7,1180.0,5723.0,4.45,True,exoplanets.org
Kepler-678 b,0.001,0.005,0.02,0.46,0.087953,1124.0,945.0,3.015,7.275,7.5206,13.3,875.0,5520.0,4.5,True,exoplanets.org
KOI 1563.01,0.0,0.001,0.009,0.29,0.032865,1086.0,914.0,2.989,5.4871,2.93,13.7,,5103.0,4.562,True,exoplanets.org
Kepler-679 b,0.0,0.001,0.007,0.27,0.027126,897.0,754.0,2.968,12.3936,3.7222,13.7,968.0,5403.0,4.54,True,exoplanets.org
Kepler-680 b,0.001,0.001,0.005,0.22,0.018763,1623.0,1365.0,2.999,3.6899,2.6286,13.8,1342.0,5890.0,4.38,True,exoplanets.org
Kepler-681 b,0.0,0.0,0.008,0.28,0.028332,625.0,525.0,2.968,26.3944,3.4785,13.2,666.0,5021.0,4.58,True,exoplanets.org
KOI 1489.01,0.0,0.0,0.005,0.2,0.017362,759.0,638.0,3.032,16.0046,3.9475,13.5,,5180.0,4.597,True,exoplanets.org
Kepler-682 b,0.0,0.004,0.021,0.66,0.164047,935.0,787.0,2.973,12.6119,5.1636,13.5,951.0,5559.0,4.51,True,exoplanets.org
Kepler-683 b,0.001,0.001,0.005,0.18,0.014555,1680.0,1412.0,3.066,2.5392,2.383,13.4,976.0,5703.0,4.47,True,exoplanets.org
Kepler-684 b,0.0,0.001,0.006,0.3,0.034031,1124.0,945.0,2.972,6.7703,1.9398,13.8,1066.0,5493.0,4.53,True,exoplanets.org
KOI 1494.01,0.0,0.0,0.005,0.18,0.01547,874.0,735.0,3.064,8.196,2.824,13.4,,4723.0,4.557,True,exoplanets.org
Kepler-685 b,0.059,0.027,0.01,0.94,1.0,2198.0,1848.0,3.444,1.6255,2.3878,13.3,1145.0,5963.0,4.36,True,exoplanets.org
Kepler-686 b,0.048,0.032,0.015,1.08,1.0,1919.0,1613.0,3.324,1.5947,1.9561,13.9,1203.0,5649.0,4.49,True,exoplanets.org
Kepler-687 b,0.0,0.0,0.01,0.31,0.037741,646.0,543.0,2.977,20.5059,4.0602,13.2,628.0,4841.0,4.6,True,exoplanets.org
KOI 1429.01,0.0,0.0,0.005,0.42,0.075605,387.0,325.0,3.031,205.9127,9.992,13.9,,5644.0,4.457,True,exoplanets.org
Kepler-688 b,0.006,0.011,0.008,0.87,0.696016,1462.0,1229.0,3.357,3.8959,2.3389,13.9,1247.0,5715.0,4.47,True,exoplanets.org
Kepler-689 b,0.0,0.0,0.006,0.26,0.025066,764.0,643.0,2.97,22.3666,5.1509,13.7,1044.0,5518.0,4.51,True,exoplanets.org
Kepler-68 b,0.003,0.006,0.035,0.21,0.026183,1488.0,1252.0,3.044,5.3988,3.5193,8.6,135.0,5793.0,4.281,True,exoplanets.org
Kepler-68 c,0.0,0.001,0.005,0.08,0.015142,1228.0,1033.0,3.335,9.6051,2.5959,8.6,135.0,5793.0,4.281,True,exoplanets.org
Kepler-690 b,0.001,0.002,0.008,0.53,0.118744,1295.0,1089.0,3.019,7.7481,3.5631,14.1,1653.0,5913.0,4.35,True,exoplanets.org
KOI 1499.02,0.001,0.0,0.007,0.06,0.000584,2313.0,1945.0,2.675,0.8406,1.404,12.7,,5440.0,4.438,True,exoplanets.org
KOI 1499.03,0.0,0.0,0.004,0.08,0.002076,1188.0,999.0,2.912,6.2092,2.637,12.7,,5440.0,4.438,True,exoplanets.org
Kepler-691 b,0.0,0.0,0.01,0.19,0.015479,595.0,500.0,3.045,8.1144,2.2579,12.5,239.0,3715.0,4.76,True,exoplanets.org
Kepler-692 b,0.0,0.0,0.006,0.28,0.028747,752.0,633.0,2.968,21.8129,4.3891,13.7,1000.0,5440.0,4.53,True,exoplanets.org
Kepler-693 b,0.0,0.003,0.012,0.91,0.503122,714.0,600.0,3.18,15.3756,3.2673,14.2,1002.0,4881.0,4.61,True,exoplanets.org
KOI 1426.03,0.0,0.002,0.167,2.91,1.0,422.0,355.0,2.467,150.019,4.3823,12.8,,5618.0,4.46,True,exoplanets.org
Kepler-694 b,0.0,0.001,0.007,0.25,0.023683,1234.0,1037.0,2.973,6.3658,2.9697,13.5,1023.0,5700.0,4.47,True,exoplanets.org
Kepler-695 b,0.008,0.02,0.017,0.82,0.542157,1348.0,1134.0,3.299,3.0403,1.8394,12.9,620.0,5181.0,4.57,True,exoplanets.org
Kepler-696 b,0.003,0.005,0.011,0.55,0.136415,1543.0,1297.0,3.052,4.1904,2.8403,13.6,1285.0,5903.0,4.39,True,exoplanets.org
KOI 1437.01,0.0,0.0,0.002,0.14,0.012207,1279.0,1075.0,3.166,7.0173,3.567,13.8,,6052.0,4.456,True,exoplanets.org
Kepler-697 b,0.001,0.003,0.011,0.37,0.055791,1387.0,1166.0,3.009,3.7099,3.096,13.8,1091.0,5513.0,4.52,True,exoplanets.org
Kepler-698 b,0.0,0.001,0.009,0.33,0.041857,873.0,734.0,2.984,16.3298,6.373,13.8,1135.0,5612.0,4.5,True,exoplanets.org
Kepler-699 b,0.0,0.005,0.018,1.26,1.0,659.0,554.0,3.194,27.8076,4.2058,13.7,888.0,5330.0,4.58,True,exoplanets.org
KOI 1445.02,0.0,0.0,0.006,0.07,0.001188,708.0,596.0,2.807,54.3256,9.86,11.2,,6343.0,4.411,True,exoplanets.org
Kepler-69 b,0.0,0.001,0.009,0.2,0.01687,963.0,810.0,3.021,13.7223,4.9815,12.2,,5638.0,4.4,True,exoplanets.org
Kepler-69 c,0.0,0.0,0.003,0.15,0.01263,370.0,311.0,3.13,242.4613,11.3988,12.2,,5638.0,4.4,True,exoplanets.org
Kepler-6 b,0.088,0.074,0.067,1.32,0.669376,1786.0,1502.0,2.974,3.2347,3.9408,11.6,,5647.0,4.236,True,exoplanets.org
Kepler-700 b,0.0,0.0,0.01,0.53,0.12013,530.0,446.0,3.019,80.8721,11.1139,13.6,1061.0,5692.0,4.47,True,exoplanets.org
Kepler-701 b,0.0,0.001,0.009,0.25,0.02419,940.0,790.0,2.972,10.3553,3.4276,13.1,755.0,5343.0,4.54,True,exoplanets.org
Kepler-702 b,0.0,0.006,0.009,0.82,0.531485,956.0,803.0,3.294,10.5263,2.5212,13.5,892.0,5419.0,4.53,True,exoplanets.org
KOI 1411.01,0.0,0.0,0.012,0.7,0.208068,369.0,310.0,3.025,305.0762,6.255,11.7,,5716.0,4.348,True,exoplanets.org
Kepler-703 b,0.006,0.007,0.008,0.73,0.349418,1671.0,1405.0,3.209,4.5835,2.7149,13.6,1482.0,6185.0,4.29,True,exoplanets.org
Kepler-704 b,0.001,0.001,0.008,0.23,0.021041,1456.0,1224.0,2.983,3.7618,3.3906,13.6,1054.0,5616.0,4.46,True,exoplanets.org
Kepler-705 b,0.0,0.0,0.008,0.19,0.015673,316.0,266.0,3.041,56.0561,4.595,12.5,251.0,3722.0,4.75,True,exoplanets.org
KOI 1408.01,0.0,0.0,0.006,0.12,0.009137,546.0,459.0,3.187,14.5341,3.3094,11.8,,3957.0,4.693,True,exoplanets.org
Kepler-706 b,0.0,0.003,0.015,1.18,1.0,599.0,504.0,3.254,41.4083,5.023,13.3,810.0,5394.0,4.54,True,exoplanets.org
Kepler-707 b,0.0,0.001,0.004,0.12,0.007968,1444.0,1215.0,3.144,2.2375,1.8241,13.0,626.0,5099.0,4.58,True,exoplanets.org
Kepler-708 b,0.001,0.001,0.007,0.26,0.025609,1563.0,1314.0,2.969,3.1679,2.1875,13.9,1241.0,5692.0,4.47,True,exoplanets.org
KOI 142.01,0.0,0.003,0.02,0.35,0.052233,986.0,829.0,3.023,10.9161,3.6496,11.5,,5575.0,4.521,True,exoplanets.org
Kepler-709 b,0.0,0.0,0.009,0.26,0.025609,749.0,630.0,2.969,16.0852,3.5655,13.1,668.0,5071.0,4.58,True,exoplanets.org
Kepler-710 b,0.0,0.001,0.004,0.17,0.013866,1357.0,1141.0,3.086,4.3473,2.0739,13.4,919.0,5611.0,4.5,True,exoplanets.org
Kepler-711 b,0.0,0.0,0.01,0.3,0.035051,686.0,577.0,2.973,23.5891,4.7592,13.1,664.0,5222.0,4.56,True,exoplanets.org
Kepler-712 b,0.0,0.0,0.007,0.3,0.035051,694.0,584.0,2.973,21.0225,4.0906,13.8,944.0,5148.0,4.58,True,exoplanets.org
Kepler-712 c,0.0,0.0,0.006,0.43,0.077998,314.0,264.0,3.013,226.8905,7.525,13.8,944.0,5148.0,4.58,True,exoplanets.org
Kepler-713 b,0.0,0.001,0.005,0.22,0.019398,1213.0,1020.0,2.993,7.4111,2.4852,13.3,1003.0,5785.0,4.44,True,exoplanets.org
KOI 1466.01,0.0,0.0,0.006,0.97,0.792953,278.0,233.0,3.323,281.5629,8.853,13.9,,4810.0,4.536,True,exoplanets.org
Kepler-714 b,0.002,0.008,0.008,0.86,0.667539,1275.0,1072.0,3.347,8.0989,4.2148,13.8,1460.0,5995.0,4.37,True,exoplanets.org
Kepler-715 b,0.0,0.001,0.009,0.34,0.044076,1130.0,950.0,2.988,10.0065,5.2181,13.6,1214.0,5871.0,4.42,True,exoplanets.org
Kepler-716 b,0.0,0.001,0.009,0.26,0.025245,872.0,733.0,2.97,10.3717,3.0479,13.1,675.0,5099.0,4.58,True,exoplanets.org
KOI 1470.01,0.0,0.001,0.007,0.38,0.063503,937.0,788.0,3.029,15.434,4.2572,14.0,,5900.0,4.509,True,exoplanets.org
Kepler-717 b,0.0,0.001,0.008,0.22,0.018763,1290.0,1085.0,2.999,4.4084,4.933,14.0,1126.0,5485.0,4.53,True,exoplanets.org
Kepler-718 b,0.087,0.041,0.026,1.48,1.0,2212.0,1860.0,3.055,2.0523,2.0801,13.6,1520.0,6191.0,4.28,True,exoplanets.org
Kepler-719 b,0.004,0.009,0.011,0.76,0.4002,1371.0,1153.0,3.235,5.0073,4.2223,14.1,1427.0,5777.0,4.45,True,exoplanets.org
KOI 151.01,0.0,0.003,0.013,0.47,0.095426,1103.0,927.0,3.034,13.4472,3.0454,12.6,,6276.0,4.405,True,exoplanets.org
Kepler-720 b,0.004,0.012,0.015,0.75,0.381266,1328.0,1116.0,3.225,4.7083,3.1746,13.2,880.0,5618.0,4.49,True,exoplanets.org
Kepler-721 b,0.0,0.001,0.008,0.24,0.021479,1082.0,910.0,2.98,5.392,2.981,13.6,848.0,5075.0,4.58,True,exoplanets.org
Kepler-722 b,0.0,0.001,0.005,0.23,0.021332,1530.0,1287.0,2.981,4.0936,2.2856,13.8,1375.0,5863.0,4.41,True,exoplanets.org
KOI 1519.02,0.0,0.0,0.002,0.16,0.013613,538.0,453.0,3.112,57.1329,4.958,13.4,,5157.0,4.445,True,exoplanets.org
Kepler-722 c,0.0,0.0,0.003,0.25,0.02402,519.0,436.0,2.972,105.1447,7.2389,13.8,1375.0,5863.0,4.41,True,exoplanets.org
Kepler-723 b,0.011,0.026,0.018,1.09,1.0,1357.0,1141.0,3.321,4.0823,3.238,13.5,965.0,5539.0,4.51,True,exoplanets.org
Kepler-724 b,0.001,0.002,0.009,0.29,0.032559,1409.0,1185.0,2.97,3.3149,1.7069,13.4,862.0,5437.0,4.53,True,exoplanets.org
KOI 1522.02,0.0,0.0,0.003,0.09,0.003377,1042.0,876.0,3.005,12.6549,4.325,12.7,,5833.0,4.407,True,exoplanets.org
Kepler-725 b,0.0,0.002,0.015,0.95,0.623509,603.0,507.0,3.235,39.6432,6.4663,13.2,778.0,5363.0,4.54,True,exoplanets.org
Kepler-726 b,0.0,0.0,0.007,0.29,0.031849,753.0,633.0,2.97,21.8045,3.3931,13.3,838.0,5452.0,4.53,True,exoplanets.org
Kepler-727 b,0.0,0.001,0.007,0.23,0.020062,1219.0,1025.0,2.988,5.1545,2.8866,13.4,892.0,5441.0,4.53,True,exoplanets.org
KOI 1563.02,0.0,0.001,0.009,0.29,0.03221,947.0,796.0,2.988,8.2908,3.613,13.7,,5103.0,4.562,True,exoplanets.org
Kepler-728 b,0.0,0.001,0.008,0.3,0.033533,1259.0,1058.0,2.971,5.7435,3.4527,13.9,1236.0,5660.0,4.49,True,exoplanets.org
Kepler-729 b,0.001,0.002,0.009,0.32,0.039163,1514.0,1273.0,2.98,3.1664,3.3039,14.1,1271.0,5633.0,4.5,True,exoplanets.org
Kepler-730 b,0.002,0.008,0.009,0.82,0.542157,1263.0,1062.0,3.299,6.4917,4.3164,14.1,1455.0,5726.0,4.43,True,exoplanets.org
KOI 1602.01,0.0,0.0,0.003,0.23,0.020694,1336.0,1124.0,3.003,9.9772,5.908,13.3,,5557.0,4.037,True,exoplanets.org
Kepler-731 b,0.02,0.027,0.018,1.24,1.0,1565.0,1316.0,3.209,3.8556,3.2097,13.8,1311.0,5849.0,4.41,True,exoplanets.org
Kepler-732 b,0.0,0.0,0.018,0.19,0.016274,537.0,451.0,3.03,9.4678,2.4437,11.7,150.0,3631.0,4.79,True,exoplanets.org
Kepler-732 c,0.001,0.002,0.013,0.11,0.006682,1179.0,992.0,3.113,0.893,1.1042,11.7,150.0,3631.0,4.79,True,exoplanets.org
KOI 1375.01,0.0,0.0,0.006,0.65,0.166013,403.0,338.0,2.993,321.2124,4.012,12.2,,6018.0,4.257,True,exoplanets.org
Kepler-733 b,0.0,0.0,0.006,0.25,0.02402,761.0,640.0,2.972,20.8342,4.0748,13.6,980.0,5418.0,4.53,True,exoplanets.org
Kepler-734 b,0.0,0.003,0.021,0.32,0.038874,1083.0,910.0,2.979,6.1049,4.6759,12.7,553.0,5326.0,4.59,True,exoplanets.org
Kepler-735 b,0.0,0.0,0.006,0.26,0.025979,851.0,716.0,2.969,11.5152,2.0189,13.5,790.0,5107.0,4.57,True,exoplanets.org
KOI 1360.03,0.001,0.0,0.004,0.08,0.001838,2065.0,1736.0,2.889,0.764,1.103,13.5,,5142.0,4.602,True,exoplanets.org
Kepler-736 b,0.0,0.001,0.008,0.26,0.025609,1286.0,1082.0,2.969,3.6015,2.5219,13.8,1007.0,5217.0,4.56,True,exoplanets.org
Kepler-737 b,0.0,0.0,0.01,0.17,0.014466,396.0,333.0,3.068,28.5992,3.6632,12.1,195.0,3813.0,4.77,True,exoplanets.org
Kepler-738 b,0.0,0.0,0.004,0.22,0.01966,697.0,586.0,2.991,24.5872,3.8669,13.8,992.0,5327.0,4.55,True,exoplanets.org
KOI 1362.01,0.0,0.0,0.007,0.23,0.02135,702.0,591.0,3.0,20.5136,3.4769,13.4,,5310.0,4.608,True,exoplanets.org
Kepler-739 b,0.0,0.001,0.007,0.3,0.033042,948.0,797.0,2.971,12.5325,4.0098,13.8,1128.0,5601.0,4.51,True,exoplanets.org
Kepler-740 b,0.001,0.003,0.01,0.41,0.069004,1379.0,1159.0,3.012,3.5841,2.7445,14.2,1262.0,5438.0,4.52,True,exoplanets.org
Kepler-741 b,0.0,0.001,0.005,0.27,0.026355,1423.0,1196.0,2.969,7.039,3.8898,13.7,1530.0,6129.0,4.31,True,exoplanets.org
KOI 1338.03,0.0,0.0,0.002,0.12,0.010066,862.0,725.0,3.204,21.0112,4.507,13.1,,5823.0,4.427,True,exoplanets.org
Kepler-742 b,0.0,0.001,0.013,0.29,0.031384,826.0,695.0,2.969,8.3609,2.7016,12.8,499.0,4642.0,4.62,True,exoplanets.org
Kepler-743 b,0.0,0.001,0.007,0.11,0.005719,1423.0,1197.0,3.085,3.1793,1.0248,10.8,258.0,5486.0,4.55,True,exoplanets.org
Kepler-744 b,0.0,0.0,0.004,0.14,0.012082,973.0,818.0,3.154,12.0622,2.1007,11.9,486.0,5594.0,4.48,True,exoplanets.org
Kepler-745 b,0.0,0.0,0.005,0.19,0.016172,1129.0,949.0,3.032,9.9314,5.659,13.6,1199.0,5849.0,4.42,True,exoplanets.org
Kepler-746 b,0.0,0.0,0.005,0.1,0.004222,1434.0,1206.0,3.028,3.4816,1.8389,11.8,450.0,5418.0,4.46,True,exoplanets.org
Kepler-747 b,0.0,0.001,0.013,0.47,0.09235,579.0,487.0,3.015,35.6176,8.4208,13.6,855.0,5096.0,4.58,True,exoplanets.org
KOI 1358.01,0.0,0.001,0.009,0.24,0.022456,967.0,813.0,2.995,5.6449,2.2599,13.2,,4769.0,4.622,True,exoplanets.org
Kepler-748 b,0.0,0.001,0.005,0.23,0.019927,1293.0,1087.0,2.989,7.4074,3.5804,13.6,1271.0,5934.0,4.38,True,exoplanets.org
Kepler-749 b,0.0,0.0,0.007,0.28,0.028747,714.0,600.0,2.968,17.3172,3.1599,13.5,753.0,5009.0,4.59,True,exoplanets.org
Kepler-74 b,0.01,0.017,0.021,1.32,0.66711,1481.0,1245.0,2.977,7.3407,2.699,13.0,1330.0,6050.0,4.2,True,exoplanets.org
KOI 1358.02,0.0,0.0,0.005,0.17,0.014464,835.0,703.0,3.087,8.7429,2.6277,13.2,,4769.0,4.622,True,exoplanets.org
Kepler-750 b,0.0,0.001,0.007,0.27,0.028127,1294.0,1088.0,2.968,9.4289,4.4123,13.1,1181.0,6160.0,4.32,True,exoplanets.org
Kepler-750 c,0.0,0.0,0.003,0.14,0.012082,1709.0,1437.0,3.154,4.089,3.4651,13.1,1181.0,6160.0,4.32,True,exoplanets.org
Kepler-751 b,0.0,0.0,0.007,0.22,0.019141,798.0,671.0,2.995,17.4449,4.0988,13.1,748.0,5387.0,4.54,True,exoplanets.org
KOI 1358.04,0.0,0.0,0.003,0.11,0.0065,1296.0,1090.0,3.126,2.3459,1.6795,13.2,,4769.0,4.622,True,exoplanets.org
Kepler-752 b,0.0,0.0,0.006,0.25,0.02385,771.0,648.0,2.972,18.8275,4.7321,13.9,1075.0,5373.0,4.54,True,exoplanets.org
Kepler-753 b,0.0,0.001,0.009,0.17,0.014034,854.0,718.0,3.08,5.7477,1.8222,11.9,278.0,4346.0,4.65,True,exoplanets.org
Kepler-754 b,0.0,0.0,0.004,0.18,0.014824,1024.0,861.0,3.059,14.5596,5.76,13.5,1192.0,5935.0,4.39,True,exoplanets.org
KOI 1359.01,0.0,0.0,0.007,0.28,0.031782,692.0,582.0,2.988,37.1011,5.5556,13.5,,5986.0,4.527,True,exoplanets.org
Kepler-755 b,0.003,0.002,0.01,0.16,0.01298,1730.0,1455.0,3.116,1.2691,1.5736,11.9,368.0,5043.0,4.58,True,exoplanets.org
Kepler-755 c,0.0,0.001,0.005,0.11,0.006482,1320.0,1110.0,3.107,2.8531,1.4352,11.9,368.0,5043.0,4.58,True,exoplanets.org
Kepler-756 b,0.001,0.0,0.004,0.1,0.004374,1857.0,1562.0,3.035,1.2249,1.7027,13.5,852.0,5282.0,4.57,True,exoplanets.org
Kepler-76 b,0.185,0.065,0.017,1.36,2.01,2529.0,2127.0,3.455,1.5449,1.4393,12.1,,6409.0,4.2,True,exoplanets.org
Kepler-757 b,0.002,0.0,0.003,0.12,0.008429,2565.0,2157.0,3.154,1.0227,1.3395,13.0,1016.0,6014.0,4.37,True,exoplanets.org
Kepler-758 b,0.0,0.001,0.005,0.22,0.019398,1291.0,1086.0,2.993,12.1097,5.808,13.1,1353.0,6228.0,4.19,True,exoplanets.org
Kepler-758 c,0.0,0.0,0.003,0.15,0.012523,1763.0,1482.0,3.134,4.7579,4.6769,13.1,1353.0,6228.0,4.19,True,exoplanets.org
KOI 1393.01,0.0,0.002,0.013,0.19,0.016192,1035.0,871.0,3.05,1.6947,1.6864,12.8,,3764.0,4.739,True,exoplanets.org
Kepler-758 d,0.0,0.0,0.003,0.19,0.015771,1083.0,911.0,3.039,20.4966,6.3792,13.1,1353.0,6228.0,4.19,True,exoplanets.org
Kepler-758 e,0.0,0.0,0.002,0.14,0.012426,1470.0,1237.0,3.221,8.1935,5.047,13.1,1353.0,6228.0,4.19,True,exoplanets.org
Kepler-759 b,0.0,0.0,0.004,0.2,0.017236,700.0,589.0,3.016,41.806,6.132,13.0,892.0,5860.0,4.42,True,exoplanets.org
KOI 1421.01,0.0,0.0,0.005,0.91,0.571444,204.0,171.0,3.231,1693.6636,22.604,13.7,,5923.0,4.445,True,exoplanets.org
Kepler-75 b,0.001,0.01,0.001,1.03,9.98479,1008.0,848.0,4.368,8.8849,1.872,13.1,1140.0,5330.0,4.5,True,exoplanets.org
Kepler-760 b,0.0,0.001,0.009,0.27,0.027923,996.0,837.0,2.968,8.7042,2.9741,13.2,782.0,5322.0,4.54,True,exoplanets.org
Kepler-760 c,0.0,0.0,0.003,0.13,0.011266,1516.0,1275.0,3.205,2.467,1.5646,13.2,782.0,5322.0,4.54,True,exoplanets.org
KOI 1397.01,0.0,0.0,0.008,0.17,0.014226,665.0,560.0,3.094,6.247,1.4848,12.4,,3821.0,4.764,True,exoplanets.org
Kepler-761 b,0.0,0.0,0.004,0.18,0.015008,1050.0,883.0,3.055,10.128,3.3632,13.2,867.0,5706.0,4.48,True,exoplanets.org
Kepler-762 b,0.018,0.023,0.014,1.13,1.0,1609.0,1353.0,3.287,3.7706,3.8277,14.0,1465.0,5944.0,4.4,True,exoplanets.org
Kepler-763 b,0.001,0.0,0.003,0.11,0.005904,1835.0,1543.0,3.091,1.1966,1.1901,13.8,902.0,5166.0,4.57,True,exoplanets.org
KOI 1398.01,0.0,0.001,0.006,0.27,0.028004,1241.0,1044.0,2.986,5.8235,2.2441,14.2,,5774.0,4.526,True,exoplanets.org
Kepler-764 b,0.0,0.0,0.003,0.15,0.012155,1120.0,942.0,3.15,7.3368,3.5119,13.6,1013.0,5557.0,4.51,True,exoplanets.org
Kepler-765 b,0.0,0.0,0.005,0.22,0.018888,816.0,686.0,2.997,27.6655,6.5081,13.2,1000.0,5901.0,4.41,True,exoplanets.org
Kepler-766 b,0.001,0.001,0.007,0.3,0.034537,1417.0,1192.0,2.972,6.1003,4.7487,14.0,1614.0,5992.0,4.36,True,exoplanets.org
Kepler-767 b,0.0,0.0,0.006,0.59,0.121945,418.0,351.0,2.936,161.528,3.6935,13.8,1185.0,5694.0,4.48,True,exoplanets.org
Kepler-768 b,0.0,0.0,0.003,0.16,0.013215,849.0,714.0,3.107,11.391,2.297,13.5,795.0,5108.0,4.58,True,exoplanets.org
Kepler-769 b,0.0,0.001,0.005,0.26,0.025609,1427.0,1200.0,2.969,7.4261,3.7017,13.4,1362.0,6186.0,4.3,True,exoplanets.org
KOI 1278.02,0.0,0.0,0.005,0.22,0.019696,630.0,529.0,3.009,44.3472,6.43,13.7,,5600.0,4.455,True,exoplanets.org
Kepler-769 c,0.0,0.0,0.002,0.16,0.013215,1105.0,929.0,3.107,15.987,4.279,13.4,1362.0,6186.0,4.3,True,exoplanets.org
Kepler-770 b,0.0,0.0,0.005,0.2,0.017459,834.0,701.0,3.013,18.9254,3.7409,12.9,761.0,5598.0,4.49,True,exoplanets.org
Kepler-770 c,0.001,0.001,0.004,0.11,0.005538,1951.0,1641.0,3.079,1.4753,2.3261,12.9,761.0,5598.0,4.49,True,exoplanets.org
Kepler-770 d,0.0,0.0,0.003,0.13,0.009401,1382.0,1162.0,3.174,4.1524,2.5916,12.9,761.0,5598.0,4.49,True,exoplanets.org
Kepler-771 b,0.0,0.0,0.004,0.16,0.013374,1197.0,1007.0,3.101,8.7349,4.4441,13.2,1000.0,5906.0,4.42,True,exoplanets.org
Kepler-772 b,0.0,0.0,0.005,0.16,0.013374,1052.0,885.0,3.101,12.9921,5.9838,12.3,689.0,5714.0,4.33,True,exoplanets.org
KOI 1310.02,0.0,0.0,0.002,0.3,0.034915,541.0,455.0,2.991,144.6889,9.468,13.1,,5372.0,4.007,True,exoplanets.org
Kepler-773 b,0.0,0.001,0.004,0.13,0.010175,1539.0,1295.0,3.187,3.7491,1.8438,11.9,528.0,5850.0,4.45,True,exoplanets.org
Kepler-774 b,0.001,0.001,0.006,0.28,0.030034,1696.0,1427.0,2.968,11.0896,6.3412,11.6,1190.0,6403.0,3.87,True,exoplanets.org
Kepler-775 b,0.002,0.001,0.008,0.11,0.005361,2098.0,1765.0,3.073,0.9749,1.5975,11.8,400.0,5468.0,4.56,True,exoplanets.org
KOI 1311.01,0.0,0.001,0.005,0.59,0.128973,852.0,716.0,2.961,83.5782,7.2487,12.1,,6056.0,3.788,True,exoplanets.org
Kepler-776 b,0.0,0.0,0.003,0.11,0.006887,1114.0,937.0,3.118,4.8972,1.799,13.3,727.0,5071.0,4.58,True,exoplanets.org
Kepler-777 b,0.0,0.0,0.004,0.13,0.010987,758.0,638.0,3.201,5.7281,1.9804,13.0,383.0,4043.0,4.71,True,exoplanets.org
Kepler-778 b,0.0,0.0,0.003,0.15,0.012449,1221.0,1027.0,3.137,3.7557,2.2971,13.8,899.0,5102.0,4.58,True,exoplanets.org
Kepler-79 e,0.0,0.0,0.011,0.32,0.0129,694.0,583.0,2.5,81.0653,3.686,12.6,,6189.0,4.223,True,exoplanets.org
Kepler-779 b,0.0,0.0,0.008,0.08,0.002158,612.0,515.0,2.901,7.0971,2.244,12.6,224.0,3804.0,4.81,True,exoplanets.org
Kepler-77 b,0.02,0.033,0.039,0.96,0.430957,1483.0,1247.0,3.07,3.5788,2.9338,12.4,570.0,5520.0,4.42,True,exoplanets.org
Kepler-780 b,0.002,0.001,0.009,0.08,0.001891,2712.0,2280.0,2.876,0.6774,1.8243,11.8,520.0,5769.0,4.42,True,exoplanets.org
Kepler-79 c,,,,0.34,0.0186,867.0,729.0,2.603,27.402,,12.6,,6187.0,4.42,True,exoplanets.org
Kepler-781 b,0.0,0.0,0.006,0.26,0.025066,818.0,688.0,2.97,13.2141,3.4241,14.0,1036.0,5162.0,4.58,True,exoplanets.org
Kepler-782 b,0.0,0.0,0.014,0.29,0.030701,447.0,376.0,2.969,158.6853,11.677,11.3,412.0,5867.0,4.42,True,exoplanets.org
Kepler-783 b,0.0,0.0,0.006,0.07,0.001233,1328.0,1117.0,2.795,4.2926,2.622,12.3,544.0,5521.0,4.51,True,exoplanets.org
KOI 1331.01,0.0,0.0,0.005,0.17,0.014147,906.0,762.0,3.096,6.8008,1.9883,13.0,,4805.0,4.633,True,exoplanets.org
Kepler-784 b,0.0,0.0,0.005,0.14,0.011796,844.0,710.0,3.167,31.5923,13.8408,11.6,604.0,5674.0,4.19,True,exoplanets.org
Kepler-785 b,0.022,0.046,0.027,1.16,1.0,1361.0,1145.0,3.264,1.9738,1.8292,13.4,666.0,4739.0,4.62,True,exoplanets.org
Kepler-786 b,0.0,0.0,0.007,0.22,0.018888,468.0,394.0,2.997,53.5293,5.5769,12.7,512.0,4838.0,4.61,True,exoplanets.org
Kepler-80 e,0.0,0.001,0.006,0.15,0.012177,903.0,760.0,3.149,4.6454,1.989,12.3,,4613.0,4.69,True,exoplanets.org
Kepler-787 b,0.001,0.001,0.005,0.11,0.006887,1508.0,1268.0,3.118,0.9283,1.296,13.1,468.0,4248.0,4.67,True,exoplanets.org
Kepler-788 b,0.0,0.001,0.005,0.23,0.020198,1342.0,1129.0,2.987,8.3985,6.4879,13.9,1649.0,6159.0,4.32,True,exoplanets.org
Kepler-789 b,0.0,0.001,0.006,0.19,0.015771,1181.0,993.0,3.039,8.6385,5.4301,13.0,915.0,5870.0,4.42,True,exoplanets.org
KOI 1316.01,0.0,0.001,0.005,0.13,0.010799,1487.0,1251.0,3.216,7.6497,6.625,10.6,,5855.0,4.125,True,exoplanets.org
Kepler-78 b,0.016,0.004,0.022,0.1,0.00585,2622.0,2205.0,3.132,0.355,0.814,9.6,,5089.0,4.6,True,exoplanets.org
Kepler-790 b,0.0,0.0,0.004,0.19,0.016274,820.0,689.0,3.03,13.7347,2.3574,13.2,727.0,5208.0,4.56,True,exoplanets.org
Kepler-791 b,0.0,0.001,0.005,0.27,0.027721,1242.0,1045.0,2.968,14.554,6.2539,13.2,1447.0,6383.0,4.21,True,exoplanets.org
Kepler-792 b,0.0,0.0,0.003,0.17,0.014466,1137.0,956.0,3.068,11.3012,3.9792,13.5,1205.0,5971.0,4.38,True,exoplanets.org
Kepler-793 b,0.0,0.0,0.003,0.12,0.008666,1436.0,1208.0,3.159,4.2415,3.115,12.9,794.0,5745.0,4.46,True,exoplanets.org
Kepler-794 b,0.0,0.0,0.005,0.19,0.015673,1222.0,1028.0,3.041,11.1313,4.1751,12.0,763.0,5839.0,4.23,True,exoplanets.org
Kepler-79 b,,,,0.32,0.0343,1099.0,924.0,2.93,13.485,,12.6,,6187.0,4.42,True,exoplanets.org
Kepler-795 b,0.0,0.0,0.005,0.15,0.012449,738.0,620.0,3.137,29.6193,4.9768,11.7,458.0,5631.0,4.45,True,exoplanets.org
Kepler-796 b,0.0,0.0,0.005,0.12,0.007307,1276.0,1073.0,3.129,6.4009,2.5038,11.1,377.0,5475.0,4.33,True,exoplanets.org
Kepler-797 b,0.0,0.0,0.006,0.19,0.016274,760.0,639.0,3.03,27.0724,6.943,12.8,752.0,5680.0,4.47,True,exoplanets.org
KOI 1336.04,0.0,0.0,0.003,0.14,0.012207,1577.0,1326.0,3.166,4.4581,2.867,13.3,,6100.0,4.376,True,exoplanets.org
Kepler-798 b,0.0,0.0,0.005,0.21,0.018395,1175.0,988.0,3.002,13.7193,5.5426,12.8,1085.0,6224.0,4.29,True,exoplanets.org
Kepler-799 b,0.0,0.0,0.013,0.61,0.13484,443.0,372.0,2.948,133.4605,11.611,13.5,1029.0,5681.0,4.49,True,exoplanets.org
Kepler-7 b,0.082,0.063,0.1,1.48,0.437758,1849.0,1555.0,2.698,4.8855,5.1928,11.5,,5933.0,3.98,True,exoplanets.org
Kepler-84 e,0.0,0.0,0.004,0.23,0.020891,885.0,744.0,2.983,27.4344,5.121,13.2,,6031.0,4.323,True,exoplanets.org
Kepler-800 b,0.0,0.0,0.006,0.25,0.024362,837.0,704.0,2.971,14.1318,3.8539,13.9,1049.0,5315.0,4.55,True,exoplanets.org
Kepler-801 b,0.0,0.0,0.008,0.18,0.014734,684.0,575.0,3.062,11.4193,3.9867,12.8,419.0,4435.0,4.66,True,exoplanets.org
Kepler-802 b,0.0,0.0,0.008,0.32,0.038303,633.0,532.0,2.978,40.0587,5.533,13.1,828.0,5507.0,4.5,True,exoplanets.org
Kepler-80 b,,,,0.24,0.022236,840.0,706.0,2.977,7.053,,12.3,,4613.0,4.67,True,exoplanets.org
Kepler-803 b,0.0,0.0,0.011,0.34,0.045061,689.0,580.0,2.99,50.2864,6.3668,12.0,615.0,5919.0,4.36,True,exoplanets.org
Kepler-804 b,0.0,0.0,0.006,0.17,0.014292,1002.0,843.0,3.073,14.3746,4.782,12.2,648.0,5817.0,4.4,True,exoplanets.org
Kepler-804 c,0.0,0.0,0.004,0.1,0.004689,1144.0,962.0,3.048,9.6519,4.457,12.2,648.0,5817.0,4.4,True,exoplanets.org
Kepler-84 f,0.0,0.0,0.003,0.2,0.01651,753.0,633.0,3.026,44.5522,5.86,13.2,,6031.0,4.323,True,exoplanets.org
Kepler-805 b,0.0,0.001,0.009,0.26,0.025066,996.0,837.0,2.97,30.8639,8.4209,11.2,657.0,6112.0,4.08,True,exoplanets.org
Kepler-806 b,0.0,0.001,0.01,0.1,0.004689,1270.0,1068.0,3.048,8.0922,5.455,10.1,260.0,5770.0,4.3,True,exoplanets.org
Kepler-807 b,0.0,0.0,0.006,0.93,0.564429,509.0,428.0,3.209,117.9311,5.8091,13.7,1312.0,5965.0,4.41,True,exoplanets.org
Kepler-80 c,,,,0.25,0.022,760.0,639.0,2.927,9.522,,12.3,,4613.0,4.67,True,exoplanets.org
Kepler-808 b,0.004,0.002,0.008,0.13,0.010712,1959.0,1647.0,3.196,0.6313,1.1076,11.9,321.0,4653.0,4.62,True,exoplanets.org
Kepler-809 b,0.0,0.0,0.006,0.27,0.027126,610.0,513.0,2.968,55.6393,7.1189,13.2,933.0,5734.0,4.45,True,exoplanets.org
Kepler-80 f,0.001,0.001,0.008,0.11,0.006093,1603.0,1348.0,3.096,0.9868,1.4007,12.3,0.0,4613.0,4.69,True,exoplanets.org
KOI 1271.01,0.0,0.001,0.006,1.03,1.0,569.0,478.0,3.37,162.048,9.8974,12.3,,6309.0,4.16,True,exoplanets.org
Kepler-810 b,0.0,0.0,0.003,0.17,0.014205,1450.0,1219.0,3.076,4.5973,2.8229,14.2,1554.0,5803.0,4.42,True,exoplanets.org
Kepler-811 b,0.0,0.0,0.006,0.24,0.022236,912.0,767.0,2.977,23.5845,5.4641,12.5,847.0,5747.0,4.25,True,exoplanets.org
Kepler-812 b,0.001,0.001,0.006,0.32,0.038588,1573.0,1323.0,2.979,10.1172,4.939,12.8,1482.0,6761.0,4.13,True,exoplanets.org
Kepler-81 b,,,,0.22,0.018763,842.0,708.0,2.999,5.955,,12.4,,4500.0,4.7,True,exoplanets.org
Kepler-813 b,0.0,0.0,0.004,0.19,0.01597,855.0,719.0,3.035,19.1295,3.757,13.1,840.0,5743.0,4.48,True,exoplanets.org
Kepler-814 b,0.0,0.0,0.004,0.19,0.015771,1486.0,1250.0,3.039,6.147,3.3919,13.4,1327.0,6162.0,4.33,True,exoplanets.org
Kepler-815 b,0.003,0.002,0.005,0.37,0.055479,1792.0,1507.0,3.009,8.575,8.545,11.2,1199.0,5028.0,3.46,True,exoplanets.org
Kepler-82 e,0.0,0.001,0.005,0.22,0.019315,1196.0,1005.0,2.994,5.9022,2.827,13.5,,5428.0,4.466,True,exoplanets.org
Kepler-816 b,0.0,0.007,0.008,0.91,0.880048,927.0,780.0,3.417,10.5068,3.7432,13.9,1059.0,5286.0,4.54,True,exoplanets.org
Kepler-817 b,0.006,0.009,0.008,0.81,0.500877,1528.0,1285.0,3.281,3.9901,2.4269,14.0,1401.0,5861.0,4.42,True,exoplanets.org
Kepler-818 b,0.0,0.002,0.011,0.46,0.086773,1037.0,872.0,3.015,10.0354,3.4185,13.4,967.0,5638.0,4.49,True,exoplanets.org
Kepler-81 c,,,,0.21,0.018155,666.0,560.0,3.005,12.04,,12.4,,4500.0,4.7,True,exoplanets.org
Kepler-819 b,0.0,0.0,0.007,0.25,0.023026,621.0,522.0,2.975,33.1996,5.0135,13.2,722.0,5279.0,4.55,True,exoplanets.org
Kepler-820 b,0.0,0.0,0.009,0.54,0.124338,573.0,482.0,3.019,127.8338,10.8773,12.5,989.0,6260.0,4.25,True,exoplanets.org
Kepler-821 b,0.0,0.001,0.004,0.12,0.007523,1574.0,1323.0,3.134,1.9228,1.9191,12.9,619.0,5191.0,4.56,True,exoplanets.org
Kepler-83 c,,,,0.21,0.018155,587.0,493.0,3.005,20.09,,12.9,,4648.0,4.69,True,exoplanets.org
Kepler-822 b,0.001,0.001,0.004,0.16,0.013058,1691.0,1422.0,3.113,3.223,2.8575,13.1,956.0,5928.0,4.4,True,exoplanets.org
Kepler-823 b,0.0,0.0,0.003,0.14,0.011725,1411.0,1187.0,3.171,4.1681,2.723,13.2,896.0,5643.0,4.47,True,exoplanets.org
Kepler-824 b,0.0,0.0,0.003,0.17,0.013782,1613.0,1357.0,3.088,4.5144,2.9561,13.4,1352.0,6035.0,4.32,True,exoplanets.org
KOI 126.02,0.0,0.0,0.001,0.07,0.001032,3273.0,2752.0,2.78,0.8752,0.052,11.6,,5855.0,3.999,True,exoplanets.org
Kepler-825 b,0.0,0.0,0.003,0.14,0.012426,1625.0,1367.0,3.221,3.7736,2.6854,12.7,820.0,5976.0,4.39,True,exoplanets.org
Kepler-825 c,0.0,0.0,0.004,0.16,0.013536,1256.0,1056.0,3.096,8.1818,2.4596,12.7,820.0,5976.0,4.39,True,exoplanets.org
Kepler-826 b,0.0,0.0,0.004,0.11,0.006482,1605.0,1350.0,3.107,4.4876,2.8308,12.0,649.0,6079.0,4.34,True,exoplanets.org
Kepler-82 b,,,,0.36,0.051796,739.0,622.0,3.003,26.444,,13.5,,5512.0,4.49,True,exoplanets.org
Kepler-827 b,0.0,0.0,0.006,0.5,0.105771,594.0,499.0,3.017,51.9293,5.3083,14.2,1352.0,5602.0,4.5,True,exoplanets.org
Kepler-828 b,0.003,0.001,0.004,0.14,0.01213,2264.0,1904.0,3.217,0.5679,0.9869,13.0,625.0,5039.0,4.58,True,exoplanets.org
Kepler-829 b,0.0,0.0,0.004,0.19,0.015673,1212.0,1019.0,3.041,6.8834,2.2442,13.3,954.0,5698.0,4.46,True,exoplanets.org
Kepler-82 c,,,,0.48,0.095206,592.0,498.0,3.016,51.538,,13.5,,5512.0,4.49,True,exoplanets.org
Kepler-830 b,0.0,0.0,0.003,0.15,0.012598,1148.0,965.0,3.131,11.297,4.583,13.3,1122.0,6037.0,4.38,True,exoplanets.org
Kepler-831 b,0.0,0.0,0.004,0.11,0.006682,1302.0,1095.0,3.113,5.6215,2.3638,12.2,577.0,5732.0,4.46,True,exoplanets.org
Kepler-832 b,0.0,0.0,0.004,0.18,0.015288,1145.0,963.0,3.049,7.1397,3.929,14.2,1346.0,5596.0,4.5,True,exoplanets.org
Kepler-83 b,,,,0.25,0.02402,746.0,627.0,2.972,9.77,,12.9,,4648.0,4.69,True,exoplanets.org
Kepler-833 b,0.0,0.0,0.006,0.18,0.014916,567.0,477.0,3.057,18.7547,3.0681,12.9,421.0,4339.0,4.67,True,exoplanets.org
Kepler-834 b,0.0,0.0,0.005,0.18,0.014916,678.0,570.0,3.057,13.3239,3.2768,13.5,620.0,4554.0,4.64,True,exoplanets.org
Kepler-835 b,0.0,0.0,0.003,0.25,0.023516,1126.0,947.0,2.973,11.4191,4.3819,14.6,2011.0,5954.0,4.38,True,exoplanets.org
KOI 1261.02,0.0,0.0,0.003,0.33,0.044494,1161.0,976.0,3.008,15.1942,3.106,13.5,,5588.0,4.047,True,exoplanets.org
Kepler-836 b,0.0,0.001,0.007,0.24,0.022706,1090.0,916.0,2.976,11.3611,4.2053,13.2,1003.0,5895.0,4.41,True,exoplanets.org
Kepler-837 b,0.0,0.0,0.005,0.23,0.020335,803.0,675.0,2.987,16.5606,2.2611,13.5,846.0,5403.0,4.56,True,exoplanets.org
Kepler-838 b,0.0,0.0,0.005,0.24,0.022706,927.0,779.0,2.976,15.7496,4.6942,13.8,1210.0,5770.0,4.46,True,exoplanets.org
Kepler-85 e,0.0,0.0,0.002,0.11,0.006744,717.0,603.0,3.115,25.2168,4.083,13.1,,5436.0,4.494,True,exoplanets.org
Kepler-839 b,0.0,0.0,0.006,0.23,0.020474,818.0,688.0,2.986,37.8145,8.5785,12.3,833.0,6058.0,4.29,True,exoplanets.org
Kepler-840 b,0.139,0.111,0.08,1.52,1.0,1828.0,1537.0,3.029,2.4958,4.2624,12.6,778.0,5920.0,4.41,True,exoplanets.org
Kepler-841 b,0.0,0.0,0.005,0.47,0.09114,404.0,340.0,3.015,124.4198,3.6612,13.9,1052.0,5324.0,4.56,True,exoplanets.org
KOI 1276.01,0.0,0.0,0.005,0.23,0.021217,825.0,693.0,3.0,22.7902,5.0394,13.1,,5478.0,4.354,True,exoplanets.org
Kepler-842 b,0.001,0.001,0.006,0.14,0.011938,1655.0,1391.0,3.16,1.2196,1.5672,12.9,552.0,4848.0,4.6,True,exoplanets.org
Kepler-843 b,0.002,0.001,0.006,0.23,0.020755,1900.0,1597.0,2.984,2.0539,2.1809,13.7,1247.0,5830.0,4.42,True,exoplanets.org
Kepler-844 b,0.0,0.001,0.006,0.15,0.012449,1012.0,851.0,3.137,2.613,1.9296,13.1,394.0,4128.0,4.7,True,exoplanets.org
Kepler-84 b,,,,0.2,0.017236,1370.0,1152.0,3.016,8.726,,13.2,,5755.0,4.13,True,exoplanets.org
Kepler-845 b,0.004,0.002,0.011,0.18,0.0151,1858.0,1562.0,3.053,0.9279,1.4398,12.5,471.0,4913.0,4.59,True,exoplanets.org
Kepler-846 b,0.0,0.0,0.004,0.22,0.019398,814.0,684.0,2.993,19.8079,3.5239,14.0,1233.0,5579.0,4.5,True,exoplanets.org
Kepler-847 b,0.0,0.0,0.005,0.1,0.005187,1378.0,1159.0,3.067,2.3432,2.0391,12.7,529.0,4940.0,4.58,True,exoplanets.org
Kepler-84 c,,,,0.21,0.096,1203.0,1012.0,3.712,12.883,,13.2,,5755.0,4.13,True,exoplanets.org
Kepler-848 b,0.0,0.001,0.004,0.15,0.012598,1339.0,1126.0,3.131,6.9113,5.6555,12.4,797.0,5695.0,4.28,True,exoplanets.org
Kepler-849 b,0.0,0.0,0.014,0.64,0.149499,418.0,352.0,2.961,394.6245,23.9917,11.5,747.0,6059.0,4.1,True,exoplanets.org
Kepler-850 b,0.0,0.0,0.002,0.16,0.013136,1301.0,1094.0,3.11,7.193,3.4351,14.0,1535.0,5932.0,4.39,True,exoplanets.org
Kepler-85 d,0.0,0.0,0.003,0.11,0.005548,804.0,676.0,3.079,17.9132,4.51,13.1,,5436.0,4.494,True,exoplanets.org
Kepler-851 b,0.0,0.0,0.003,0.15,0.012449,1029.0,865.0,3.137,8.507,3.0259,13.4,869.0,5455.0,4.53,True,exoplanets.org
Kepler-852 b,0.0,0.0,0.005,0.23,0.020198,735.0,618.0,2.987,44.931,6.498,12.6,854.0,6100.0,4.38,True,exoplanets.org
Kepler-853 b,0.001,0.001,0.005,0.15,0.012523,1607.0,1351.0,3.134,7.1689,4.5907,11.2,610.0,6350.0,4.17,True,exoplanets.org
Kepler-85 b,,,,0.18,0.014555,1256.0,1056.0,3.066,8.306,,13.1,,5497.0,4.22,True,exoplanets.org
Kepler-854 b,0.233,0.118,0.076,1.49,1.0,2154.0,1811.0,3.047,2.1446,3.9028,12.0,741.0,6179.0,4.29,True,exoplanets.org
Kepler-855 b,0.002,0.009,0.014,0.74,0.372141,1212.0,1019.0,3.221,7.8866,5.2191,13.3,1043.0,5835.0,4.42,True,exoplanets.org
Kepler-856 b,0.001,0.007,0.008,0.83,0.564251,1099.0,924.0,3.308,8.0277,3.1401,13.9,1175.0,5535.0,4.49,True,exoplanets.org
KOI 1404.02,0.0,0.0,0.005,0.08,0.001915,437.0,368.0,2.897,18.9061,4.125,13.5,,3751.0,4.813,True,exoplanets.org
Kepler-857 b,0.0,0.0,0.011,0.61,0.130623,535.0,450.0,2.944,85.3513,6.7568,13.4,1039.0,5773.0,4.45,True,exoplanets.org
Kepler-858 b,0.0,0.001,0.028,0.43,0.078369,525.0,441.0,3.013,76.136,7.9602,10.9,296.0,5653.0,4.5,True,exoplanets.org
Kepler-859 b,0.0,0.0,0.006,0.28,0.028539,684.0,575.0,2.968,20.3818,3.7429,13.9,915.0,5020.0,4.59,True,exoplanets.org
Kepler-277 b,,,,0.28,0.030736,1202.0,1010.0,,17.324,8.045,12.0,1004.92,5946.0,4.03,True,exoplanets.org
Kepler-860 b,0.001,0.001,0.006,0.29,0.031384,1420.0,1194.0,2.969,5.1014,2.5932,13.8,1295.0,5836.0,4.4,True,exoplanets.org
Kepler-861 b,0.0,0.001,0.005,0.2,0.017236,1193.0,1004.0,3.016,3.9496,1.5788,13.5,806.0,5047.0,4.58,True,exoplanets.org
Kepler-862 b,0.0,0.001,0.006,0.2,0.016586,1395.0,1173.0,3.025,3.1487,2.1794,13.3,806.0,5333.0,4.54,True,exoplanets.org
Kepler-87 b,,,,1.21,1.02004,627.0,527.0,3.237,114.7364,,13.0,,5600.0,3.96,True,exoplanets.org
Kepler-863 b,0.0,0.0,0.006,0.26,0.025245,913.0,768.0,2.97,15.5946,5.0872,13.7,1145.0,5678.0,4.46,True,exoplanets.org
Kepler-864 b,0.0,0.001,0.004,0.21,0.018517,1309.0,1101.0,3.001,5.8338,3.8589,14.2,1573.0,5754.0,4.44,True,exoplanets.org
Kepler-865 b,0.0,0.001,0.008,0.22,0.019529,915.0,770.0,2.992,14.164,4.3241,12.7,664.0,5570.0,4.49,True,exoplanets.org
Kepler-277 c,,,,0.28,0.030532,969.0,815.0,,33.006,7.118,12.0,1004.92,5946.0,4.03,True,exoplanets.org
Kepler-866 b,0.0,0.001,0.004,0.14,0.012082,1248.0,1049.0,3.154,2.617,2.0451,13.5,690.0,4751.0,4.62,True,exoplanets.org
Kepler-867 b,0.0,0.0,0.009,0.41,0.071111,413.0,347.0,3.012,150.2421,10.979,13.1,824.0,5541.0,4.49,True,exoplanets.org
Kepler-868 b,0.0,0.0,0.004,0.18,0.015194,1281.0,1077.0,3.051,5.0325,3.3066,14.1,1269.0,5614.0,4.51,True,exoplanets.org
KOI 1208.01,0.0,0.0,0.008,0.57,0.118596,310.0,261.0,2.951,700.003,7.6525,12.4,,6487.0,4.397,True,exoplanets.org
Kepler-869 b,0.0,0.0,0.008,0.32,0.040041,662.0,557.0,2.981,40.4288,7.553,13.4,957.0,5664.0,4.47,True,exoplanets.org
Kepler-870 b,0.0,0.0,0.005,0.25,0.023351,871.0,733.0,2.974,21.3588,5.905,13.7,1231.0,5857.0,4.43,True,exoplanets.org
Kepler-871 b,0.0,0.0,0.004,0.33,0.043752,918.0,772.0,2.988,22.0459,5.0592,14.2,1695.0,5993.0,4.37,True,exoplanets.org
KOI 1278.01,0.0,0.0,0.004,0.19,0.01657,764.0,643.0,3.044,24.8057,6.148,13.7,,5600.0,4.455,True,exoplanets.org
Kepler-872 b,0.001,0.001,0.004,0.18,0.014734,1817.0,1527.0,3.062,2.5789,2.3296,13.4,1114.0,5902.0,4.4,True,exoplanets.org
Kepler-873 b,0.0,0.001,0.005,0.34,0.044076,1010.0,849.0,2.988,20.5534,5.0988,13.4,1397.0,6163.0,4.29,True,exoplanets.org
Kepler-874 b,0.0,0.0,0.007,0.35,0.049939,755.0,635.0,3.0,40.0687,6.0815,13.1,1072.0,6020.0,4.37,True,exoplanets.org
KOI 1236.01,0.0,0.001,0.008,0.49,0.104256,1006.0,846.0,3.035,35.7354,8.491,12.5,,6366.0,4.045,True,exoplanets.org
Kepler-875 b,0.0,0.0,0.005,0.26,0.025245,843.0,709.0,2.97,27.5074,5.239,13.6,1244.0,5958.0,4.38,True,exoplanets.org
Kepler-876 b,0.0,0.0,0.003,0.13,0.010175,1091.0,917.0,3.187,5.1444,2.7192,13.4,735.0,5060.0,4.58,True,exoplanets.org
Kepler-877 b,0.0,0.0,0.006,0.19,0.015771,754.0,634.0,3.039,18.4585,3.3077,12.7,572.0,5261.0,4.56,True,exoplanets.org
Kepler-89 e,,,,0.6,0.040902,791.0,665.0,2.453,54.3203,,10.9,,6182.0,4.181,True,exoplanets.org
Kepler-878 b,0.0,0.0,0.005,0.17,0.014205,634.0,533.0,3.076,25.9422,4.0442,12.8,567.0,5044.0,4.58,True,exoplanets.org
Kepler-879 b,0.0,0.0,0.006,0.23,0.020474,741.0,623.0,2.986,33.3856,5.0514,12.7,772.0,5792.0,4.42,True,exoplanets.org
Kepler-880 b,0.001,0.001,0.01,0.24,0.021628,1735.0,1459.0,2.98,7.7147,4.2955,11.0,673.0,6761.0,4.12,True,exoplanets.org
KOI 1236.03,0.0,0.0,0.01,0.29,0.031995,746.0,627.0,2.988,54.4205,8.559,12.5,,6781.0,4.422,True,exoplanets.org
Kepler-881 b,0.0,0.0,0.003,0.16,0.013136,1535.0,1291.0,3.11,4.4445,3.3504,13.7,1364.0,5961.0,4.39,True,exoplanets.org
Kepler-882 b,0.0,0.0,0.004,0.11,0.006093,1342.0,1128.0,3.096,3.9895,1.5403,12.3,525.0,5476.0,4.52,True,exoplanets.org
Kepler-883 b,0.0,0.0,0.005,0.16,0.013136,1102.0,926.0,3.11,12.985,3.4569,11.8,549.0,6116.0,4.4,True,exoplanets.org
Kepler-89 c,,,,0.39,0.029576,1372.0,1153.0,2.675,10.4236,,10.9,,6182.0,4.181,True,exoplanets.org
Kepler-884 b,0.0,0.0,0.005,0.11,0.006093,1270.0,1068.0,3.096,5.6992,2.3878,11.5,420.0,5715.0,4.49,True,exoplanets.org
Kepler-885 b,0.0,0.001,0.008,0.22,0.01966,1086.0,913.0,2.991,18.1147,5.2269,11.5,632.0,6187.0,4.26,True,exoplanets.org
Kepler-886 b,0.0,0.0,0.003,0.14,0.012426,1438.0,1209.0,3.221,6.2415,3.0771,12.6,857.0,6098.0,4.35,True,exoplanets.org
KOI 1239.01,0.004,0.001,0.004,0.18,0.014956,2796.0,2351.0,3.075,0.7833,1.6735,13.5,,5640.0,4.247,True,exoplanets.org
Kepler-887 b,0.0,0.0,0.004,0.16,0.013536,1024.0,861.0,3.096,20.4223,6.192,12.2,831.0,6194.0,4.29,True,exoplanets.org
Kepler-887 c,0.0,0.0,0.003,0.1,0.00453,1421.0,1195.0,3.042,7.6385,3.971,12.2,831.0,6194.0,4.29,True,exoplanets.org
Kepler-888 b,0.0,0.0,0.006,0.16,0.01298,555.0,466.0,3.116,70.6979,6.624,11.6,413.0,5875.0,4.52,True,exoplanets.org
KOI 1239.02,0.001,0.001,0.003,0.19,0.015916,1752.0,1474.0,3.055,3.1741,2.3156,13.5,,5640.0,4.247,True,exoplanets.org
Kepler-889 b,0.0,0.0,0.005,0.1,0.003929,1719.0,1446.0,3.015,3.7444,2.9492,11.3,513.0,5961.0,4.3,True,exoplanets.org
Kepler-890 b,0.0,0.001,0.01,0.79,0.294675,681.0,573.0,3.065,52.7588,6.6068,13.7,1387.0,5954.0,4.37,True,exoplanets.org
Kepler-891 b,0.0,0.0,0.008,0.57,0.11109,656.0,551.0,2.925,53.4495,5.3228,13.8,1372.0,5887.0,4.41,True,exoplanets.org
KOI 1246.01,0.0,0.001,0.002,0.51,0.115134,1366.0,1149.0,3.037,19.0372,3.3882,13.4,,5248.0,3.523,True,exoplanets.org
Kepler-892 b,0.0,0.0,0.007,0.25,0.02385,722.0,607.0,2.972,13.7521,2.7024,13.3,640.0,4747.0,4.61,True,exoplanets.org
Kepler-893 b,0.0,0.001,0.007,0.27,0.027323,1281.0,1077.0,2.968,6.3386,3.2833,13.7,1216.0,5820.0,4.45,True,exoplanets.org
Kepler-894 b,0.0,0.001,0.007,0.25,0.023351,1011.0,851.0,2.974,9.8032,4.4934,13.8,1090.0,5603.0,4.53,True,exoplanets.org
Kepler-895 b,0.0,0.0,0.004,0.14,0.011515,1051.0,884.0,3.182,2.8062,1.717,13.4,516.0,4315.0,4.67,True,exoplanets.org
Kepler-896 b,0.0,0.0,0.005,0.23,0.020062,380.0,320.0,2.988,144.5474,14.9621,13.7,896.0,5262.0,4.56,True,exoplanets.org
Kepler-897 b,0.0,0.001,0.006,0.21,0.018395,1211.0,1018.0,3.002,8.0473,4.512,13.5,1147.0,5839.0,4.41,True,exoplanets.org
Kepler-89 b,,,,0.16,0.028735,1930.0,1623.0,3.467,3.7432,,10.9,,6182.0,4.181,True,exoplanets.org
Kepler-898 b,0.0,0.0,0.003,0.13,0.011549,811.0,682.0,3.209,5.8706,2.4983,13.2,479.0,4223.0,4.66,True,exoplanets.org
Kepler-899 b,0.0,0.0,0.006,0.24,0.021929,826.0,695.0,2.978,19.1789,5.208,13.6,1038.0,5595.0,4.49,True,exoplanets.org
Kepler-8 b,0.082,0.053,0.06,1.42,0.585742,1973.0,1659.0,2.86,3.5225,3.2094,12.3,1330.0,6213.0,4.174,True,exoplanets.org
KOI 1192.01,0.0,0.0,1.041,5.16,1.0,220.0,185.0,1.969,1295.3622,28.297,12.5,,5609.0,4.346,True,exoplanets.org
Kepler-900 b,0.0,0.001,0.007,0.19,0.015479,922.0,775.0,3.045,6.9913,2.2124,12.7,505.0,4836.0,4.6,True,exoplanets.org
Kepler-901 b,0.0,0.001,0.007,0.12,0.008666,929.0,781.0,3.159,3.5175,1.4847,11.9,241.0,4184.0,4.7,True,exoplanets.org
Kepler-902 b,0.0,0.0,0.005,0.23,0.020198,657.0,552.0,2.987,40.11,5.1836,13.3,904.0,5647.0,4.49,True,exoplanets.org
KOI 1193.01,0.0,0.0,0.006,0.93,0.622732,476.0,401.0,3.254,119.0625,3.1188,13.5,,5697.0,4.392,True,exoplanets.org
Kepler-903 b,0.0,0.001,0.006,0.18,0.014824,1055.0,887.0,3.059,10.3508,6.565,13.0,829.0,5682.0,4.46,True,exoplanets.org
Kepler-903 c,0.0,0.0,0.007,0.23,0.020062,578.0,486.0,2.988,62.9229,11.298,13.0,829.0,5682.0,4.46,True,exoplanets.org
Kepler-904 b,0.001,0.001,0.003,0.16,0.013058,1903.0,1600.0,3.113,3.0217,2.7581,13.0,1151.0,6160.0,4.31,True,exoplanets.org
KOI 1194.03,0.0,0.0,0.004,0.11,0.0065,902.0,759.0,3.126,4.1763,2.335,13.4,,4362.0,4.722,True,exoplanets.org
Kepler-905 b,0.0,0.0,0.004,0.13,0.009655,1216.0,1023.0,3.178,5.0827,1.7354,12.3,521.0,5461.0,4.55,True,exoplanets.org
Kepler-906 b,0.0,0.0,0.005,0.19,0.015673,713.0,599.0,3.041,41.698,5.6754,12.6,758.0,6035.0,4.45,True,exoplanets.org
Kepler-907 b,0.0,0.0,0.005,0.11,0.005538,1154.0,970.0,3.079,15.8662,4.1503,10.3,352.0,6106.0,4.19,True,exoplanets.org
Kepler-908 b,0.003,0.001,0.011,0.11,0.005904,2307.0,1940.0,3.091,1.3406,1.6085,10.0,250.0,5973.0,4.38,True,exoplanets.org
Kepler-909 b,0.0,0.0,0.005,0.13,0.010987,1131.0,951.0,3.201,13.9329,2.5119,10.3,318.0,6154.0,4.33,True,exoplanets.org
Kepler-910 b,0.001,0.0,0.009,0.07,0.00143,2256.0,1897.0,2.823,2.3644,3.2852,10.3,402.0,6230.0,4.19,True,exoplanets.org
KOI 1201.01,0.0,0.0,0.006,0.09,0.003261,799.0,672.0,2.998,2.7576,0.9267,12.6,,3683.0,4.84,True,exoplanets.org
Kepler-911 b,0.0,0.001,0.008,0.23,0.020897,1232.0,1036.0,2.983,20.3105,5.3585,10.5,567.0,6112.0,3.97,True,exoplanets.org
Kepler-912 b,0.002,0.002,0.009,0.25,0.023683,1876.0,1578.0,2.973,2.5348,4.4149,13.6,1265.0,5998.0,4.37,True,exoplanets.org
Kepler-913 b,0.0,0.0,0.006,0.18,0.015288,744.0,626.0,3.049,10.2967,2.7238,13.5,597.0,4687.0,4.67,True,exoplanets.org
KOI 1203.01,0.0,0.0,0.006,0.33,0.044793,732.0,616.0,3.008,31.8841,6.122,13.8,,5779.0,4.477,True,exoplanets.org
Kepler-914 b,0.0,0.0,0.003,0.12,0.008907,1549.0,1302.0,3.164,4.4097,2.1066,12.1,678.0,5877.0,4.36,True,exoplanets.org
Kepler-915 b,0.0,0.0,0.003,0.13,0.011837,1730.0,1455.0,3.213,4.5949,2.8531,12.0,806.0,6173.0,4.24,True,exoplanets.org
Kepler-916 b,0.0,0.0,0.003,0.16,0.01298,624.0,525.0,3.116,32.2969,4.6169,13.3,769.0,5248.0,4.56,True,exoplanets.org
KOI 116.04,0.0,0.0,0.004,0.12,0.008055,844.0,709.0,3.165,23.9801,5.351,11.4,,5854.0,4.406,True,exoplanets.org
Kepler-917 b,0.0,0.001,0.004,0.17,0.014034,1396.0,1174.0,3.08,2.9704,2.2161,14.0,1027.0,5418.0,4.58,True,exoplanets.org
Kepler-918 b,0.0,0.0,0.002,0.15,0.012826,1530.0,1286.0,3.122,4.8539,2.7989,13.6,1245.0,6028.0,4.37,True,exoplanets.org
Kepler-919 b,0.0,0.0,0.004,0.2,0.017015,1208.0,1016.0,3.019,11.046,4.799,13.3,1219.0,6113.0,4.33,True,exoplanets.org
KOI 1154.01,0.26,0.153,0.189,2.32,1.0,2115.0,1779.0,2.661,6.8108,7.9857,11.5,,7226.0,3.967,True,exoplanets.org
Kepler-920 b,0.0,0.001,0.006,0.22,0.018763,1112.0,935.0,2.999,6.5319,3.1164,13.5,926.0,5403.0,4.54,True,exoplanets.org
Kepler-920 c,0.0,0.0,0.007,0.34,0.045394,447.0,376.0,2.991,100.8274,8.281,13.5,926.0,5403.0,4.54,True,exoplanets.org
Kepler-921 b,0.0,0.0,0.007,0.26,0.024711,603.0,507.0,2.971,51.3006,6.9871,13.2,847.0,5663.0,4.5,True,exoplanets.org
KOI 1165.01,0.0,0.001,0.007,0.21,0.018648,1091.0,918.0,3.018,7.0539,1.7244,12.3,,5357.0,4.498,True,exoplanets.org
Kepler-922 b,0.003,0.001,0.005,0.13,0.009913,2307.0,1940.0,3.183,0.9385,1.271,12.2,558.0,5671.0,4.48,True,exoplanets.org
Kepler-923 b,0.0,0.0,0.003,0.12,0.008907,1418.0,1193.0,3.164,6.9337,4.3219,12.7,966.0,5988.0,4.28,True,exoplanets.org
Kepler-924 b,0.0,0.0,0.006,0.27,0.028127,696.0,585.0,2.968,61.037,8.851,12.7,995.0,6167.0,4.32,True,exoplanets.org
Kepler-93 b,,,,0.13,0.008149,1349.0,1134.0,3.051,4.7267,,8.4,,5669.0,4.468,True,exoplanets.org
Kepler-925 b,0.0,0.0,0.005,0.21,0.017919,524.0,441.0,3.007,33.8679,3.6821,13.3,623.0,4673.0,4.62,True,exoplanets.org
Kepler-926 b,0.0,0.0,0.004,0.21,0.017573,639.0,537.0,3.011,52.0689,3.0436,12.7,771.0,5806.0,4.43,True,exoplanets.org
Kepler-927 b,0.0,0.0,0.004,0.15,0.012674,1122.0,943.0,3.128,9.115,4.4852,13.0,879.0,5743.0,4.45,True,exoplanets.org
KOI 1168.01,0.0,0.0,0.005,0.35,0.050189,315.0,265.0,3.019,856.6721,23.144,12.6,,6449.0,4.232,True,exoplanets.org
Kepler-928 b,0.0,0.001,0.005,0.14,0.011867,1075.0,904.0,3.164,3.9325,2.1982,12.9,532.0,4700.0,4.62,True,exoplanets.org
Kepler-929 b,0.002,0.001,0.005,0.1,0.004222,2490.0,2094.0,3.028,0.921,2.5345,12.8,820.0,5869.0,4.42,True,exoplanets.org
Kepler-930 b,0.0,0.0,0.003,0.19,0.01587,713.0,599.0,3.037,71.4518,6.024,12.3,905.0,6335.0,4.24,True,exoplanets.org
KOI 1169.01,0.005,0.001,0.007,0.12,0.008265,2525.0,2123.0,3.169,0.6892,1.6169,11.7,,5630.0,4.505,True,exoplanets.org
Kepler-931 b,0.0,0.0,0.004,0.12,0.007968,989.0,831.0,3.144,8.0376,2.7866,12.4,490.0,5241.0,4.55,True,exoplanets.org
Kepler-932 b,0.001,0.001,0.005,0.12,0.008666,1647.0,1385.0,3.159,1.9214,1.7519,12.2,478.0,5331.0,4.54,True,exoplanets.org
Kepler-933 b,0.0,0.0,0.006,0.22,0.019141,848.0,713.0,2.995,14.2044,3.979,13.6,922.0,5346.0,4.54,True,exoplanets.org
KOI 1206.01,0.0,0.0,0.011,0.53,0.121418,380.0,320.0,3.037,422.9177,31.274,12.1,,5796.0,4.12,True,exoplanets.org
Kepler-934 b,0.0,0.0,0.004,0.19,0.015479,487.0,410.0,3.045,55.6738,3.805,13.0,603.0,5001.0,4.59,True,exoplanets.org
Kepler-935 b,0.0,0.0,0.004,0.12,0.008197,1038.0,873.0,3.149,4.8808,2.5102,12.6,482.0,4830.0,4.61,True,exoplanets.org
Kepler-936 b,0.0,0.0,0.003,0.13,0.010441,979.0,823.0,3.192,10.5613,2.759,12.8,687.0,5482.0,4.51,True,exoplanets.org
KOI 1174.01,0.0,0.0,0.002,0.27,0.02782,33.0,28.0,2.986,129995.7784,9.408,10.8,,4500.0,4.572,True,exoplanets.org
Kepler-937 b,0.0,0.0,0.005,0.33,0.043111,661.0,556.0,2.987,67.6688,9.623,13.7,1482.0,6095.0,4.32,True,exoplanets.org
Kepler-937 c,0.0,0.0,0.003,0.24,0.021778,503.0,423.0,2.979,153.3434,10.715,13.7,1482.0,6095.0,4.32,True,exoplanets.org
Kepler-938 b,0.0,0.0,0.004,0.2,0.016692,578.0,486.0,3.023,52.6298,5.964,13.3,861.0,5533.0,4.51,True,exoplanets.org
KOI 1112.01,0.0,0.0,0.006,0.21,0.018315,736.0,619.0,3.021,37.8103,8.733,13.1,,6085.0,4.451,True,exoplanets.org
Kepler-939 b,0.0,0.0,0.004,0.16,0.012903,858.0,721.0,3.119,14.8783,7.5041,13.8,1029.0,5471.0,4.54,True,exoplanets.org
Kepler-940 b,0.0,0.0,0.005,0.3,0.033533,595.0,501.0,2.971,59.6225,6.425,14.0,1317.0,5769.0,4.47,True,exoplanets.org
Kepler-941 b,0.0,0.0,0.007,0.28,0.028332,827.0,696.0,2.968,17.424,4.873,13.9,1105.0,5539.0,4.53,True,exoplanets.org
KOI 1118.01,0.0,0.001,0.007,0.24,0.022599,1305.0,1097.0,2.994,7.3729,2.172,12.4,,5973.0,4.371,True,exoplanets.org
Kepler-942 b,0.0,0.0,0.013,0.19,0.01587,502.0,422.0,3.037,44.9642,5.0412,10.8,218.0,4861.0,4.59,True,exoplanets.org
Kepler-943 b,0.0,0.001,0.01,0.53,0.117824,603.0,507.0,3.019,49.7701,10.085,14.0,1239.0,5612.0,4.5,True,exoplanets.org
Kepler-944 b,0.0,0.0,0.004,0.23,0.021332,589.0,495.0,2.981,43.3168,5.065,13.9,1035.0,5409.0,4.54,True,exoplanets.org
Kepler-94 b,,,,0.31,0.034106,1302.0,1095.0,2.936,2.5081,,10.6,,4781.0,4.59,True,exoplanets.org
Kepler-945 b,0.0,0.0,0.003,0.23,0.021332,738.0,620.0,2.981,31.0034,5.2039,14.3,1543.0,5718.0,4.46,True,exoplanets.org
Kepler-946 b,0.0,0.0,0.003,0.17,0.014205,993.0,835.0,3.076,11.7916,3.007,13.3,918.0,5665.0,4.47,True,exoplanets.org
Kepler-947 b,0.0,0.0,0.003,0.2,0.017236,714.0,600.0,3.016,26.9644,3.949,14.0,1188.0,5508.0,4.52,True,exoplanets.org
Kepler-948 b,0.0,0.0,0.005,0.17,0.013617,1146.0,964.0,3.093,7.7685,4.385,13.2,884.0,5679.0,4.47,True,exoplanets.org
Kepler-949 b,0.0,0.001,0.011,0.26,0.025426,1017.0,856.0,2.97,8.6893,2.5913,12.5,572.0,5403.0,4.53,True,exoplanets.org
Kepler-950 b,0.0,0.0,0.007,0.8,0.305222,522.0,439.0,3.072,98.718,6.4184,14.1,1489.0,5857.0,4.44,True,exoplanets.org
Kepler-951 b,0.0,0.0,0.018,0.5,0.104473,426.0,358.0,3.017,71.5253,5.9273,12.3,408.0,4834.0,4.6,True,exoplanets.org
Kepler-952 b,0.0,0.0,0.008,0.68,0.182193,460.0,387.0,2.987,130.3547,6.3821,13.7,1167.0,5730.0,4.45,True,exoplanets.org
Kepler-953 b,0.0,0.001,0.032,0.38,0.058318,500.0,420.0,3.01,88.4066,12.3073,10.3,240.0,5416.0,4.42,True,exoplanets.org
Kepler-95 b,,,,0.31,0.040902,1212.0,1020.0,3.037,11.5231,,10.8,,5699.0,4.171,True,exoplanets.org
Kepler-953 c,0.0,0.001,0.011,0.11,0.005361,1066.0,896.0,3.073,9.1097,5.3021,10.3,240.0,5416.0,4.42,True,exoplanets.org
Kepler-954 b,0.0,0.001,0.018,0.21,0.017687,719.0,605.0,3.01,16.7818,3.7533,10.8,224.0,4990.0,4.59,True,exoplanets.org
Kepler-955 b,0.0,0.001,0.01,0.28,0.029169,839.0,705.0,2.968,14.5324,3.1732,12.8,637.0,5350.0,4.54,True,exoplanets.org
KOI 115.01,0.001,0.003,0.015,0.26,0.026917,1421.0,1195.0,2.987,5.4122,2.9472,11.5,,5779.0,4.339,True,exoplanets.org
Kepler-956 b,0.001,0.002,0.01,0.27,0.026931,1502.0,1263.0,2.968,5.2487,1.8418,12.0,631.0,6040.0,4.36,True,exoplanets.org
Kepler-957 b,0.0,0.002,0.01,0.49,0.101052,1008.0,848.0,3.017,5.9074,1.0864,13.5,749.0,4963.0,4.6,True,exoplanets.org
Kepler-958 b,0.0,0.001,0.007,0.18,0.015288,978.0,823.0,3.049,9.7679,1.9474,12.0,467.0,5421.0,4.53,True,exoplanets.org
KOI 115.03,0.0,0.0,0.008,0.05,0.000386,1653.0,1390.0,2.6,3.4359,3.133,11.5,,5779.0,4.339,True,exoplanets.org
Kepler-959 b,0.001,0.002,0.009,0.39,0.063212,1531.0,1288.0,3.011,14.8007,5.6698,11.5,1003.0,7005.0,4.04,True,exoplanets.org
Kepler-960 b,0.0,0.002,0.013,0.2,0.017347,1180.0,992.0,3.014,3.1269,1.1975,11.6,298.0,4755.0,4.61,True,exoplanets.org
Kepler-961 b,0.0,0.001,0.008,0.23,0.020198,851.0,716.0,2.987,16.8773,3.7835,12.5,607.0,5582.0,4.51,True,exoplanets.org
KOI 1175.02,0.0,0.0,0.004,0.14,0.011814,1097.0,922.0,3.185,17.1572,11.284,11.6,,5676.0,4.1,True,exoplanets.org
Kepler-962 b,0.0,0.0,0.006,0.18,0.014555,918.0,772.0,3.066,12.0571,2.2598,11.9,439.0,5478.0,4.54,True,exoplanets.org
Kepler-963 b,0.0,0.001,0.008,0.24,0.021628,984.0,828.0,2.98,9.9768,3.419,13.2,786.0,5461.0,4.52,True,exoplanets.org
Kepler-964 b,0.0,0.001,0.009,0.19,0.015771,865.0,728.0,3.039,13.5225,3.8931,12.1,478.0,5427.0,4.55,True,exoplanets.org
KOI 1085.01,0.0,0.0,0.006,0.08,0.00216,653.0,549.0,2.919,7.7179,1.84,12.2,,3975.0,4.753,True,exoplanets.org
Kepler-965 b,0.0,0.0,0.008,0.3,0.034537,501.0,421.0,2.972,134.2527,9.1051,11.9,618.0,5886.0,4.33,True,exoplanets.org
Kepler-966 b,0.0,0.0,0.007,0.37,0.055791,519.0,436.0,3.009,99.7476,6.744,12.7,773.0,5840.0,4.43,True,exoplanets.org
Kepler-967 b,0.0,0.001,0.009,0.21,0.018036,825.0,694.0,3.006,13.2271,3.2928,12.4,499.0,5178.0,4.56,True,exoplanets.org
Kepler-418 b,0.0,0.002,0.014,1.2,1.0,564.0,474.0,3.238,86.6786,10.224,13.1,1031.89,5820.0,4.35,True,exoplanets.org
Kepler-967 c,0.0,0.0,0.009,0.33,0.041243,335.0,281.0,2.983,198.7113,8.5374,12.4,499.0,5178.0,4.56,True,exoplanets.org
Kepler-968 b,0.0,0.001,0.01,0.18,0.014734,1067.0,897.0,3.062,3.693,1.7291,11.8,312.0,4598.0,4.63,True,exoplanets.org
Kepler-968 c,0.0,0.001,0.006,0.15,0.012523,923.0,776.0,3.134,5.7094,1.5769,11.8,312.0,4598.0,4.63,True,exoplanets.org
KOI 1095.01,0.0,0.0,0.007,0.59,0.125787,584.0,491.0,2.958,51.5981,2.0153,13.9,,5681.0,4.551,True,exoplanets.org
Kepler-969 b,0.0,0.0,0.007,0.18,0.015383,604.0,508.0,3.047,34.1732,4.4751,11.9,411.0,5214.0,4.57,True,exoplanets.org
Kepler-969 c,0.001,0.001,0.008,0.09,0.002776,1648.0,1386.0,2.949,1.6829,1.8737,11.9,411.0,5214.0,4.57,True,exoplanets.org
Kepler-96 b,0.0,0.003,0.035,0.24,0.026166,929.0,781.0,3.058,16.2384,4.0717,8.9,,5690.0,4.421,True,exoplanets.org
KOI 1096.01,0.0,0.0,0.007,0.87,0.466965,180.0,152.0,3.18,1500.0,7.109,13.0,,5606.0,4.597,True,exoplanets.org
Kepler-970 b,0.0,0.0,0.01,0.25,0.023188,627.0,527.0,2.974,16.7365,1.9947,12.2,350.0,4511.0,4.64,True,exoplanets.org
Kepler-971 b,0.0,0.001,0.013,0.19,0.01587,986.0,829.0,3.037,9.5907,3.4847,11.4,345.0,5431.0,4.54,True,exoplanets.org
Kepler-972 b,0.001,0.002,0.008,0.41,0.071465,1417.0,1191.0,3.012,7.0393,3.4481,13.4,1304.0,6146.0,4.33,True,exoplanets.org
KOI 1103.01,0.0,0.001,0.01,0.64,0.157575,631.0,530.0,2.986,90.1241,11.649,13.6,,6520.0,4.375,True,exoplanets.org
Kepler-973 b,0.0,0.0,0.007,0.17,0.014466,526.0,442.0,3.068,49.6077,2.8424,11.3,297.0,5213.0,4.58,True,exoplanets.org
Kepler-974 b,0.0,0.001,0.013,0.14,0.011725,738.0,621.0,3.171,4.1945,1.8482,11.1,121.0,3687.0,4.76,True,exoplanets.org
Kepler-975 b,0.001,0.001,0.006,0.13,0.011266,1438.0,1209.0,3.205,1.9703,1.7381,12.2,404.0,4897.0,4.59,True,exoplanets.org
KOI 1106.03,0.0,0.0,0.001,0.13,0.011494,1113.0,936.0,3.202,13.2298,3.566,13.4,,6049.0,4.353,True,exoplanets.org
Kepler-976 b,0.0,0.0,0.005,0.35,0.050305,422.0,355.0,3.0,105.9564,6.9859,13.9,1020.0,5232.0,4.55,True,exoplanets.org
Kepler-977 b,0.0,0.0,0.007,0.23,0.021186,678.0,570.0,2.982,26.8533,4.5063,12.9,664.0,5315.0,4.55,True,exoplanets.org
Kepler-978 b,0.0,0.0,0.01,0.27,0.026737,690.0,581.0,2.968,49.6222,7.093,12.0,624.0,6002.0,4.38,True,exoplanets.org
Kepler-979 b,0.0,0.001,0.008,0.24,0.022548,1010.0,849.0,2.976,8.088,1.7768,12.7,606.0,5310.0,4.54,True,exoplanets.org
Kepler-97 b,,,,0.13,0.010694,1726.0,1451.0,3.182,2.5866,,11.3,,5779.0,4.43,True,exoplanets.org
Kepler-980 b,0.0,0.001,0.008,0.24,0.021778,1098.0,923.0,2.979,11.551,3.714,12.7,804.0,5935.0,4.41,True,exoplanets.org
KOI 1051.01,0.0,0.0,0.003,0.18,0.01521,1281.0,1077.0,3.069,6.7969,3.1702,13.9,,6061.0,4.486,True,exoplanets.org
Kepler-981 b,0.0,0.001,0.005,0.21,0.017573,1397.0,1175.0,3.011,4.4698,1.8062,13.2,913.0,5718.0,4.47,True,exoplanets.org
Kepler-982 b,0.0,0.001,0.007,0.2,0.017015,1111.0,934.0,3.019,15.7738,4.9443,11.9,702.0,6139.0,4.28,True,exoplanets.org
Kepler-983 b,0.0,0.0,0.006,0.21,0.018155,644.0,542.0,3.005,60.0855,6.929,12.2,655.0,6052.0,4.42,True,exoplanets.org
Kepler-984 b,0.0,0.0,0.007,0.19,0.015771,636.0,535.0,3.039,43.0342,6.0726,11.8,461.0,5610.0,4.49,True,exoplanets.org
Kepler-985 b,0.0,0.0,0.006,0.27,0.026545,427.0,359.0,2.968,116.3319,6.865,13.0,741.0,5434.0,4.54,True,exoplanets.org
Kepler-986 b,0.0,0.0,0.006,0.21,0.018155,600.0,505.0,3.005,56.435,4.7029,12.1,563.0,5642.0,4.43,True,exoplanets.org
KOI 1070.03,0.0,0.0,0.002,0.17,0.014464,533.0,449.0,3.087,92.7778,6.64,13.8,,5888.0,4.444,True,exoplanets.org
Kepler-987 b,0.0,0.0,0.005,0.29,0.031849,469.0,394.0,2.97,105.3033,6.12,13.4,936.0,5637.0,4.51,True,exoplanets.org
Kepler-988 b,0.0,0.0,0.007,0.18,0.015383,506.0,425.0,3.047,17.7608,1.686,12.3,248.0,4005.0,4.73,True,exoplanets.org
Kepler-989 b,0.0,0.001,0.006,0.2,0.016586,950.0,799.0,3.025,7.9643,1.4981,12.4,484.0,5074.0,4.58,True,exoplanets.org
Kepler-98 b,,,,0.18,0.01117,2074.0,1744.0,2.944,1.5417,,11.3,,5539.0,4.341,True,exoplanets.org
Kepler-990 b,0.0,0.001,0.006,0.23,0.020897,1168.0,983.0,2.983,9.9172,3.2597,12.9,933.0,5948.0,4.39,True,exoplanets.org
Kepler-990 c,0.005,0.001,0.004,0.14,0.012426,3086.0,2595.0,3.221,0.5384,1.4801,12.9,933.0,5948.0,4.39,True,exoplanets.org
KOI 1151.05,0.0,0.0,0.006,0.07,0.001423,772.0,649.0,2.84,21.7203,4.252,11.7,,5528.0,4.499,True,exoplanets.org
Kepler-991 b,0.0,0.0,0.008,0.23,0.020198,348.0,292.0,2.987,82.5343,4.8336,12.6,370.0,4392.0,4.67,True,exoplanets.org
Kepler-992 b,0.0,0.0,0.007,0.14,0.012082,664.0,558.0,3.154,20.1603,3.8215,11.3,268.0,4944.0,4.6,True,exoplanets.org
Kepler-993 b,0.0,0.0,0.01,0.27,0.026355,453.0,381.0,2.969,22.0856,2.1619,12.7,298.0,3843.0,4.72,True,exoplanets.org
KOI 1082.02,0.0,0.0,0.002,0.13,0.010551,1219.0,1025.0,3.212,4.0967,2.19,13.8,,4999.0,4.49,True,exoplanets.org
Kepler-994 b,0.001,0.002,0.013,0.14,0.011938,1244.0,1046.0,3.16,1.1512,1.1881,11.5,170.0,3934.0,4.72,True,exoplanets.org
Kepler-995 b,0.0,0.0,0.008,0.24,0.022236,646.0,543.0,2.977,28.2673,4.5693,13.0,659.0,5206.0,4.57,True,exoplanets.org
Kepler-996 b,0.001,0.001,0.004,0.18,0.014644,1665.0,1400.0,3.064,3.7706,2.0254,13.2,1098.0,6014.0,4.36,True,exoplanets.org
KOI 1015.03,0.0,0.0,0.002,0.28,0.030736,1242.0,1045.0,2.987,16.9973,2.585,13.1,,5897.0,3.98,True,exoplanets.org
Kepler-997 b,0.002,0.001,0.006,0.12,0.008429,2183.0,1836.0,3.154,2.7073,3.4623,10.6,470.0,6150.0,4.14,True,exoplanets.org
Kepler-998 b,0.0,0.001,0.004,0.21,0.017687,1484.0,1248.0,3.01,5.6538,1.9612,12.9,996.0,6058.0,4.34,True,exoplanets.org
Kepler-99 b,,,,0.13,0.01935,1047.0,881.0,3.44,4.6036,,10.8,,4782.0,4.605,True,exoplanets.org
KOI 1029.01,0.0,0.001,0.005,0.43,0.081027,909.0,764.0,3.032,32.3123,6.569,13.2,,5821.0,4.108,True,exoplanets.org
Kepler-9 b,,,,0.84,0.248945,,,2.94,19.2432,3.8225,12.3,,,,True,exoplanets.org
Kepler-9 c,,,,0.82,0.168671,,,2.79,38.9086,4.109,12.3,,,,True,exoplanets.org
Kepler-9 d,,,,0.15,0.012177,,,3.149,1.5929,1.97,12.3,,,,True,exoplanets.org
KOI 103.01,0.0,0.001,0.016,0.23,0.021894,902.0,759.0,2.997,14.911,3.325,11.0,,5650.0,4.5,True,exoplanets.org
KIC 11442793 b,0.0,0.0,0.003,0.12,0.007523,1382.0,1162.0,3.134,7.0082,3.924,12.5,780.0,6080.0,4.4,True,exoplanets.org
KIC 11442793 c,0.0,0.0,0.003,0.11,0.005361,1285.0,1081.0,3.073,8.7194,4.234,12.5,780.0,6080.0,4.4,True,exoplanets.org
KIC 11442793 d,0.0,0.0,0.006,0.26,0.024711,688.0,579.0,2.971,56.7367,7.7245,12.5,780.0,6080.0,4.4,True,exoplanets.org
KOI 100.01,0.044,0.026,0.02,1.51,1.0,2052.0,1725.0,3.038,9.9664,5.0127,11.4,,6638.0,3.664,True,exoplanets.org
KIC 11442793 e,0.0,0.0,0.005,0.24,0.021628,586.0,493.0,2.98,91.9391,9.0832,12.5,780.0,6080.0,4.4,True,exoplanets.org
KIC 11442793 f,0.0,0.0,0.006,0.26,0.025426,529.0,445.0,2.97,124.9144,9.8176,12.5,780.0,6080.0,4.4,True,exoplanets.org
KIC 11442793 g,0.0,0.0,0.013,0.72,0.217563,445.0,374.0,3.014,210.607,11.699,12.5,780.0,6080.0,4.4,True,exoplanets.org
KOI 1082.04,0.0,0.0,0.002,0.13,0.011306,916.0,771.0,3.224,9.655,2.752,13.8,,4999.0,4.49,True,exoplanets.org
KIC 11442793 h,0.0,0.0,0.008,1.01,0.937417,382.0,321.0,3.358,331.6006,14.5141,12.5,780.0,6080.0,4.4,True,exoplanets.org
KOI-13 b,0.935,0.246,0.023,1.41,6.515,3097.0,2604.0,3.912,1.7636,3.2029,9.4,,7650.0,4.2,True,exoplanets.org
KOI-4427 b,0.0,0.0,0.005,0.16,0.013548,234.0,196.0,3.096,147.6606,5.99,12.5,240.0,3813.0,4.751,True,exoplanets.org
KOI 1032.01,0.0,0.0,0.012,1.64,1.0,267.0,225.0,2.966,1500.1407,25.727,11.6,,5009.0,3.755,True,exoplanets.org
KOI 1831.03,0.0,0.0,0.003,0.1,0.004412,613.0,515.0,3.055,34.2058,5.1691,12.3,,5191.0,4.53,True,exoplanets.org
KOI 1831.04,0.0,0.0,0.004,0.18,0.014873,826.0,694.0,3.077,13.9795,1.2325,12.3,,5191.0,4.53,True,exoplanets.org
KOI 1833.02,0.0,0.001,0.015,0.23,0.02135,758.0,638.0,3.0,7.6843,1.4346,11.8,,4402.0,4.682,True,exoplanets.org
KOI 1839.02,0.0,0.0,0.005,0.44,0.084161,695.0,585.0,3.033,80.4104,3.487,11.4,,5476.0,3.904,True,exoplanets.org
KOI 1840.02,0.009,0.036,0.051,1.87,1.0,1251.0,1052.0,2.853,9.3888,4.154,13.4,,5846.0,4.278,True,exoplanets.org
KOI 1842.01,0.0,0.001,0.007,0.27,0.029531,909.0,764.0,2.987,16.8418,2.6194,12.6,,5602.0,4.404,True,exoplanets.org
KOI 1843.02,0.0,0.0,0.01,0.08,0.001838,654.0,550.0,2.889,6.3559,1.55,11.1,,3706.0,4.747,True,exoplanets.org
KOI 1845.02,0.007,0.009,0.004,0.95,1.0,1518.0,1277.0,3.435,5.0582,1.132,12.2,,4883.0,3.972,True,exoplanets.org
KOI 1856.01,0.0,0.0,0.005,0.39,0.064419,770.0,647.0,3.029,46.2991,5.2481,12.3,,5396.0,4.035,True,exoplanets.org
KOI 1857.01,0.0,0.0,0.007,0.22,0.020438,508.0,427.0,3.004,88.644,7.82,12.2,,5661.0,4.471,True,exoplanets.org
KOI 1858.02,0.0,0.0,0.006,0.18,0.015647,533.0,448.0,3.06,86.0491,29.28,13.0,,5733.0,4.432,True,exoplanets.org
KOI 1860.01,0.0,0.001,0.01,0.24,0.023183,1281.0,1078.0,2.993,6.3194,3.3422,12.5,,5670.0,4.397,True,exoplanets.org
KOI 1860.02,0.0,0.001,0.008,0.23,0.021756,1029.0,865.0,2.998,12.2095,4.1808,12.5,,5670.0,4.397,True,exoplanets.org
KOI 1860.03,0.001,0.001,0.004,0.14,0.012207,1629.0,1370.0,3.166,3.0764,2.6326,12.5,,5670.0,4.397,True,exoplanets.org
KOI 1861.01,0.0,0.001,0.007,0.32,0.040768,1071.0,900.0,3.001,17.5044,4.2585,12.5,,5815.0,4.16,True,exoplanets.org
KOI 1863.01,0.0,0.0,0.008,0.24,0.023183,795.0,668.0,2.993,33.7888,5.496,12.3,,6202.0,4.436,True,exoplanets.org
KOI 1864.01,0.001,0.001,0.008,0.14,0.011749,1502.0,1263.0,3.188,3.2151,4.365,11.8,,5541.0,4.472,True,exoplanets.org
KOI 1871.01,0.0,0.0,0.009,0.25,0.024726,359.0,302.0,2.989,92.7297,6.83,12.5,,4580.0,4.641,True,exoplanets.org
KOI 1871.02,0.0,0.0,0.008,0.2,0.017568,510.0,429.0,3.03,32.3762,4.4639,12.5,,4580.0,4.641,True,exoplanets.org
KOI 1872.01,0.0,0.002,0.006,1.0,1.0,657.0,553.0,3.39,30.5231,2.7286,14.0,,5518.0,4.585,True,exoplanets.org
Kepler-328 c,,,,0.44,0.084513,615.0,518.0,,71.312,8.813,14.2,2354.6,6190.0,4.44,True,exoplanets.org
Kepler-328 b,,,,0.21,0.018989,781.0,657.0,,34.921,7.343,14.2,2354.6,6190.0,4.44,True,exoplanets.org
KOI 1878.01,0.0,0.0,0.007,0.31,0.037601,810.0,681.0,2.995,40.8096,3.158,11.7,,6183.0,4.301,True,exoplanets.org
KOI 1884.02,0.0,0.0,0.003,0.15,0.013031,1205.0,1013.0,3.132,4.775,1.7087,13.5,,5275.0,4.505,True,exoplanets.org
Kepler-999 b,0.001,0.001,0.007,0.22,0.019544,1731.0,1456.0,2.992,5.9919,1.9526,10.9,568.0,6237.0,4.11,True,exoplanets.org
KOI 1889.02,0.0,0.0,0.005,0.19,0.016667,1045.0,879.0,3.042,9.1819,4.343,13.7,,5741.0,4.555,True,exoplanets.org
KOI 1892.01,0.0,0.0,0.006,0.32,0.040222,542.0,456.0,3.0,62.5614,5.907,13.8,,5662.0,4.56,True,exoplanets.org
KOI 1897.01,0.0,0.0,0.006,0.28,0.031359,678.0,570.0,2.988,59.7711,4.843,12.5,,6214.0,4.382,True,exoplanets.org
KOI 1899.02,0.0,0.0,0.003,0.1,0.004136,1268.0,1066.0,3.043,10.5226,3.864,12.5,,6327.0,4.327,True,exoplanets.org
KOI 1901.01,0.0,0.0,0.005,0.32,0.040768,678.0,570.0,3.001,85.6542,6.866,12.0,,5818.0,4.065,True,exoplanets.org
KOI 1906.01,0.0,0.001,0.006,0.32,0.042164,988.0,831.0,3.003,8.7104,0.9425,13.0,,5416.0,4.575,True,exoplanets.org
KOI 191.02,0.001,0.001,0.007,0.2,0.017465,1595.0,1341.0,3.031,2.4184,2.0744,13.3,,5422.0,4.484,True,exoplanets.org
KOI 191.03,0.002,0.001,0.004,0.11,0.005971,2399.0,2017.0,3.111,0.7086,1.5041,13.3,,5422.0,4.484,True,exoplanets.org
KOI 1910.02,0.0,0.0,0.002,0.1,0.005153,763.0,641.0,3.084,18.3848,3.545,12.8,,5083.0,4.468,True,exoplanets.org
KOI 1917.01,0.0,0.0,0.005,0.26,0.027455,785.0,660.0,2.986,35.0119,2.868,12.3,,5872.0,4.332,True,exoplanets.org
KOI 1920.02,0.0,0.0,0.005,0.07,0.001082,940.0,790.0,2.789,10.1385,4.026,12.9,,5483.0,4.589,True,exoplanets.org
Kepler-409 b,,,,0.11,0.005766,522.0,439.0,3.086,68.9584,3.128,7.8,68.31,5460.0,4.499,True,exoplanets.org
KOI 1928.01,0.0,0.0,0.007,0.23,0.021484,605.0,509.0,2.999,63.038,7.3702,12.2,,5798.0,4.411,True,exoplanets.org
KOI 1930.04,0.0,0.001,0.005,0.14,0.011879,1486.0,1249.0,3.182,9.3415,6.18,10.8,,5951.0,4.017,True,exoplanets.org
KOI 1934.01,0.0,0.0,0.006,0.19,0.0161,576.0,484.0,3.052,28.7827,3.451,12.3,,4774.0,4.58,True,exoplanets.org
KOI 1942.01,0.0,0.001,0.007,0.24,0.022599,879.0,739.0,2.994,10.8497,3.474,13.4,,5251.0,4.592,True,exoplanets.org
KOI 1942.02,0.0,0.0,0.003,0.15,0.012544,1447.0,1217.0,3.152,2.4337,0.975,13.4,,5251.0,4.592,True,exoplanets.org
KOI 1943.01,0.0,0.0,0.004,0.28,0.029728,1017.0,855.0,2.987,29.9221,2.7716,12.0,,6127.0,4.055,True,exoplanets.org
KOI 1944.01,0.0,0.001,0.006,0.23,0.021484,1065.0,896.0,2.999,12.1842,2.5014,12.5,,5771.0,4.374,True,exoplanets.org
KOI 1945.02,0.0,0.0,0.001,0.11,0.006321,850.0,715.0,3.121,17.1181,1.29,12.8,,5576.0,4.515,True,exoplanets.org
KOI 1946.01,0.0,0.001,0.008,0.25,0.023939,1139.0,958.0,2.991,8.2948,2.7437,12.8,,5773.0,4.478,True,exoplanets.org
KOI 1947.01,0.0,0.001,0.005,0.15,0.012544,1344.0,1130.0,3.152,6.4229,1.0815,10.9,,6102.0,4.447,True,exoplanets.org
KOI 1957.01,1.016,0.226,0.22,2.62,1.0,3291.0,2767.0,2.559,1.3868,1.7065,11.4,,6823.0,4.04,True,exoplanets.org
Kepler-66 b,0.0,0.0,0.005,0.25,0.024423,913.0,768.0,2.971,17.8158,3.8837,13.6,1107.0,5962.0,4.484,True,exoplanets.org
KOI 1962.01,0.0,0.001,0.011,0.21,0.018097,898.0,755.0,3.024,32.8586,3.1483,9.5,,5899.0,4.135,True,exoplanets.org
KOI 1963.01,0.0,0.001,0.007,0.23,0.020953,1018.0,856.0,3.002,12.8962,2.625,12.6,,6072.0,4.51,True,exoplanets.org
KOI 1964.01,0.001,0.001,0.033,0.05,0.000521,1655.0,1392.0,2.654,2.2293,1.9946,8.9,,5587.0,4.525,True,exoplanets.org
KOI 1968.01,0.0,0.001,0.005,0.28,0.030942,1225.0,1030.0,2.987,10.0874,2.9884,13.7,,6310.0,4.417,True,exoplanets.org
KOI 1969.01,0.0,0.001,0.007,0.29,0.03331,950.0,799.0,2.989,16.3436,5.474,13.3,,5730.0,4.394,True,exoplanets.org
KOI 1972.01,0.0,0.001,0.005,0.26,0.025879,1079.0,907.0,2.988,17.7911,2.662,12.4,,5855.0,4.148,True,exoplanets.org
KOI 1974.01,0.0,0.0,0.004,0.27,0.028756,441.0,371.0,2.986,109.4451,3.792,13.2,,5403.0,4.5,True,exoplanets.org
KOI 1982.01,0.0,0.001,0.004,0.22,0.019696,1304.0,1096.0,3.009,4.8875,2.034,14.0,,5568.0,4.499,True,exoplanets.org
KOI 1984.01,0.0,0.0,0.007,0.24,0.022599,926.0,779.0,2.994,22.064,4.1,12.3,,6232.0,4.432,True,exoplanets.org
KOI 1985.01,0.0,0.001,0.01,0.2,0.017362,1004.0,844.0,3.032,5.7562,1.071,11.6,,4931.0,4.605,True,exoplanets.org
KOI 1986.02,0.0,0.0,0.003,0.11,0.006145,1019.0,857.0,3.116,7.1277,2.491,12.8,,5159.0,4.548,True,exoplanets.org
KOI 1996.02,0.0,0.0,0.005,0.07,0.001691,841.0,707.0,2.873,7.0739,2.319,13.4,,4777.0,4.689,True,exoplanets.org
KOI 2001.01,0.0,0.001,0.005,0.22,0.019818,1415.0,1189.0,3.009,8.2775,2.713,11.1,,5129.0,3.884,True,exoplanets.org
KOI 2004.03,0.0,0.0,0.006,0.06,0.000891,2089.0,1756.0,2.753,1.7211,1.922,11.8,,5700.0,4.327,True,exoplanets.org
KOI 2009.01,0.0,0.0,0.006,0.2,0.017261,518.0,435.0,3.034,86.7491,9.179,12.3,,5579.0,4.419,True,exoplanets.org
KOI 2012.02,0.0,0.0,0.004,0.21,0.01799,392.0,330.0,3.025,180.9217,8.99,13.3,,5818.0,4.554,True,exoplanets.org
KOI 2018.02,0.0,0.0,0.003,0.1,0.004999,917.0,771.0,3.078,16.0988,5.686,12.8,,5657.0,4.401,True,exoplanets.org
KOI 2023.01,0.0,0.0,0.005,0.21,0.019105,941.0,791.0,3.014,13.5905,3.784,13.2,,5442.0,4.409,True,exoplanets.org
KOI 2025.01,0.0,0.001,0.007,0.29,0.033988,1154.0,970.0,2.99,17.8485,5.8919,12.4,,6188.0,4.152,True,exoplanets.org
KOI 2025.02,0.0,0.0,0.006,0.25,0.024566,1016.0,855.0,2.989,26.1363,6.613,12.4,,6188.0,4.152,True,exoplanets.org
KOI 2029.03,0.0,0.0,0.009,0.06,0.000983,1024.0,861.0,2.771,6.8873,2.214,11.1,,5208.0,4.563,True,exoplanets.org
KOI 2029.04,0.0,0.0,0.011,0.06,0.000617,1156.0,972.0,2.685,4.7885,2.099,11.1,,5208.0,4.563,True,exoplanets.org
KOI 2037.01,0.0,0.0,0.005,0.38,0.062896,487.0,410.0,3.029,73.7579,2.69,13.0,,5029.0,4.429,True,exoplanets.org
KOI 2037.02,0.0,0.0,0.004,0.19,0.016667,1159.0,974.0,3.042,5.4772,1.3849,13.0,,5029.0,4.429,True,exoplanets.org
KOI 2037.03,0.0,0.0,0.004,0.2,0.017568,998.0,840.0,3.03,8.5627,1.53,13.0,,5029.0,4.429,True,exoplanets.org
KOI 2039.01,0.0,0.0,0.003,0.13,0.012093,1265.0,1063.0,3.235,5.4259,2.5342,12.7,,5594.0,4.489,True,exoplanets.org
KOI 2040.01,0.0,0.0,0.005,0.28,0.029728,866.0,728.0,2.987,19.5856,1.755,12.7,,5618.0,4.401,True,exoplanets.org
KOI 2042.01,0.001,0.003,0.003,1.59,1.0,1400.0,1177.0,2.993,63.0732,5.397,11.8,,6234.0,3.209,True,exoplanets.org
KOI 2043.01,0.0,0.0,0.005,0.32,0.040494,651.0,547.0,3.0,78.5461,8.689,12.6,,5808.0,4.172,True,exoplanets.org
KOI 2050.02,0.0,0.0,0.007,0.07,0.001082,1344.0,1130.0,2.789,3.178,0.542,10.3,,5061.0,4.488,True,exoplanets.org
KOI 2052.01,0.001,0.001,0.005,0.38,0.063807,1662.0,1398.0,3.029,4.2246,1.403,13.9,,6343.0,4.408,True,exoplanets.org
KOI 2055.03,0.001,0.0,0.002,0.13,0.012093,1779.0,1496.0,3.235,2.5048,2.376,12.9,,5509.0,4.308,True,exoplanets.org
KOI 2055.04,0.0,0.0,0.003,0.11,0.007059,1191.0,1002.0,3.141,6.1307,2.84,12.9,,5741.0,4.556,True,exoplanets.org
KOI 2056.01,0.0,0.0,0.004,0.18,0.015736,701.0,590.0,3.058,39.3136,5.0137,13.0,,6060.0,4.509,True,exoplanets.org
KOI 2059.02,0.0,0.0,0.019,0.04,0.000181,1413.0,1188.0,2.463,2.1857,1.966,10.7,,4997.0,4.598,True,exoplanets.org
KOI 2060.01,0.0,0.001,0.006,0.19,0.016286,1243.0,1046.0,3.048,2.8001,1.0237,13.0,,4786.0,4.579,True,exoplanets.org
KOI 2061.02,0.001,0.0,0.004,0.09,0.003619,1822.0,1532.0,3.018,1.09,1.5,13.6,,5081.0,4.596,True,exoplanets.org
KOI 2064.01,0.0,0.001,0.005,0.19,0.016667,1426.0,1199.0,3.042,6.3122,4.9377,13.5,,6322.0,4.426,True,exoplanets.org
KOI 2065.01,0.0,0.0,0.006,0.29,0.032865,494.0,415.0,2.989,80.2321,4.656,12.7,,5436.0,4.505,True,exoplanets.org
KOI 2066.01,0.0,0.0,0.004,0.3,0.034915,428.0,360.0,2.991,147.9739,6.854,13.4,,5578.0,4.44,True,exoplanets.org
KOI 2068.01,0.0,0.012,0.113,2.87,1.0,670.0,563.0,2.479,41.8897,1.35,13.2,,5952.0,4.519,True,exoplanets.org
KOI 2076.01,0.0,0.0,0.004,0.29,0.03221,638.0,537.0,2.988,56.777,6.864,13.9,,6063.0,4.476,True,exoplanets.org
KOI 2081.01,0.005,0.003,0.007,0.38,0.062593,1958.0,1646.0,3.029,6.2141,10.141,11.3,,5295.0,3.617,True,exoplanets.org
KOI 2082.01,0.0,0.0,0.003,0.23,0.021484,886.0,745.0,2.999,31.5889,3.438,12.7,,5866.0,4.175,True,exoplanets.org
KOI 2083.01,0.0,0.001,0.006,0.23,0.020694,1328.0,1116.0,3.003,7.7209,1.8264,12.0,,5887.0,4.29,True,exoplanets.org
KOI 2084.01,0.001,0.001,0.007,0.27,0.028377,1361.0,1144.0,2.986,4.1958,2.1557,13.1,,5229.0,4.378,True,exoplanets.org
KOI 2091.01,0.0,0.0,0.004,0.19,0.016192,927.0,780.0,3.05,8.78,3.2201,13.9,,5191.0,4.597,True,exoplanets.org
KOI 2093.01,0.024,0.004,0.002,1.85,1.0,3418.0,2874.0,2.859,6.7834,3.5437,14.0,,5096.0,2.435,True,exoplanets.org
KOI 2093.02,0.017,0.002,0.0,1.1,1.0,4764.0,4006.0,3.315,2.5081,2.504,14.0,,5096.0,2.435,True,exoplanets.org
KOI 2093.03,0.026,0.002,0.0,0.89,0.866779,8177.0,6876.0,3.431,0.4961,1.5568,14.0,,5096.0,2.435,True,exoplanets.org
KOI 2094.01,0.0,0.0,0.006,0.31,0.037601,645.0,542.0,2.995,42.427,5.907,13.1,,5330.0,4.366,True,exoplanets.org
KOI 2096.01,0.0,0.0,0.005,0.17,0.014626,913.0,768.0,3.083,9.7629,3.064,13.0,,5052.0,4.503,True,exoplanets.org
KOI 2103.02,0.0,0.0,0.004,0.07,0.001553,1518.0,1277.0,2.857,3.6652,3.308,13.1,,5579.0,4.389,True,exoplanets.org
KOI 2106.01,0.0,0.0,0.003,0.17,0.01407,1057.0,889.0,3.098,9.7537,2.348,13.5,,5806.0,4.528,True,exoplanets.org
KOI 211.01,0.0,0.0,0.003,0.99,0.970306,537.0,452.0,3.387,124.0359,4.8472,13.6,,5822.0,4.244,True,exoplanets.org
KOI 2113.01,0.0,0.0,0.005,0.23,0.021894,801.0,674.0,2.997,15.9425,3.4894,13.9,,5376.0,4.576,True,exoplanets.org
KOI 2113.02,0.0,0.0,0.004,0.21,0.018425,873.0,734.0,3.02,12.3309,3.0664,13.9,,5376.0,4.576,True,exoplanets.org
Kepler-67 b,0.0,0.0,0.006,0.27,0.026773,787.0,662.0,2.968,15.7259,3.5803,14.2,1107.0,5331.0,4.594,True,exoplanets.org
KOI 2117.01,0.0,0.0,0.004,0.16,0.013839,676.0,569.0,3.105,13.3602,2.788,13.0,,4500.0,4.638,True,exoplanets.org
KOI 212.01,0.003,0.007,0.016,0.59,0.183004,1356.0,1140.0,3.115,5.6959,3.5661,13.3,,6106.0,4.497,True,exoplanets.org
KOI 2120.01,0.0,0.0,0.005,0.16,0.013174,1003.0,843.0,3.127,8.7743,2.2245,11.7,,5146.0,4.445,True,exoplanets.org
KOI 2123.01,0.0,0.0,0.004,0.2,0.016862,778.0,654.0,3.039,29.4558,3.451,12.8,,6036.0,4.491,True,exoplanets.org
KOI 2124.01,0.0,0.0,0.005,0.13,0.011306,404.0,340.0,3.224,42.3376,4.924,11.6,,4132.0,4.682,True,exoplanets.org
KOI 2125.01,0.0,0.0,0.005,0.27,0.027636,889.0,748.0,2.986,23.3594,5.389,13.8,,6244.0,4.46,True,exoplanets.org
KOI 2130.01,0.0,0.0,0.004,0.15,0.01282,530.0,446.0,3.14,16.8559,2.309,12.8,,3967.0,4.674,True,exoplanets.org
KOI 2132.01,0.0,0.0,0.005,0.27,0.028756,574.0,483.0,2.986,69.8957,5.276,12.7,,5390.0,4.303,True,exoplanets.org
KOI 2133.01,0.107,0.03,0.011,1.33,1.0,2473.0,2080.0,3.145,6.2467,11.261,10.1,1344.63,4604.0,2.936,True,exoplanets.org
KOI 2135.02,0.0,0.0,0.003,0.12,0.009828,1032.0,868.0,3.2,20.189,6.251,12.2,,6178.0,4.269,True,exoplanets.org
KOI 2150.01,0.002,0.05,0.195,2.62,1.0,887.0,746.0,2.559,18.5085,6.596,13.6,,5942.0,4.506,True,exoplanets.org
KOI 2150.02,0.0,0.096,2.151,6.48,1.0,661.0,556.0,1.772,44.7056,6.262,13.6,,5942.0,4.506,True,exoplanets.org
KOI 2154.01,0.0,0.0,0.005,0.22,0.019457,1001.0,842.0,3.011,11.9298,6.152,14.2,,5831.0,4.517,True,exoplanets.org
KOI 2158.01,0.002,0.001,0.004,0.25,0.024887,1993.0,1676.0,2.989,4.562,2.8521,11.3,,5343.0,3.764,True,exoplanets.org
KOI 2158.02,0.001,0.0,0.003,0.19,0.015916,1755.0,1476.0,3.055,6.6823,3.251,11.3,,5343.0,3.764,True,exoplanets.org
KOI 2159.01,0.0,0.0,0.004,0.12,0.008265,1254.0,1054.0,3.169,7.5967,3.667,12.0,,5716.0,4.343,True,exoplanets.org
KOI 2162.02,0.0,0.0,0.002,0.13,0.011306,397.0,334.0,3.224,199.6688,8.996,12.5,,5678.0,4.409,True,exoplanets.org
KOI 2163.03,0.0,0.0,0.001,0.14,0.012075,813.0,684.0,3.172,28.2251,2.354,13.1,,6014.0,4.436,True,exoplanets.org
KOI 2167.02,0.0,0.0,0.002,0.12,0.009828,1362.0,1145.0,3.2,6.9579,4.537,13.8,,6240.0,4.406,True,exoplanets.org
KOI 2169.02,0.0,0.0,0.013,0.06,0.000805,1394.0,1173.0,2.734,3.2666,2.056,10.7,,5450.0,4.563,True,exoplanets.org
KOI 2169.03,0.0,0.0,0.012,0.06,0.000652,1275.0,1072.0,2.695,4.2723,2.113,10.7,,5450.0,4.563,True,exoplanets.org
KOI 2169.04,0.0,0.0,0.018,0.03,0.000101,1593.0,1340.0,2.361,2.1925,1.845,10.7,,5450.0,4.563,True,exoplanets.org
KOI 217.01,0.011,0.027,0.019,1.14,1.0,1359.0,1143.0,3.28,3.9051,2.8213,13.5,,5543.0,4.54,True,exoplanets.org
KOI 2172.01,0.0,0.001,0.008,0.3,0.036848,1077.0,906.0,2.994,10.4409,3.743,13.4,,5738.0,4.426,True,exoplanets.org
KOI 2172.02,0.0,0.0,0.004,0.26,0.026392,482.0,405.0,2.987,116.5832,5.8,13.4,,5738.0,4.426,True,exoplanets.org
KOI 2174.01,0.0,0.001,0.012,0.22,0.019576,792.0,666.0,3.01,6.6933,2.311,12.4,,4245.0,4.641,True,exoplanets.org
KOI 2174.02,0.0,0.0,0.007,0.18,0.015558,465.0,391.0,3.062,33.1363,4.163,12.4,,4245.0,4.641,True,exoplanets.org
KOI 2174.03,0.0,0.0,0.005,0.15,0.01289,755.0,635.0,3.138,7.7251,2.042,12.4,,4245.0,4.641,True,exoplanets.org
KOI 2174.04,0.0,0.0,0.005,0.09,0.002719,1033.0,868.0,2.963,3.0161,1.57,12.4,,4245.0,4.641,True,exoplanets.org
KOI 2181.01,0.0,0.001,0.004,0.29,0.032427,1188.0,999.0,2.989,12.2885,2.807,12.4,,5109.0,3.96,True,exoplanets.org
KOI 2184.02,0.0,0.0,0.003,0.19,0.016667,374.0,315.0,3.042,95.9064,4.08,13.3,,4620.0,4.564,True,exoplanets.org
KOI 2186.01,0.0,0.001,0.008,0.34,0.047579,806.0,678.0,3.013,14.9797,4.126,13.4,,5062.0,4.481,True,exoplanets.org
KOI 2188.02,0.0,0.0,0.003,0.08,0.001838,1278.0,1075.0,2.889,6.7446,3.813,13.7,,6106.0,4.496,True,exoplanets.org
KOI 2189.01,0.0,0.0,0.007,0.4,0.067835,596.0,501.0,3.03,33.3586,2.286,13.0,,5009.0,4.515,True,exoplanets.org
KOI 2191.01,0.0,0.0,0.006,0.1,0.005153,623.0,524.0,3.084,8.8478,2.0572,11.8,,3867.0,4.718,True,exoplanets.org
KOI 2193.02,0.0,0.0,0.002,0.12,0.008265,992.0,834.0,3.169,4.1629,0.678,13.2,,4478.0,4.615,True,exoplanets.org
KOI 2194.03,0.0,0.0,0.002,0.12,0.009364,308.0,259.0,3.191,445.2169,16.37,12.3,,5670.0,4.387,True,exoplanets.org
KOI 2199.01,0.0,0.0,0.003,0.17,0.01479,948.0,797.0,3.079,9.0333,2.857,14.0,,5311.0,4.588,True,exoplanets.org
KOI 2199.02,0.0,0.0,0.002,0.11,0.005635,1362.0,1145.0,3.1,3.0529,2.155,14.0,,5311.0,4.588,True,exoplanets.org
KOI 2204.01,0.0,0.0,0.003,0.19,0.015916,1440.0,1211.0,3.055,10.8606,2.2874,12.6,,6455.0,4.125,True,exoplanets.org
KOI 2206.01,0.001,0.001,0.003,0.15,0.012408,1895.0,1594.0,3.157,1.8343,1.7499,13.5,,5751.0,4.458,True,exoplanets.org
KOI 2209.02,0.0,0.0,0.002,0.19,0.016764,941.0,791.0,3.041,35.5029,8.149,12.6,,5528.0,3.892,True,exoplanets.org
KOI 221.02,0.0,0.0,0.002,0.11,0.007447,1301.0,1094.0,3.151,5.8966,3.154,12.8,,5392.0,4.314,True,exoplanets.org
KOI 2216.01,0.0,0.0,0.003,0.2,0.017059,782.0,658.0,3.037,23.3404,2.054,13.5,,5530.0,4.425,True,exoplanets.org
KOI 2217.01,0.0,0.0,0.006,0.26,0.027095,598.0,503.0,2.987,37.8034,4.641,13.3,,5329.0,4.572,True,exoplanets.org
KOI 2219.01,0.0,0.0,0.004,0.11,0.0065,1140.0,959.0,3.126,3.7573,0.9269,12.2,,4901.0,4.618,True,exoplanets.org
KOI 2220.04,0.0,0.0,0.001,0.14,0.012141,1437.0,1209.0,3.169,7.6646,3.614,13.1,,5640.0,4.087,True,exoplanets.org
KOI 2220.05,0.0,0.0,0.003,0.09,0.003744,1036.0,871.0,3.024,11.9295,3.193,13.1,,5975.0,4.48,True,exoplanets.org
KOI 2222.01,0.006,0.005,0.003,1.25,1.0,1984.0,1668.0,3.202,34.1357,9.12,11.9,,7818.0,3.365,True,exoplanets.org
KOI 2224.02,0.0,0.0,0.001,0.13,0.011827,509.0,428.0,3.232,86.1305,3.321,13.3,,5830.0,4.54,True,exoplanets.org
KOI 2226.01,0.0,0.0,0.004,0.22,0.020438,1047.0,880.0,3.004,8.4635,1.4078,13.4,,5427.0,4.495,True,exoplanets.org
KOI 2229.01,0.0,0.0,0.004,0.23,0.020823,902.0,758.0,3.002,14.8334,3.927,14.1,,5570.0,4.471,True,exoplanets.org
KOI 2232.01,0.0,0.0,0.004,0.35,0.050189,494.0,415.0,3.019,101.1323,4.366,13.6,,5492.0,4.389,True,exoplanets.org
KOI 2232.02,0.0,0.0,0.002,0.15,0.013031,982.0,826.0,3.132,12.8349,2.092,13.6,,5492.0,4.389,True,exoplanets.org
KOI 2237.01,0.0,0.0,0.003,0.25,0.024726,591.0,497.0,2.989,76.4215,7.218,13.6,,5561.0,4.263,True,exoplanets.org
KOI 2241.01,0.0,0.0,0.003,0.21,0.018097,1344.0,1130.0,3.024,7.1652,1.705,13.7,,6174.0,4.417,True,exoplanets.org
KOI 2243.03,0.0,0.0,0.003,0.41,0.071343,937.0,788.0,3.031,31.4453,1.758,13.3,,6172.0,4.198,True,exoplanets.org
KOI 2248.01,0.0,0.0,0.002,0.12,0.007849,1378.0,1159.0,3.16,2.8181,1.763,13.6,,5167.0,4.555,True,exoplanets.org
KOI 2248.02,0.0,0.0,0.002,0.09,0.003744,915.0,769.0,3.024,9.4908,2.713,13.6,,5290.0,4.604,True,exoplanets.org
KOI 2248.03,0.001,0.0,0.003,0.1,0.004136,2132.0,1793.0,3.043,0.762,1.282,13.6,,5167.0,4.555,True,exoplanets.org
KOI 2248.04,0.0,0.0,0.003,0.09,0.003035,1407.0,1183.0,2.984,2.6462,1.407,13.6,,5167.0,4.555,True,exoplanets.org
KOI 2250.01,0.001,0.002,0.008,0.28,0.030942,1329.0,1118.0,2.987,2.9354,1.5043,13.4,,4922.0,4.505,True,exoplanets.org
KOI 2250.02,0.003,0.001,0.005,0.16,0.013246,2220.0,1867.0,3.124,0.6263,1.1812,13.4,,4922.0,4.505,True,exoplanets.org
KOI 2257.02,0.0,0.0,0.002,0.16,0.013613,522.0,439.0,3.112,59.2841,5.42,13.8,,5225.0,4.505,True,exoplanets.org
KOI 2259.01,0.0,0.0,0.003,0.22,0.019818,992.0,834.0,3.009,12.1914,1.8832,13.6,,5516.0,4.399,True,exoplanets.org
KOI 2261.02,0.0,0.0,0.005,0.08,0.00216,1077.0,905.0,2.919,6.6255,2.358,12.2,,5211.0,4.5,True,exoplanets.org
KOI 2263.01,0.0,0.0,0.003,0.17,0.014384,838.0,704.0,3.089,29.9686,6.678,13.1,,6249.0,4.428,True,exoplanets.org
KOI 2263.03,0.0,0.0,0.003,0.1,0.004136,1041.0,876.0,3.043,15.5944,7.367,13.1,,6249.0,4.428,True,exoplanets.org
KOI 2264.02,0.0,0.0,0.004,0.08,0.002247,1049.0,882.0,2.927,7.251,2.799,12.7,,5382.0,4.571,True,exoplanets.org
KOI 227.01,0.0,0.0,0.023,0.22,0.019696,455.0,383.0,3.009,17.6574,3.509,11.5,,3745.0,4.784,True,exoplanets.org
KOI 2288.01,0.0,0.0,0.007,0.36,0.056991,593.0,498.0,3.028,38.1039,3.837,13.5,,5250.0,4.522,True,exoplanets.org
KOI 2290.01,0.0,0.0,0.004,0.16,0.013688,403.0,339.0,3.11,91.5009,4.842,12.5,,5051.0,4.628,True,exoplanets.org
KOI 2291.01,0.0,0.0,0.004,0.24,0.022743,602.0,506.0,2.994,44.2993,4.298,13.3,,5316.0,4.459,True,exoplanets.org
KOI 2293.01,0.0,0.0,0.003,0.15,0.01282,870.0,731.0,3.14,15.0337,3.272,13.0,,5523.0,4.526,True,exoplanets.org
KOI 2294.01,0.0,0.0,0.003,0.27,0.028566,521.0,438.0,2.986,131.4852,5.294,13.3,,5765.0,4.236,True,exoplanets.org
KOI 2295.01,0.0,0.0,0.018,0.05,0.000319,809.0,680.0,2.565,16.2909,3.176,9.7,,5425.0,4.549,True,exoplanets.org
KOI 2297.01,0.0,0.0,0.003,0.12,0.009594,1571.0,1321.0,3.196,4.645,3.366,12.8,,6047.0,4.343,True,exoplanets.org
KOI 2298.01,0.0,0.0,0.011,0.06,0.000891,610.0,513.0,2.753,16.6671,3.526,11.7,,4729.0,4.726,True,exoplanets.org
KOI 2298.03,0.0,0.0,0.021,0.03,9.2e-05,1152.0,969.0,2.345,2.4724,1.87,11.7,,4729.0,4.726,True,exoplanets.org
KOI 2299.01,0.001,0.019,0.057,2.45,1.0,988.0,831.0,2.616,16.4869,1.431,13.8,,6090.0,4.447,True,exoplanets.org
KOI 2303.02,0.0,0.0,0.003,0.16,0.013763,1461.0,1229.0,3.107,8.9348,2.579,12.4,,6688.0,4.304,True,exoplanets.org
KOI 2305.01,0.0,0.0,0.003,0.24,0.022173,729.0,613.0,2.996,31.0326,3.476,14.1,,5841.0,4.52,True,exoplanets.org
KOI 2310.01,0.0,0.0,0.003,0.16,0.013688,837.0,704.0,3.11,16.4582,1.9637,13.1,,5475.0,4.521,True,exoplanets.org
KOI 2312.01,0.0,0.0,0.003,0.21,0.018875,657.0,552.0,3.016,176.3313,13.89,11.3,,6146.0,3.8,True,exoplanets.org
KOI 2315.01,0.0,0.0,0.002,0.16,0.013246,659.0,555.0,3.124,22.1334,2.049,13.6,,5165.0,4.633,True,exoplanets.org
KOI 2319.01,0.0,0.0,0.002,0.14,0.011879,934.0,785.0,3.182,21.1033,2.059,12.1,,6000.0,4.363,True,exoplanets.org
KOI 232.05,0.0,0.0,0.004,0.2,0.01716,705.0,593.0,3.035,56.2591,8.114,12.8,,6038.0,4.284,True,exoplanets.org
KOI 2321.01,0.0,0.0,0.003,0.21,0.018761,548.0,461.0,3.017,95.6115,7.489,13.4,,6002.0,4.424,True,exoplanets.org
KOI 2321.02,0.0,0.0,0.001,0.13,0.010799,757.0,637.0,3.216,36.2531,4.73,13.4,,6002.0,4.424,True,exoplanets.org
KOI 2324.01,0.001,0.0,0.001,0.14,0.011814,2225.0,1871.0,3.185,1.2047,0.823,14.5,,5780.0,4.438,True,exoplanets.org
KOI 2325.01,0.002,0.001,0.004,0.14,0.011944,1977.0,1663.0,3.179,1.0259,0.8069,12.3,,5123.0,4.501,True,exoplanets.org
KOI 2327.02,0.0,0.0,0.002,0.12,0.009828,574.0,483.0,3.2,46.3317,4.514,13.5,,5477.0,4.571,True,exoplanets.org
KOI 2329.01,0.0,0.001,0.006,0.12,0.009364,1047.0,880.0,3.191,1.6154,1.1435,12.7,,3821.0,4.755,True,exoplanets.org
KOI 2332.01,0.001,0.001,0.005,0.11,0.006683,1727.0,1453.0,3.131,3.7006,5.408,11.2,,5423.0,4.105,True,exoplanets.org
KOI 2351.01,0.0,0.0,0.003,0.15,0.012681,1039.0,873.0,3.146,10.2738,3.252,13.3,,5806.0,4.528,True,exoplanets.org
KOI 2352.03,0.001,0.001,0.003,0.13,0.012363,1803.0,1516.0,3.239,8.2563,2.0378,9.5,,6197.0,3.837,True,exoplanets.org
KOI 2353.01,0.0,0.001,0.005,0.21,0.019105,1118.0,940.0,3.014,5.1867,0.8023,13.1,,5230.0,4.594,True,exoplanets.org
KOI 2354.01,1.291,0.554,0.807,3.6,1.0,2284.0,1921.0,2.282,1.1512,1.272,12.9,,6086.0,4.511,True,exoplanets.org
KOI 2357.01,0.001,0.001,0.003,0.2,0.017672,2102.0,1767.0,3.029,2.4209,2.812,13.9,,5583.0,4.077,True,exoplanets.org
KOI 2357.02,0.0,0.0,0.002,0.34,0.047579,1122.0,943.0,3.013,15.9042,2.093,13.9,,5583.0,4.077,True,exoplanets.org
KOI 2358.01,0.0,0.0,0.004,0.4,0.067521,885.0,744.0,3.03,56.4932,8.704,12.3,,6160.0,3.976,True,exoplanets.org
KOI 2361.01,0.0,0.0,0.003,0.18,0.015736,1367.0,1149.0,3.058,5.7839,1.3966,13.5,,6063.0,4.476,True,exoplanets.org
KOI 2363.01,0.0,0.0,0.006,0.09,0.002822,1328.0,1117.0,2.97,3.1388,1.6663,12.3,,5242.0,4.556,True,exoplanets.org
KOI 2367.01,0.0,0.0,0.002,0.12,0.008914,1531.0,1287.0,3.183,6.8921,1.725,11.3,,6164.0,4.227,True,exoplanets.org
KOI 2369.02,0.0,0.0,0.001,0.12,0.008694,1315.0,1106.0,3.178,6.3143,2.796,14.3,,6075.0,4.486,True,exoplanets.org
KOI 2369.03,0.0,0.0,0.002,0.11,0.007447,1257.0,1057.0,3.151,7.2274,4.967,14.3,,6075.0,4.486,True,exoplanets.org
KOI 2370.01,0.0,0.001,0.005,0.69,0.203211,989.0,832.0,3.022,78.7327,5.041,11.8,,6715.0,3.754,True,exoplanets.org
KOI 2373.01,0.0,0.0,0.003,0.2,0.017777,460.0,386.0,3.027,147.2812,7.375,13.1,,5708.0,4.365,True,exoplanets.org
KOI 2377.01,0.0,0.0,0.003,0.14,0.011814,839.0,706.0,3.185,13.9034,3.408,12.7,,5261.0,4.523,True,exoplanets.org
KOI 238.03,0.0,0.0,0.002,0.17,0.01479,385.0,323.0,3.079,362.9783,14.083,12.7,,6086.0,4.274,True,exoplanets.org
KOI 2380.01,0.0,0.0,0.002,0.14,0.012075,1287.0,1082.0,3.172,6.3571,1.324,12.7,,5982.0,4.493,True,exoplanets.org
KOI 2386.01,0.005,0.049,0.128,2.54,1.0,1076.0,904.0,2.586,16.2707,5.707,13.4,,6117.0,4.315,True,exoplanets.org
KOI 239.02,0.0,0.0,0.002,0.14,0.012274,1695.0,1426.0,3.163,3.6228,2.7868,13.3,,5794.0,4.282,True,exoplanets.org
KOI 2393.01,0.0,0.0,0.004,0.12,0.008265,1102.0,927.0,3.169,4.603,2.6848,12.7,,4821.0,4.529,True,exoplanets.org
KOI 2393.02,0.002,0.001,0.005,0.11,0.006321,2004.0,1685.0,3.121,0.7667,1.2638,12.7,,4821.0,4.529,True,exoplanets.org
KOI 2400.01,0.0,0.0,0.003,0.2,0.017059,983.0,827.0,3.037,11.6192,1.819,14.0,,5870.0,4.56,True,exoplanets.org
KOI 2401.01,0.0,0.0,0.004,0.13,0.011557,467.0,392.0,3.198,38.2292,3.893,12.5,,4544.0,4.656,True,exoplanets.org
KOI 2404.01,0.001,0.001,0.003,0.15,0.012476,1792.0,1507.0,3.154,2.1008,2.8182,14.1,,5815.0,4.5,True,exoplanets.org
KOI 2411.01,0.0,0.001,0.007,0.29,0.03221,1051.0,884.0,2.988,11.9641,4.526,13.8,,5903.0,4.437,True,exoplanets.org
KOI 2415.01,0.0,0.0,0.004,0.19,0.016192,1422.0,1196.0,3.05,5.2542,2.9878,14.0,,6123.0,4.472,True,exoplanets.org
KOI 2416.01,0.0,0.0,0.002,0.16,0.013319,1315.0,1106.0,3.122,5.9061,2.409,13.8,,5966.0,4.493,True,exoplanets.org
KOI 2417.01,0.0,0.0,0.007,0.26,0.026049,451.0,379.0,2.987,47.7053,5.959,13.4,,4551.0,4.609,True,exoplanets.org
KOI 2420.02,0.0,0.0,0.002,0.1,0.004003,1402.0,1179.0,3.037,5.4676,3.283,13.2,,5557.0,4.288,True,exoplanets.org
KOI 2421.01,0.0,0.0,0.014,0.05,0.000386,1174.0,987.0,2.6,2.2705,1.903,12.3,,4671.0,4.721,True,exoplanets.org
KOI 2421.02,0.0,0.0,0.013,0.04,0.000243,971.0,816.0,2.516,4.0232,2.162,12.3,,4671.0,4.721,True,exoplanets.org
KOI 2422.02,0.0,0.0,0.003,0.17,0.014147,527.0,444.0,3.096,57.3888,3.543,13.0,,5242.0,4.512,True,exoplanets.org
KOI 2433.03,0.0,0.0,0.004,0.26,0.02622,696.0,585.0,2.987,56.4148,8.075,13.8,,6325.0,4.409,True,exoplanets.org
KOI 2433.04,0.0,0.0,0.003,0.2,0.016862,880.0,740.0,3.039,27.9041,5.346,13.8,,6325.0,4.409,True,exoplanets.org
KOI 2433.06,0.0,0.0,0.002,0.15,0.012408,1499.0,1261.0,3.157,6.0633,3.275,13.8,,6308.0,4.353,True,exoplanets.org
KOI 2439.02,0.0,0.0,0.001,0.12,0.008265,1360.0,1144.0,3.169,7.5018,4.271,14.4,,6321.0,4.417,True,exoplanets.org
KOI 2445.01,0.0,0.002,0.009,1.07,1.0,625.0,525.0,3.337,47.3659,7.929,14.0,,5708.0,4.482,True,exoplanets.org
KOI 2449.01,0.0,0.0,0.005,0.3,0.036848,616.0,518.0,2.994,53.358,6.812,13.5,,5481.0,4.369,True,exoplanets.org
KOI 2449.02,0.001,0.0,0.002,0.13,0.011565,2391.0,2011.0,3.228,0.9124,1.072,13.5,,5481.0,4.369,True,exoplanets.org
KOI 2450.02,0.0,0.0,0.002,0.1,0.0047,1191.0,1001.0,3.067,7.1931,2.935,13.2,,5518.0,4.4,True,exoplanets.org
KOI 2453.01,0.0,0.0,0.016,0.07,0.001691,791.0,665.0,2.873,1.5305,0.5945,12.4,,3462.0,5.004,True,exoplanets.org
KOI 2462.01,0.0,0.001,0.005,0.16,0.013174,1426.0,1199.0,3.127,12.1468,6.197,10.4,,5877.0,3.927,True,exoplanets.org
KOI 2467.01,0.0,0.0,0.004,0.1,0.005153,1364.0,1147.0,3.084,5.0566,3.926,13.0,,5926.0,4.506,True,exoplanets.org
KOI 2469.01,0.0,0.0,0.005,0.21,0.018425,369.0,311.0,3.02,131.1879,6.905,12.7,,4898.0,4.518,True,exoplanets.org
KOI 247.01,0.0,0.0,0.014,0.17,0.014384,508.0,427.0,3.089,13.815,2.3244,11.1,,3732.0,4.736,True,exoplanets.org
KOI 2471.01,0.0,0.0,0.003,0.15,0.012544,704.0,592.0,3.152,25.8859,4.548,12.7,,5190.0,4.446,True,exoplanets.org
KOI 2474.01,0.0,0.002,0.446,3.75,1.0,378.0,318.0,2.246,176.8457,3.812,12.4,,5592.0,4.541,True,exoplanets.org
KOI 2477.01,0.0,0.0,0.003,0.24,0.022456,1069.0,899.0,2.995,14.0263,1.2808,13.1,,5970.0,4.355,True,exoplanets.org
KOI 2479.01,0.0,0.0,0.005,0.19,0.0161,1004.0,844.0,3.052,25.5434,8.567,11.1,,5422.0,3.945,True,exoplanets.org
KOI 2480.01,0.001,0.001,0.005,0.13,0.012363,1537.0,1292.0,3.239,0.6668,0.7847,12.9,,3993.0,4.696,True,exoplanets.org
KOI 2486.01,0.0,0.0,0.003,0.13,0.010551,1782.0,1498.0,3.212,4.268,1.3427,11.7,,6395.0,4.275,True,exoplanets.org
KOI 2489.01,0.0,0.001,0.004,0.16,0.013688,1396.0,1174.0,3.11,3.9245,3.691,14.1,,5776.0,4.554,True,exoplanets.org
KOI 2490.01,0.0,0.0,0.003,0.17,0.014147,759.0,638.0,3.096,11.6065,2.194,13.6,,4703.0,4.582,True,exoplanets.org
KOI 2503.01,0.0,0.0,0.006,0.09,0.002719,717.0,603.0,2.963,14.8201,3.902,11.9,,4825.0,4.603,True,exoplanets.org
KOI 2504.01,0.0,0.0,0.003,0.21,0.018425,812.0,683.0,3.02,20.4904,4.369,14.1,,5681.0,4.524,True,exoplanets.org
KOI 2507.01,0.0,0.0,0.002,0.17,0.014545,1096.0,922.0,3.085,11.1297,2.942,14.2,,6122.0,4.487,True,exoplanets.org
KOI 2512.01,0.0,0.0,0.004,0.28,0.030736,838.0,705.0,2.987,15.9211,1.5443,13.9,,5595.0,4.57,True,exoplanets.org
KOI 2513.01,0.002,0.03,0.096,2.54,1.0,986.0,829.0,2.585,19.0054,1.843,13.4,,6347.0,4.423,True,exoplanets.org
KOI 2516.01,0.001,0.0,0.002,0.13,0.010799,2211.0,1859.0,3.216,2.8104,3.874,11.6,,5415.0,3.868,True,exoplanets.org
KOI 2519.01,0.0,0.001,0.006,0.2,0.017465,932.0,784.0,3.031,4.7909,0.5134,12.0,,4359.0,4.601,True,exoplanets.org
KOI 252.01,0.0,0.0,0.014,0.24,0.022173,471.0,396.0,2.996,17.6046,3.716,12.6,,3744.0,4.737,True,exoplanets.org
KOI 2521.02,0.0,0.0,0.003,0.17,0.014626,1145.0,963.0,3.083,4.8663,1.885,13.8,,4996.0,4.497,True,exoplanets.org
KOI 2522.01,0.0,0.0,0.004,0.11,0.006869,1006.0,846.0,3.136,5.604,1.0273,11.5,,4847.0,4.581,True,exoplanets.org
KOI 2523.02,0.0,0.0,0.002,0.16,0.013539,1720.0,1446.0,3.114,2.6109,1.976,13.9,,5514.0,4.345,True,exoplanets.org
KOI 2525.01,0.0,0.0,0.003,0.17,0.014708,462.0,388.0,3.081,57.2932,4.878,13.4,,4806.0,4.564,True,exoplanets.org
KOI 2527.01,0.0,0.0,0.015,0.05,0.000386,1312.0,1103.0,2.6,1.3858,1.6449,11.6,,4239.0,4.667,True,exoplanets.org
KOI 2528.01,0.0,0.0,0.004,0.29,0.03376,1009.0,848.0,2.99,12.023,1.2667,14.0,,5982.0,4.535,True,exoplanets.org
KOI 253.01,0.0,0.001,0.013,0.24,0.023482,690.0,580.0,2.992,6.3832,1.7504,12.3,,3757.0,4.681,True,exoplanets.org
KOI 253.02,0.0,0.0,0.005,0.14,0.011944,467.0,392.0,3.179,20.618,3.267,12.3,,3757.0,4.681,True,exoplanets.org
KOI 2531.01,0.0,0.0,0.004,0.17,0.01479,680.0,572.0,3.079,17.6997,2.76,13.2,,4807.0,4.583,True,exoplanets.org
KOI 2532.01,0.0,0.0,0.004,0.2,0.017672,989.0,831.0,3.029,7.971,1.2893,13.4,,5237.0,4.572,True,exoplanets.org
KOI 2533.03,0.0,0.0,0.003,0.21,0.018875,1168.0,982.0,3.016,26.1153,12.54,11.2,,5190.0,3.63,True,exoplanets.org
KOI 2534.02,0.0,0.0,0.002,0.12,0.009828,1589.0,1336.0,3.2,5.422,2.952,12.5,,6123.0,4.263,True,exoplanets.org
KOI 2535.01,0.0,0.0,0.009,0.26,0.027274,501.0,422.0,2.987,48.8883,6.468,12.8,,4821.0,4.529,True,exoplanets.org
KOI 2538.01,0.0,0.0,0.002,0.13,0.011565,545.0,459.0,3.228,39.8313,2.442,12.1,,5026.0,4.58,True,exoplanets.org
KOI 2542.01,0.0,0.001,0.019,0.06,0.000764,1104.0,928.0,2.725,0.7273,0.8323,12.0,,3460.0,4.92,True,exoplanets.org
KOI 2543.01,0.001,0.001,0.003,0.12,0.009364,1748.0,1470.0,3.191,1.302,1.3692,13.4,,4948.0,4.508,True,exoplanets.org
KOI 2547.01,0.0,0.0,0.002,0.13,0.012093,1229.0,1034.0,3.235,8.9434,2.469,12.6,,6074.0,4.375,True,exoplanets.org
KOI 2548.01,0.085,0.006,0.002,1.7,1.0,6714.0,5646.0,2.931,0.8272,1.385,12.7,,4452.0,2.28,True,exoplanets.org
KOI 255.02,0.0,0.0,0.007,0.07,0.001134,516.0,434.0,2.798,13.6032,2.592,12.1,,3780.0,4.746,True,exoplanets.org
KOI 2550.01,0.0,0.0,0.003,0.18,0.014956,888.0,747.0,3.075,18.0243,3.575,13.9,,5955.0,4.52,True,exoplanets.org
KOI 2551.01,0.0,0.0,0.002,0.14,0.011685,698.0,587.0,3.192,16.4793,3.312,13.8,,4908.0,4.618,True,exoplanets.org
KOI 2553.01,0.0,0.0,0.004,0.21,0.019105,429.0,360.0,3.014,88.0713,6.758,13.7,,4939.0,4.506,True,exoplanets.org
KOI 2554.01,0.0,0.001,0.023,1.22,1.0,422.0,355.0,3.219,39.7558,1.958,13.0,,4405.0,4.732,True,exoplanets.org
KOI 2554.02,0.0,0.0,0.006,0.08,0.002522,663.0,558.0,2.949,10.2713,3.029,13.0,,4405.0,4.732,True,exoplanets.org
KOI 2559.01,0.0,0.0,0.003,0.11,0.006145,1187.0,998.0,3.116,9.3099,3.455,12.3,,5806.0,4.353,True,exoplanets.org
KOI 2560.01,0.0,0.0,0.003,0.15,0.012681,706.0,594.0,3.146,18.1209,3.781,13.2,,4905.0,4.536,True,exoplanets.org
KOI 2563.02,0.0,0.0,0.004,0.07,0.001487,1490.0,1253.0,2.849,6.2614,4.779,12.6,,6384.0,4.361,True,exoplanets.org
KOI 2564.02,0.0,0.0,0.001,0.27,0.027636,1532.0,1288.0,2.986,17.6638,6.194,12.6,,5734.0,3.591,True,exoplanets.org
KOI 2569.01,0.0,0.0,0.002,0.12,0.009364,1243.0,1046.0,3.191,8.2816,3.1,12.6,,5640.0,4.288,True,exoplanets.org
KOI 2571.01,0.001,0.0,0.005,0.09,0.002719,2115.0,1778.0,2.963,0.8263,0.9603,12.5,,5218.0,4.548,True,exoplanets.org
KOI 2572.01,0.0,0.0,0.003,0.19,0.016475,1215.0,1022.0,3.045,6.3771,1.949,13.9,,5672.0,4.503,True,exoplanets.org
KOI 2577.01,0.011,0.005,0.003,1.86,1.0,2331.0,1960.0,2.856,18.5558,5.372,12.4,,5988.0,2.982,True,exoplanets.org
KOI 2578.01,0.003,0.03,0.072,2.32,1.0,1060.0,891.0,2.665,13.3309,1.426,13.2,,5991.0,4.394,True,exoplanets.org
KOI 2579.01,0.0,0.0,0.002,0.14,0.011685,1890.0,1589.0,3.192,2.7296,2.721,13.7,,5887.0,4.292,True,exoplanets.org
KOI 2579.02,0.0,0.0,0.002,0.15,0.012544,1725.0,1451.0,3.152,3.5965,2.661,13.7,,5887.0,4.292,True,exoplanets.org
KOI 2579.03,0.0,0.0,0.002,0.14,0.012141,1215.0,1021.0,3.169,10.3015,3.903,13.7,,5887.0,4.292,True,exoplanets.org
KOI 2581.01,0.0,0.0,0.005,0.08,0.001915,906.0,762.0,2.897,12.7372,3.358,11.8,,5420.0,4.502,True,exoplanets.org
KOI 2582.01,0.0,0.0,0.003,0.18,0.01521,802.0,674.0,3.069,40.0306,4.815,12.2,,5855.0,4.227,True,exoplanets.org
KOI 2583.01,0.0,0.0,0.01,0.05,0.000521,1542.0,1297.0,2.654,3.0327,1.774,11.1,,5640.0,4.492,True,exoplanets.org
KOI 2585.03,0.0,0.0,0.004,0.07,0.001302,1286.0,1081.0,2.824,7.8785,3.912,12.1,,5767.0,4.287,True,exoplanets.org
KOI 2588.01,0.0,0.0,0.005,0.13,0.011494,777.0,654.0,3.202,5.7796,2.5213,12.7,,4102.0,4.687,True,exoplanets.org
KOI 2590.02,0.0,0.0,0.005,0.12,0.009594,1121.0,943.0,3.196,22.7909,9.565,10.4,,6311.0,4.116,True,exoplanets.org
KOI 2592.01,0.0,0.0,0.004,0.26,0.02571,452.0,380.0,2.988,175.6034,9.543,13.6,,6225.0,4.461,True,exoplanets.org
KOI 2593.02,0.0,0.0,0.009,0.06,0.000805,1316.0,1106.0,2.734,9.5539,5.261,10.5,,6175.0,4.299,True,exoplanets.org
KOI 2597.03,0.0,0.0,0.002,0.13,0.010307,1515.0,1274.0,3.208,5.6136,2.905,13.4,,6398.0,4.411,True,exoplanets.org
KOI 2598.01,0.0,0.0,0.002,0.12,0.008914,799.0,672.0,3.183,29.2254,5.293,12.8,,6049.0,4.461,True,exoplanets.org
KOI 2603.01,0.0,0.0,0.004,0.16,0.013319,732.0,616.0,3.122,73.711,10.062,11.4,,6374.0,4.193,True,exoplanets.org
KOI 2604.01,0.0,0.013,0.038,1.45,1.0,725.0,610.0,3.072,14.4335,2.663,13.1,,4915.0,4.627,True,exoplanets.org
KOI 2607.01,0.003,0.001,0.003,0.18,0.015736,2771.0,2330.0,3.058,0.7545,0.5891,13.0,,5561.0,4.25,True,exoplanets.org
KOI 2610.01,0.0,0.001,0.005,0.24,0.023633,1385.0,1164.0,2.991,24.1073,10.465,11.3,,6585.0,3.813,True,exoplanets.org
KOI 2610.02,0.0,0.0,0.006,0.36,0.055278,822.0,691.0,3.027,115.2307,17.735,11.3,,6585.0,3.813,True,exoplanets.org
KOI 2612.01,0.0,0.0,0.015,0.05,0.000298,1342.0,1128.0,2.553,4.6123,2.695,10.2,,5495.0,4.442,True,exoplanets.org
KOI 2612.02,0.0,0.0,0.013,0.05,0.00034,1137.0,956.0,2.577,7.573,2.645,10.2,,5495.0,4.442,True,exoplanets.org
KOI 2613.01,0.0,0.0,0.002,0.22,0.019221,542.0,455.0,3.013,51.5739,2.784,14.0,,5380.0,4.581,True,exoplanets.org
KOI 2620.01,0.0,0.0,0.004,0.2,0.017672,839.0,706.0,3.029,16.0573,3.546,14.1,,5644.0,4.575,True,exoplanets.org
KOI 2623.02,0.0,0.0,0.005,0.06,0.000805,1715.0,1442.0,2.734,4.0266,3.771,12.1,,6187.0,4.341,True,exoplanets.org
Kepler-1652 b,0.0,0.0,0.005,0.12,0.007927,318.0,268.0,3.144,38.0972,3.24,12.6,252.0,3638.0,4.878,True,exoplanets.org
KOI 2631.01,0.0,0.0,0.004,0.14,0.012075,660.0,555.0,3.172,44.9978,9.686,12.0,,5871.0,4.493,True,exoplanets.org
KOI 2636.01,0.0,0.0,0.012,0.05,0.000492,1504.0,1264.0,2.644,3.8815,2.679,10.7,,5854.0,4.469,True,exoplanets.org
KOI 2636.02,0.0,0.0,0.019,0.06,0.000617,1365.0,1148.0,2.685,5.1777,8.275,10.7,,5854.0,4.469,True,exoplanets.org
KOI 2637.01,0.0,0.0,0.002,0.1,0.005153,1604.0,1349.0,3.084,3.9886,3.516,13.5,,5692.0,4.288,True,exoplanets.org
KOI 2638.01,0.0,0.0,0.002,0.13,0.011494,1564.0,1315.0,3.202,2.524,1.1968,13.6,,5420.0,4.487,True,exoplanets.org
KOI 2639.01,0.0,0.0,0.003,0.2,0.01716,898.0,755.0,3.035,25.1123,7.922,14.0,,6133.0,4.367,True,exoplanets.org
KOI 2639.02,0.004,0.002,0.004,0.51,0.115548,2045.0,1719.0,3.037,2.121,0.3673,14.0,,6133.0,4.367,True,exoplanets.org
KOI 2641.01,0.0,0.0,0.005,0.07,0.001691,1651.0,1388.0,2.873,3.5556,3.24,12.3,,5839.0,4.337,True,exoplanets.org
KOI 2656.01,0.0,0.0,0.002,0.12,0.008478,1408.0,1184.0,3.174,6.7737,3.579,13.7,,6392.0,4.425,True,exoplanets.org
KOI 2657.01,0.0,0.0,0.011,0.05,0.000464,1223.0,1028.0,2.633,5.224,2.608,11.2,,5487.0,4.512,True,exoplanets.org
KOI 2658.01,0.0,0.0,0.005,0.19,0.015826,1084.0,912.0,3.057,11.6602,5.882,12.9,,5791.0,4.381,True,exoplanets.org
KOI 266.02,0.0,0.0,0.004,0.16,0.013103,748.0,629.0,3.13,47.744,2.99,10.4,,5949.0,4.272,True,exoplanets.org
KOI 2663.01,0.0,0.0,0.008,0.06,0.000805,999.0,840.0,2.734,9.8874,4.23,11.9,,5693.0,4.57,True,exoplanets.org
KOI 2666.01,0.0,0.0,0.009,0.31,0.038369,534.0,449.0,2.997,64.0344,9.174,13.6,,5691.0,4.561,True,exoplanets.org
Kepler-396 c,,,,0.42,0.076272,544.0,457.0,,88.505,6.8214,10.3,225.19,5590.0,4.32,True,exoplanets.org
Kepler-396 b,,,,0.3,0.034681,692.0,582.0,,42.99,4.726,10.3,225.19,5590.0,4.32,True,exoplanets.org
KOI 2674.01,0.0,0.0,0.009,0.85,0.412935,509.0,428.0,3.152,197.5111,11.106,11.8,,5616.0,4.004,True,exoplanets.org
KOI 2675.02,0.002,0.001,0.01,0.09,0.003147,2159.0,1815.0,2.991,1.1161,1.3235,10.9,,5721.0,4.517,True,exoplanets.org
KOI 2677.01,0.0,0.0,0.005,0.88,0.490867,461.0,388.0,3.192,237.7872,10.509,12.1,,5185.0,3.936,True,exoplanets.org
KOI 2678.02,0.0,0.0,0.016,0.04,0.000243,1580.0,1328.0,2.516,2.2166,1.0,10.1,,5397.0,4.543,True,exoplanets.org
KOI 2679.01,0.0,0.01,0.048,2.64,1.0,847.0,712.0,2.55,110.7556,6.819,12.1,,6525.0,3.772,True,exoplanets.org
KOI 268.01,0.0,0.0,0.021,0.27,0.028377,615.0,517.0,2.986,110.3784,12.211,9.6,,6342.0,4.242,True,exoplanets.org
KOI 2683.01,0.0,0.0,0.01,0.4,0.069418,418.0,351.0,3.03,126.4451,16.7151,13.8,,5613.0,4.581,True,exoplanets.org
KOI 2686.01,0.0,0.0,0.013,0.31,0.037348,279.0,235.0,2.995,211.0328,7.119,11.6,,4658.0,4.632,True,exoplanets.org
KOI 2687.01,0.002,0.001,0.036,0.07,0.001082,1890.0,1590.0,2.789,1.7168,2.068,8.7,,5808.0,4.522,True,exoplanets.org
KOI 2687.02,0.0,0.001,0.023,0.09,0.003497,1125.0,946.0,3.011,8.1673,3.337,8.7,,5808.0,4.522,True,exoplanets.org
KOI 2689.01,0.0,0.0,0.006,0.62,0.148906,391.0,329.0,2.979,165.3447,3.09,13.9,,5594.0,4.52,True,exoplanets.org
KOI 269.01,0.0,0.001,0.011,0.16,0.013763,1171.0,984.0,3.107,18.0116,6.7367,9.8,,6477.0,4.224,True,exoplanets.org
KOI 2690.01,0.0,0.001,0.008,0.18,0.01547,1360.0,1144.0,3.064,3.6069,1.0418,11.8,,5508.0,4.569,True,exoplanets.org
KOI 2691.01,0.0,0.0,0.009,0.27,0.028948,368.0,310.0,2.986,97.4463,6.765,12.7,,4735.0,4.627,True,exoplanets.org
KOI 2694.02,0.0,0.0,0.004,0.16,0.013763,1010.0,850.0,3.107,6.5661,1.8455,12.7,,4818.0,4.481,True,exoplanets.org
KOI 2695.01,0.051,0.078,0.071,1.8,1.0,1490.0,1253.0,2.881,2.5034,1.534,13.4,,5174.0,4.483,True,exoplanets.org
KOI 2696.01,0.0,0.002,0.006,0.81,0.346222,945.0,795.0,3.115,96.4562,11.195,11.9,,7029.0,3.806,True,exoplanets.org
KOI 2696.02,0.0,0.001,0.005,0.52,0.117627,1222.0,1028.0,3.037,44.5644,7.874,11.9,,7029.0,3.806,True,exoplanets.org
Kepler-449 b,,,,0.14,0.011685,,1003.0,,12.5824,6.375,9.7,,5587.0,4.091,True,exoplanets.org
Kepler-449 c,,,,0.17,0.013992,,722.0,,33.6727,8.2267,9.7,,5587.0,4.091,True,exoplanets.org
KOI 2700.01,0.001,0.001,0.009,0.1,0.0047,1464.0,1231.0,3.067,0.91,1.7956,12.8,,4297.0,4.725,True,exoplanets.org
KOI 2706.01,0.006,0.003,0.014,0.16,0.013174,2316.0,1947.0,3.127,3.0976,4.588,9.1,,6329.0,4.026,True,exoplanets.org
KOI 2712.01,0.001,0.002,0.013,0.16,0.013319,1479.0,1244.0,3.122,7.5079,5.646,9.9,,6408.0,4.309,True,exoplanets.org
KOI 2715.03,0.0,0.0,0.005,0.16,0.013392,661.0,556.0,3.119,5.7208,2.744,13.9,,3640.0,4.744,True,exoplanets.org
KOI 2716.02,0.0,0.0,0.003,0.16,0.013539,1149.0,966.0,3.114,6.46,1.979,14.1,,5704.0,4.575,True,exoplanets.org
KOI 2719.02,0.0,0.0,0.002,0.13,0.011494,394.0,331.0,3.202,106.2598,6.101,12.8,,4827.0,4.508,True,exoplanets.org
KOI 2720.01,0.001,0.001,0.01,0.11,0.007059,1574.0,1323.0,3.141,6.5716,3.1044,9.0,,6042.0,4.139,True,exoplanets.org
KOI 2722.05,0.0,0.0,0.003,0.1,0.005471,1064.0,895.0,3.095,16.534,4.063,12.0,,6052.0,4.285,True,exoplanets.org
KOI 2723.01,0.002,0.001,0.007,0.23,0.02135,1825.0,1534.0,3.0,1.9527,0.872,12.8,,5741.0,4.495,True,exoplanets.org
KOI 2732.04,0.0,0.0,0.003,0.1,0.004848,1023.0,860.0,3.073,24.5607,8.679,11.5,,6170.0,4.192,True,exoplanets.org
KOI 2733.01,0.0,0.001,0.006,0.13,0.011306,1004.0,844.0,3.224,5.6201,2.751,11.8,,4868.0,4.6,True,exoplanets.org
KOI 2734.01,0.001,0.001,0.007,0.31,0.037855,1307.0,1099.0,2.996,3.8259,1.8057,13.7,,5223.0,4.505,True,exoplanets.org
KOI 2735.01,0.002,0.001,0.003,0.12,0.008478,2323.0,1954.0,3.174,0.5588,0.7918,13.6,,5151.0,4.592,True,exoplanets.org
KOI 2739.02,0.0,0.0,0.002,0.11,0.005971,1285.0,1081.0,3.111,7.0956,3.465,13.3,,5480.0,4.26,True,exoplanets.org
Kepler-128 b,,,,0.13,0.010551,1247.0,1049.0,,15.09,4.3349,10.1,400.93,5998.0,4.07,True,exoplanets.org
Kepler-128 c,,,,0.12,0.007647,1087.0,914.0,,22.804,4.768,10.1,400.93,5998.0,4.07,True,exoplanets.org
KOI 2744.02,0.0,0.0,0.002,0.25,0.025212,1177.0,990.0,2.988,11.6156,2.233,13.4,,5332.0,4.083,True,exoplanets.org
KOI 2750.01,0.0,0.0,0.001,0.99,0.963155,625.0,526.0,3.385,174.6362,15.679,14.6,,5974.0,3.859,True,exoplanets.org
KOI 2755.01,0.0,0.0,0.009,0.07,0.001423,1143.0,961.0,2.84,8.483,2.505,10.7,,5827.0,4.471,True,exoplanets.org
KOI 2756.02,0.0,0.0,0.003,0.08,0.002336,1369.0,1152.0,2.934,5.0699,3.241,13.2,,5957.0,4.506,True,exoplanets.org
KOI 2757.01,0.0,0.0,0.004,0.23,0.021084,347.0,292.0,3.001,234.6357,6.965,12.9,,5422.0,4.481,True,exoplanets.org
KOI 2758.01,0.0,0.003,0.012,1.72,1.0,721.0,607.0,2.924,253.3746,22.889,9.8,,5177.0,3.216,True,exoplanets.org
KOI 2759.01,0.001,0.0,0.005,0.09,0.003261,1841.0,1548.0,2.998,1.0781,0.8551,12.2,,4906.0,4.511,True,exoplanets.org
KOI 2760.01,0.0,0.0,0.007,0.24,0.022889,462.0,389.0,2.993,56.5732,4.188,12.5,,4701.0,4.54,True,exoplanets.org
KOI 2764.01,0.0,0.0,0.005,0.11,0.005802,1033.0,869.0,3.106,2.253,1.7131,12.9,,4039.0,4.708,True,exoplanets.org
KOI 2770.01,0.0,0.0,0.004,0.19,0.0161,260.0,218.0,3.052,205.3859,8.681,13.1,,4400.0,4.659,True,exoplanets.org
KOI 2775.01,0.001,0.032,0.112,2.43,1.0,874.0,735.0,2.624,17.577,2.022,13.2,,5653.0,4.442,True,exoplanets.org
KOI 2779.01,0.0,0.0,0.004,0.17,0.014147,726.0,611.0,3.096,34.4585,7.434,13.4,,6161.0,4.545,True,exoplanets.org
Kepler-450 b,,,,0.54,0.102015,,841.0,,28.4549,8.1593,10.4,462.0,6206.0,4.159,True,exoplanets.org
Kepler-450 c,,,,0.23,0.021484,,1031.0,,15.4131,6.6358,10.4,462.0,6206.0,4.159,True,exoplanets.org
Kepler-450 d,,,,0.09,0.002719,,1311.0,,7.5146,4.865,10.4,462.0,6206.0,4.159,True,exoplanets.org
KOI 2796.01,0.001,0.0,0.003,0.09,0.002719,2874.0,2417.0,2.963,0.5374,1.2039,13.4,,5749.0,4.457,True,exoplanets.org
KOI 2797.01,0.002,0.001,0.002,0.15,0.012476,2663.0,2239.0,3.154,0.8681,1.5471,14.2,,6116.0,4.44,True,exoplanets.org
KOI 280.01,0.0,0.002,0.019,0.2,0.017465,1123.0,944.0,3.031,11.8729,2.5342,9.8,,6147.0,4.412,True,exoplanets.org
KOI 2801.01,0.0,0.001,0.01,0.09,0.003872,1552.0,1305.0,3.031,6.9921,5.037,9.5,,6057.0,4.139,True,exoplanets.org
KOI 2802.01,0.0,0.0,0.002,0.15,0.012961,1669.0,1403.0,3.135,3.8482,2.013,13.5,,5927.0,4.323,True,exoplanets.org
KOI 2803.01,0.0,0.0,0.015,0.05,0.00034,1663.0,1398.0,2.577,2.3775,2.307,10.6,,5615.0,4.505,True,exoplanets.org
KOI 2807.01,0.001,0.001,0.005,0.21,0.018425,1914.0,1610.0,3.02,3.3757,1.5436,12.5,,6310.0,4.273,True,exoplanets.org
KOI 2813.01,0.052,0.004,0.001,1.32,1.0,6719.0,5650.0,3.152,0.6985,0.7887,11.5,,4676.0,2.577,True,exoplanets.org
KOI 282.01,0.0,0.001,0.02,0.27,0.027636,862.0,725.0,2.986,27.5087,5.9291,10.5,,5903.0,4.304,True,exoplanets.org
KOI 2821.01,0.0,0.0,0.005,0.3,0.034915,526.0,442.0,2.991,79.245,5.382,13.5,,5648.0,4.464,True,exoplanets.org
KOI 2822.01,0.0,0.001,0.004,0.17,0.014626,1383.0,1163.0,3.083,4.4459,2.3816,13.7,,5918.0,4.544,True,exoplanets.org
KOI 2828.02,0.0,0.0,0.004,0.31,0.038111,235.0,197.0,2.996,505.4629,10.127,13.4,,4817.0,4.499,True,exoplanets.org
KOI 2829.01,0.0,0.0,0.002,0.16,0.013319,1284.0,1079.0,3.122,10.6135,0.9829,11.4,,5865.0,4.163,True,exoplanets.org
KOI 283.03,0.0,0.0,0.007,0.07,0.001032,1112.0,935.0,2.78,9.4881,1.163,10.1,,5680.0,4.414,True,exoplanets.org
KOI 2833.01,0.002,0.0,0.002,0.13,0.012093,2892.0,2432.0,3.235,1.7919,1.166,11.1,,6002.0,3.841,True,exoplanets.org
KOI 2835.01,0.0,0.0,0.003,0.12,0.009364,787.0,662.0,3.191,6.3092,1.3251,13.4,,4380.0,4.71,True,exoplanets.org
KOI 2840.01,0.0,0.0,0.007,0.08,0.002336,1445.0,1215.0,2.934,3.6794,3.47,12.3,,5676.0,4.474,True,exoplanets.org
KOI 2840.02,0.0,0.0,0.007,0.07,0.001244,1143.0,961.0,2.815,7.4465,4.084,12.3,,5676.0,4.474,True,exoplanets.org
KOI 2841.01,0.0,0.0,0.003,0.24,0.023482,376.0,316.0,2.992,159.3888,8.432,14.0,,5135.0,4.464,True,exoplanets.org
KOI 2848.01,0.0,0.0,0.004,0.14,0.011814,1162.0,977.0,3.185,13.7873,5.747,10.9,,5691.0,4.139,True,exoplanets.org
KOI 2849.01,0.0,0.0,0.004,0.09,0.003377,1167.0,981.0,3.005,5.9596,2.899,12.7,,5452.0,4.535,True,exoplanets.org
Kepler-92 b,,,,0.32,0.042735,1271.0,1069.0,,13.749,6.0968,10.4,484.61,5883.0,4.05,True,exoplanets.org
Kepler-92 c,,,,0.21,0.018097,1019.0,857.0,,26.723,8.501,10.4,484.61,5883.0,4.05,True,exoplanets.org
Kepler-92 d,,,,0.17,0.014384,,696.0,,49.3568,10.954,10.4,484.61,5862.0,4.05,True,exoplanets.org
KOI 2851.01,0.0,0.001,0.004,0.2,0.017672,1466.0,1233.0,3.029,3.4206,1.767,13.6,,5370.0,4.411,True,exoplanets.org
KOI 2851.02,0.001,0.001,0.003,0.13,0.011494,2059.0,1732.0,3.202,1.2394,1.683,13.6,,5370.0,4.411,True,exoplanets.org
KOI 2853.01,0.0,0.0,0.003,0.1,0.0047,1753.0,1475.0,3.067,1.407,1.3766,13.0,,5022.0,4.485,True,exoplanets.org
KOI 2855.01,0.001,0.0,0.002,0.12,0.007849,2116.0,1779.0,3.16,1.4008,1.0562,12.7,,5487.0,4.333,True,exoplanets.org
KOI 2859.03,0.0,0.0,0.01,0.05,0.000437,1227.0,1032.0,2.622,4.2889,2.599,12.1,,5374.0,4.555,True,exoplanets.org
KOI 2859.04,0.0,0.0,0.011,0.05,0.000437,1397.0,1174.0,2.622,2.9051,2.293,12.1,,5374.0,4.555,True,exoplanets.org
KOI 2859.05,0.0,0.0,0.008,0.06,0.000725,1134.0,954.0,2.715,5.431,2.469,12.1,,5374.0,4.555,True,exoplanets.org
KOI 2860.01,0.0,0.0,0.003,0.28,0.03115,541.0,455.0,2.987,103.427,5.03,14.1,,6208.0,4.454,True,exoplanets.org
KOI 2862.01,0.0,0.0,0.004,0.15,0.012408,411.0,345.0,3.157,24.5753,2.258,12.8,,3678.0,4.755,True,exoplanets.org
KOI 2869.02,0.0,0.0,0.003,0.19,0.01657,429.0,361.0,3.044,274.743,9.137,12.4,,6277.0,4.306,True,exoplanets.org
KOI 2871.01,0.0,0.0,0.002,0.12,0.009828,1049.0,882.0,3.2,12.0999,3.558,13.1,,5553.0,4.33,True,exoplanets.org
KOI 2871.02,0.0,0.0,0.002,0.1,0.005153,1376.0,1157.0,3.084,5.3638,2.94,13.1,,5553.0,4.33,True,exoplanets.org
KOI 2871.04,0.0,0.0,0.002,0.09,0.003035,1206.0,1014.0,2.984,7.9788,2.874,13.1,,5553.0,4.33,True,exoplanets.org
KOI 2874.01,0.003,0.001,0.006,0.09,0.003147,2860.0,2405.0,2.991,0.3525,1.0525,13.2,,5465.0,4.598,True,exoplanets.org
KOI 2878.01,0.0,0.0,0.003,0.1,0.004848,1243.0,1045.0,3.073,3.8952,1.689,12.7,,5018.0,4.492,True,exoplanets.org
KOI 288.01,0.002,0.003,0.016,0.27,0.028756,1574.0,1324.0,2.986,10.2753,6.3093,9.7,,6150.0,3.96,True,exoplanets.org
KOI 289.01,0.0,0.001,0.012,0.28,0.030532,965.0,811.0,2.987,26.6294,7.8709,11.2,,5866.0,4.117,True,exoplanets.org
KOI 2890.01,0.0,0.0,0.002,0.12,0.009828,1124.0,945.0,3.2,8.9883,4.96,13.6,,5984.0,4.521,True,exoplanets.org
KOI 2899.01,0.0,0.0,0.002,0.14,0.011749,1189.0,1000.0,3.188,5.7721,2.605,14.1,,5591.0,4.559,True,exoplanets.org
KOI 2900.01,0.0,0.0,0.004,0.19,0.015826,550.0,463.0,3.057,46.1513,5.346,13.2,,5204.0,4.525,True,exoplanets.org
KOI 2906.02,0.0,0.0,0.002,0.16,0.013539,551.0,463.0,3.114,145.8819,11.342,12.3,,6052.0,4.183,True,exoplanets.org
KOI 2906.03,0.0,0.0,0.002,0.11,0.0065,1036.0,871.0,3.126,21.9424,7.447,12.3,,6052.0,4.183,True,exoplanets.org
KOI 2914.01,0.0,0.001,0.006,0.26,0.026049,1443.0,1214.0,2.987,21.1182,9.734,11.0,,6461.0,3.779,True,exoplanets.org
KOI 2915.01,0.0,0.0,0.005,0.09,0.002927,1298.0,1091.0,2.977,5.0609,2.586,12.0,,5637.0,4.492,True,exoplanets.org
KOI 2919.01,0.102,0.136,0.163,2.3,1.0,1567.0,1318.0,2.669,2.5226,1.406,13.1,,5591.0,4.559,True,exoplanets.org
KOI 2921.01,0.0,0.0,0.002,0.13,0.012363,785.0,660.0,3.239,16.6146,2.706,13.5,,5295.0,4.548,True,exoplanets.org
KOI 2923.01,0.0,0.0,0.003,0.11,0.005802,1086.0,913.0,3.106,5.8389,1.1066,12.7,,5279.0,4.588,True,exoplanets.org
KOI 2924.02,0.0,0.0,0.003,0.17,0.014147,929.0,781.0,3.096,8.8569,0.606,12.5,,5017.0,4.516,True,exoplanets.org
KOI 2925.01,0.002,0.001,0.004,0.1,0.004554,2647.0,2226.0,3.061,0.7165,0.655,11.7,,5552.0,4.349,True,exoplanets.org
KOI 2926.05,0.0,0.0,0.008,0.31,0.038369,308.0,259.0,2.997,75.7312,4.859,13.3,,3891.0,4.718,True,exoplanets.org
KOI 2927.01,0.0,0.0,0.003,0.21,0.018097,876.0,737.0,3.024,24.436,6.254,14.3,,6197.0,4.449,True,exoplanets.org
KOI 2935.01,0.0,0.0,0.003,0.14,0.011749,885.0,745.0,3.188,27.8813,6.346,12.4,,6434.0,4.414,True,exoplanets.org
KOI 2942.01,0.0,0.0,0.004,0.18,0.014956,909.0,764.0,3.075,13.843,4.077,13.7,,5745.0,4.559,True,exoplanets.org
KOI 2942.02,0.0,0.0,0.004,0.2,0.017465,754.0,634.0,3.031,24.2759,4.59,13.7,,5745.0,4.559,True,exoplanets.org
KOI 2945.01,0.0,0.0,0.002,0.22,0.020565,813.0,684.0,3.004,19.9475,1.756,14.3,,5749.0,4.547,True,exoplanets.org
KOI 2948.01,0.0,0.0,0.007,0.09,0.003377,1152.0,969.0,3.005,11.3917,5.0,10.3,,5557.0,4.198,True,exoplanets.org
KOI 2949.01,0.0,0.0,0.003,0.09,0.003619,1281.0,1077.0,3.018,10.1747,5.179,11.9,,5866.0,4.191,True,exoplanets.org
KOI 2949.02,0.0,0.0,0.004,0.08,0.001915,1786.0,1502.0,2.897,3.7503,3.246,11.9,,5866.0,4.191,True,exoplanets.org
KOI 2957.01,0.0,0.0,0.006,0.07,0.001188,1082.0,910.0,2.807,4.6449,2.456,12.3,,4786.0,4.54,True,exoplanets.org
KOI 2958.01,0.0,0.0,0.002,0.17,0.014226,824.0,693.0,3.094,31.6084,3.675,13.4,,6341.0,4.446,True,exoplanets.org
KOI 2959.01,0.0,0.0,0.008,0.18,0.01547,591.0,497.0,3.064,16.1559,3.798,13.3,,4504.0,4.713,True,exoplanets.org
KOI 2962.01,0.0,0.0,0.004,0.08,0.002428,1960.0,1648.0,2.942,2.1729,2.139,12.8,,6164.0,4.446,True,exoplanets.org
KOI 2963.02,0.0,0.0,0.001,0.13,0.010551,1383.0,1163.0,3.212,7.351,2.757,13.2,,5951.0,4.283,True,exoplanets.org
KOI 2967.01,0.0,0.0,0.005,0.21,0.018097,641.0,539.0,3.024,37.3033,7.793,13.7,,5646.0,4.55,True,exoplanets.org
KOI 2968.01,0.001,0.001,0.004,0.18,0.01504,1806.0,1518.0,3.073,10.1644,6.017,10.3,,6133.0,3.718,True,exoplanets.org
KOI 2970.01,0.0,0.0,0.004,0.1,0.004136,1726.0,1452.0,3.043,4.8205,3.588,11.6,,6046.0,4.158,True,exoplanets.org
KOI 2971.01,0.0,0.0,0.004,0.11,0.007059,1636.0,1376.0,3.141,6.096,5.502,11.4,,6313.0,4.228,True,exoplanets.org
KOI 2971.02,0.0,0.0,0.004,0.15,0.012476,942.0,792.0,3.154,31.9534,8.424,11.4,,6313.0,4.228,True,exoplanets.org
KOI 2972.01,0.0,0.0,0.003,0.18,0.014956,1105.0,929.0,3.075,13.2511,4.996,13.5,,5850.0,4.297,True,exoplanets.org
KOI 2976.01,0.0,0.0,0.003,0.17,0.014626,654.0,550.0,3.083,21.6131,1.52,13.9,,5267.0,4.681,True,exoplanets.org
KOI 298.02,0.0,0.0,0.006,0.14,0.012274,516.0,434.0,3.163,57.384,4.336,10.9,,5250.0,4.541,True,exoplanets.org
KOI 2982.01,0.0,0.0,0.002,0.12,0.009364,1323.0,1112.0,3.191,4.0223,0.853,12.5,,5516.0,4.544,True,exoplanets.org
KOI 2984.01,0.0,0.0,0.003,0.1,0.0047,1268.0,1066.0,3.067,11.4554,4.95,11.6,,6231.0,4.276,True,exoplanets.org
KOI 2989.01,0.0,0.0,0.003,0.12,0.008055,1069.0,899.0,3.165,6.3313,2.688,13.6,,5383.0,4.603,True,exoplanets.org
KOI 2992.01,0.0,0.0,0.004,0.18,0.015383,303.0,255.0,3.065,82.6595,3.48,13.0,,3952.0,4.716,True,exoplanets.org
KOI 3004.02,0.0,0.001,0.003,0.24,0.023332,1523.0,1281.0,2.992,7.0397,3.141,13.5,,5902.0,4.128,True,exoplanets.org
KOI 3007.01,0.0,0.0,0.002,0.13,0.011827,1016.0,855.0,3.232,11.1916,2.1,12.9,,5646.0,4.464,True,exoplanets.org
KOI 3013.01,0.026,0.056,0.06,1.73,1.0,1409.0,1185.0,2.918,3.7656,1.288,13.1,,5743.0,4.553,True,exoplanets.org
KOI 3017.01,0.0,0.0,0.007,0.06,0.000764,1808.0,1520.0,2.725,2.4629,1.724,11.8,,5893.0,4.395,True,exoplanets.org
KOI 3019.01,0.0,0.0,0.002,0.14,0.011621,1551.0,1304.0,3.195,4.1794,2.647,13.1,,5633.0,4.296,True,exoplanets.org
KOI 3019.02,0.0,0.0,0.003,0.09,0.003035,1981.0,1666.0,2.984,2.0121,2.157,13.1,,5633.0,4.296,True,exoplanets.org
KOI 3020.01,0.0,0.0,0.002,0.17,0.014305,1439.0,1210.0,3.091,10.9193,4.572,12.0,,5745.0,3.939,True,exoplanets.org
KOI 3022.01,0.0,0.0,0.002,0.11,0.006869,1601.0,1346.0,3.136,2.7626,1.821,13.6,,5772.0,4.528,True,exoplanets.org
KOI 3022.02,0.0,0.0,0.002,0.11,0.006145,1309.0,1101.0,3.116,5.0537,2.514,13.6,,5772.0,4.528,True,exoplanets.org
KOI 3027.01,0.0,0.0,0.002,0.12,0.009137,1025.0,862.0,3.187,6.0703,1.341,13.4,,5076.0,4.598,True,exoplanets.org
KOI 3028.02,0.0,0.0,0.001,0.19,0.0161,271.0,228.0,3.052,458.1675,6.97,14.2,,5536.0,4.566,True,exoplanets.org
KOI 3029.01,0.0,0.0,0.003,0.2,0.017362,829.0,697.0,3.032,18.9763,2.379,13.1,,5300.0,4.385,True,exoplanets.org
KOI 3029.02,0.0,0.0,0.002,0.12,0.008914,1194.0,1004.0,3.183,6.3472,3.097,13.1,,5300.0,4.385,True,exoplanets.org
KOI 3031.01,0.0,0.0,0.002,0.11,0.005802,1092.0,918.0,3.106,7.6481,2.216,13.7,,5641.0,4.554,True,exoplanets.org
KOI 3034.01,0.0,0.0,0.004,0.15,0.012544,379.0,319.0,3.152,31.0209,2.012,12.6,,3720.0,4.764,True,exoplanets.org
KOI 3037.01,0.0,0.0,0.002,0.11,0.0065,1204.0,1013.0,3.126,5.4654,3.209,14.0,,5612.0,4.566,True,exoplanets.org
KOI 304.02,0.0,0.0,0.01,0.04,0.00021,1260.0,1059.0,2.49,5.5182,1.81,11.1,,5767.0,4.538,True,exoplanets.org
KOI 3040.01,0.0,0.0,0.002,0.14,0.012075,1400.0,1177.0,3.172,4.81,1.97,14.0,,5988.0,4.507,True,exoplanets.org
KOI 3041.01,0.0,0.0,0.003,0.1,0.005153,1538.0,1293.0,3.084,5.0829,2.515,12.7,,6217.0,4.375,True,exoplanets.org
KOI 3042.01,0.0,0.0,0.002,0.17,0.014384,774.0,651.0,3.089,31.0259,5.692,14.5,,6075.0,4.486,True,exoplanets.org
KOI 3043.01,0.0,0.0,0.003,0.1,0.004003,1768.0,1487.0,3.037,3.0894,3.214,13.3,,6137.0,4.418,True,exoplanets.org
KOI 3043.02,0.0,0.0,0.004,0.07,0.001032,1176.0,989.0,2.78,7.293,4.053,13.3,,5959.0,4.549,True,exoplanets.org
KOI 3045.01,0.0,0.0,0.003,0.23,0.021084,697.0,586.0,3.001,44.8702,4.199,14.2,,6122.0,4.471,True,exoplanets.org
KOI 3048.01,0.0,0.0,0.003,0.09,0.002822,1245.0,1047.0,2.97,4.7329,1.746,13.0,,5595.0,4.581,True,exoplanets.org
KOI 3050.01,0.001,0.0,0.004,0.09,0.003377,1935.0,1627.0,3.005,1.2426,1.763,13.6,,5520.0,4.572,True,exoplanets.org
KOI 3051.01,0.0,0.0,0.002,0.13,0.011306,1042.0,876.0,3.224,11.6824,2.71,13.7,,6089.0,4.527,True,exoplanets.org
KOI 3052.01,0.0,0.0,0.006,0.07,0.001302,957.0,805.0,2.824,10.1296,3.044,11.8,,5383.0,4.528,True,exoplanets.org
KOI 3052.02,0.0,0.0,0.005,0.08,0.002247,828.0,697.0,2.927,15.6112,3.873,11.8,,5383.0,4.528,True,exoplanets.org
KOI 3053.02,0.0,0.0,0.002,0.12,0.009594,1093.0,919.0,3.196,9.4767,3.893,14.1,,5911.0,4.519,True,exoplanets.org
KOI 3061.01,0.0,0.001,0.006,0.21,0.018315,1049.0,882.0,3.021,7.3285,1.211,12.2,,5135.0,4.464,True,exoplanets.org
KOI 3065.01,0.001,0.0,0.004,0.09,0.003147,2350.0,1976.0,2.991,0.8964,1.113,13.0,,5837.0,4.502,True,exoplanets.org
KOI 3066.01,0.0,0.0,0.003,0.19,0.016008,657.0,553.0,3.053,24.2204,3.271,13.7,,5165.0,4.599,True,exoplanets.org
KOI 3068.01,0.0,0.0,0.005,0.08,0.001764,1106.0,930.0,2.881,3.9168,2.072,12.8,,4889.0,4.637,True,exoplanets.org
KOI 3068.02,0.0,0.0,0.005,0.07,0.001691,927.0,779.0,2.873,6.6517,2.325,12.8,,4889.0,4.637,True,exoplanets.org
KOI 3069.01,0.0,0.0,0.003,0.17,0.014147,701.0,589.0,3.096,43.1024,7.124,13.2,,5741.0,4.365,True,exoplanets.org
KOI 3073.01,0.0,0.0,0.002,0.11,0.005635,1064.0,894.0,3.1,7.4099,1.131,12.7,,5462.0,4.56,True,exoplanets.org
KOI 3075.01,0.0,0.0,0.005,0.08,0.002336,1518.0,1276.0,2.934,4.7656,2.2,11.5,,5702.0,4.258,True,exoplanets.org
KOI 3077.01,0.0,0.0,0.003,0.15,0.012408,1107.0,931.0,3.157,4.0958,1.704,13.7,,4791.0,4.577,True,exoplanets.org
KOI 3077.02,0.0,0.0,0.002,0.13,0.011565,902.0,759.0,3.228,7.5584,2.91,13.7,,4791.0,4.577,True,exoplanets.org
KOI 3078.01,0.0,0.0,0.002,0.1,0.005311,1762.0,1482.0,3.09,2.9862,2.969,13.8,,6173.0,4.447,True,exoplanets.org
KOI 308.01,0.0,0.001,0.016,0.33,0.045399,839.0,706.0,3.009,35.597,6.691,11.0,,6212.0,4.309,True,exoplanets.org
KOI 3083.01,0.0,0.0,0.005,0.07,0.001362,1127.0,948.0,2.832,10.1832,3.137,11.4,,5843.0,4.421,True,exoplanets.org
KOI 3083.02,0.0,0.0,0.006,0.05,0.000552,1327.0,1116.0,2.665,6.2321,2.85,11.4,,5843.0,4.421,True,exoplanets.org
KOI 3083.03,0.0,0.0,0.007,0.06,0.000688,1207.0,1015.0,2.705,8.2943,3.976,11.4,,5843.0,4.421,True,exoplanets.org
KOI 3086.01,0.0,0.0,0.003,0.27,0.028004,373.0,314.0,2.986,174.7315,8.257,13.9,,5201.0,4.447,True,exoplanets.org
KOI 3088.01,0.0,0.0,0.002,0.1,0.005311,1473.0,1238.0,3.09,3.4841,1.422,13.3,,5696.0,4.519,True,exoplanets.org
KOI 3088.02,0.0,0.0,0.002,0.17,0.014464,591.0,497.0,3.087,67.8767,2.598,13.3,,6018.0,4.485,True,exoplanets.org
KOI 3089.01,0.001,0.0,0.004,0.08,0.001994,2173.0,1828.0,2.904,0.8585,1.1,13.3,,5269.0,4.491,True,exoplanets.org
KOI 3090.01,0.0,0.0,0.006,0.09,0.003744,781.0,657.0,3.024,3.8222,1.924,12.7,,3729.0,4.733,True,exoplanets.org
KOI 3091.01,0.0,0.0,0.002,0.14,0.012274,999.0,840.0,3.163,17.0676,6.026,14.0,,6347.0,4.464,True,exoplanets.org
KOI 3091.02,0.0,0.0,0.002,0.1,0.004848,1292.0,1086.0,3.073,7.907,4.634,14.0,,6347.0,4.464,True,exoplanets.org
KOI 3094.01,0.0,0.0,0.004,0.12,0.008478,737.0,619.0,3.174,4.577,0.949,12.8,,3805.0,4.767,True,exoplanets.org
KOI 3095.01,0.0,0.0,0.002,0.11,0.006869,1575.0,1324.0,3.136,3.4239,1.773,13.5,,5788.0,4.442,True,exoplanets.org
KOI 3102.01,0.0,0.0,0.009,0.05,0.000552,512.0,430.0,2.665,9.3211,1.81,13.1,,3773.0,4.925,True,exoplanets.org
KOI 3104.01,0.001,0.001,0.004,0.16,0.013174,2042.0,1717.0,3.127,1.2369,1.242,13.6,,5621.0,4.514,True,exoplanets.org
KOI 3105.01,0.0,0.0,0.007,0.09,0.003619,1153.0,970.0,3.018,4.2122,7.898,13.3,,5116.0,4.591,True,exoplanets.org
KOI 3108.01,0.0,0.0,0.003,0.17,0.013992,1171.0,985.0,3.1,7.3627,1.3287,13.4,,5868.0,4.53,True,exoplanets.org
KOI 3111.01,0.0,0.0,0.005,0.08,0.002336,1150.0,967.0,2.934,10.768,3.494,11.4,,5874.0,4.338,True,exoplanets.org
KOI 3111.02,0.0,0.0,0.007,0.06,0.000725,1558.0,1311.0,2.715,4.3285,2.955,11.4,,5874.0,4.338,True,exoplanets.org
KOI 3112.01,0.0,0.0,0.001,0.13,0.010307,1599.0,1345.0,3.208,2.1189,0.822,14.1,,5504.0,4.583,True,exoplanets.org
KOI 3114.01,0.0,0.0,0.005,0.09,0.003261,1678.0,1411.0,2.998,7.4913,6.315,11.0,,6177.0,3.993,True,exoplanets.org
KOI 3117.01,0.0,0.0,0.006,0.08,0.001915,1189.0,1000.0,2.897,6.0666,1.962,11.5,,5569.0,4.521,True,exoplanets.org
KOI 3119.01,0.0,0.0,0.011,0.08,0.002522,687.0,577.0,2.949,2.1844,1.0422,13.5,,3421.0,5.014,True,exoplanets.org
KOI 3123.01,0.0,0.0,0.002,0.17,0.014626,1040.0,875.0,3.083,15.2311,3.91,13.5,,5836.0,4.316,True,exoplanets.org
KOI 3128.01,0.0,0.0,0.002,0.23,0.021894,1362.0,1146.0,2.997,21.236,4.019,11.9,,6035.0,3.745,True,exoplanets.org
KOI 3130.01,0.0,0.001,0.014,0.26,0.02622,807.0,678.0,2.987,14.8638,2.705,11.7,,5159.0,4.508,True,exoplanets.org
KOI 3130.02,0.0,0.0,0.006,0.09,0.003744,1113.0,936.0,3.024,5.6525,2.062,11.7,,5159.0,4.508,True,exoplanets.org
KOI 3136.01,0.0,0.0,0.004,0.08,0.002428,1339.0,1126.0,2.942,2.3916,1.906,13.6,,4935.0,4.589,True,exoplanets.org
KOI 3137.01,0.0,0.0,0.004,0.08,0.001764,1776.0,1493.0,2.881,1.332,1.391,13.8,,5376.0,4.616,True,exoplanets.org
Kepler-1649 b,0.0,0.0,0.013,0.1,0.004087,417.0,351.0,3.022,8.6891,1.5288,12.6,92.43,3240.0,4.98,True,exoplanets.org
KOI 314.01,0.0,0.0,0.017,0.13,0.010551,523.0,439.0,3.212,13.7811,2.3188,9.5,,3846.0,4.738,True,exoplanets.org
KOI 314.02,0.0,0.0,0.013,0.11,0.006683,440.0,370.0,3.131,23.089,1.7012,9.5,,3846.0,4.738,True,exoplanets.org
KOI 3140.01,0.0,0.0,0.005,0.09,0.003035,838.0,705.0,2.984,5.6888,2.55,12.8,,4234.0,4.63,True,exoplanets.org
KOI 3142.01,0.0,0.0,0.002,0.2,0.017059,933.0,785.0,3.037,27.943,6.125,14.0,,6468.0,4.363,True,exoplanets.org
KOI 3145.01,0.0,0.0,0.004,0.15,0.012544,1037.0,872.0,3.152,4.537,1.813,13.4,,4805.0,4.633,True,exoplanets.org
KOI 3145.02,0.001,0.0,0.004,0.09,0.003872,1728.0,1453.0,3.031,0.9773,1.403,13.4,,4805.0,4.633,True,exoplanets.org
KOI 315.01,0.0,0.0,0.013,0.18,0.015383,530.0,446.0,3.065,35.5835,3.9885,10.8,,4894.0,4.637,True,exoplanets.org
KOI 316.03,0.0,0.001,0.006,0.19,0.0161,1263.0,1062.0,3.052,7.3057,1.4228,11.2,,5620.0,4.333,True,exoplanets.org
KOI 3165.01,0.001,0.001,0.01,0.09,0.003377,2055.0,1728.0,3.005,4.1175,4.362,9.2,,6263.0,4.024,True,exoplanets.org
KOI 3168.01,0.0,0.0,0.008,0.09,0.003872,762.0,641.0,3.031,56.348,8.789,9.0,,5843.0,4.086,True,exoplanets.org
KOI 317.02,0.0,0.0,0.004,0.09,0.003035,1300.0,1093.0,2.984,11.5059,5.583,11.7,,6336.0,4.266,True,exoplanets.org
KOI 3179.01,0.0,0.0,0.007,0.09,0.003497,1283.0,1078.0,3.011,5.9908,1.699,10.6,,5721.0,4.442,True,exoplanets.org
KOI 3184.01,0.0,0.0,0.01,0.06,0.000805,1410.0,1185.0,2.734,7.5459,4.0329,9.8,,5788.0,4.178,True,exoplanets.org
KOI 3184.03,0.0,0.0,0.013,0.05,0.000521,1738.0,1461.0,2.654,4.0202,3.616,9.8,,5788.0,4.178,True,exoplanets.org
KOI 3190.01,0.0,0.0,0.005,0.08,0.001838,1315.0,1106.0,2.889,8.9529,2.995,11.0,,6047.0,4.266,True,exoplanets.org
KOI 3196.01,0.0,0.0,0.01,0.05,0.000492,1654.0,1391.0,2.644,4.9606,2.864,10.3,,6117.0,4.244,True,exoplanets.org
KOI 3196.02,0.0,0.0,0.006,0.07,0.001244,1483.0,1247.0,2.815,6.883,2.065,10.3,,6117.0,4.244,True,exoplanets.org
KOI 3197.01,0.0,0.0,0.008,0.09,0.002719,954.0,802.0,2.963,22.5995,4.38,10.3,,6335.0,4.375,True,exoplanets.org
KOI 3202.01,0.0,0.0,0.006,0.26,0.025543,733.0,616.0,2.988,92.4611,14.344,10.0,,5132.0,3.675,True,exoplanets.org
KOI 3203.01,0.0,0.0,0.005,0.28,0.031782,851.0,716.0,2.988,96.8165,10.227,10.8,,6404.0,3.793,True,exoplanets.org
KOI 3206.01,0.0,0.0,0.002,0.12,0.009594,956.0,804.0,3.196,15.1516,5.105,13.6,,5780.0,4.438,True,exoplanets.org
KOI 3208.01,0.0,0.0,0.013,0.05,0.000411,1869.0,1572.0,2.611,2.1317,1.8585,10.7,,5849.0,4.426,True,exoplanets.org
KOI 3209.01,0.001,0.001,0.007,0.23,0.021756,1614.0,1358.0,2.998,11.9126,6.126,10.7,,6337.0,3.893,True,exoplanets.org
KOI 3209.02,0.001,0.001,0.005,0.17,0.014305,1949.0,1639.0,3.091,6.7707,5.982,10.7,,6337.0,3.893,True,exoplanets.org
KOI 3214.01,0.0,0.001,0.005,0.14,0.011685,1436.0,1207.0,3.192,11.495,7.602,10.5,,6033.0,3.985,True,exoplanets.org
KOI 3214.02,0.0,0.0,0.003,0.12,0.008914,1107.0,931.0,3.183,25.0902,8.273,10.5,,6033.0,3.985,True,exoplanets.org
KOI 3224.01,0.0,0.0,0.004,0.09,0.003261,1752.0,1473.0,2.998,3.4386,1.264,10.5,,5383.0,4.112,True,exoplanets.org
KOI 3225.01,0.0,0.0,0.006,0.07,0.001423,1534.0,1290.0,2.84,4.8755,1.902,10.5,,5513.0,4.179,True,exoplanets.org
KOI 3226.02,0.0,0.001,0.004,0.13,0.011557,1698.0,1427.0,3.198,6.9365,3.674,11.1,,6615.0,4.173,True,exoplanets.org
KOI 3232.01,0.0,0.0,0.005,0.11,0.006145,1269.0,1067.0,3.116,6.0592,1.365,10.8,,5734.0,4.462,True,exoplanets.org
KOI 3236.01,0.0,0.0,0.002,0.11,0.005635,1820.0,1531.0,3.1,7.1304,2.566,11.0,,6312.0,3.964,True,exoplanets.org
KOI 3248.01,0.0,0.0,0.008,0.06,0.000652,1275.0,1072.0,2.695,6.9126,2.359,10.9,,5761.0,4.383,True,exoplanets.org
KOI 3258.01,0.0,0.0,0.002,0.17,0.014147,623.0,524.0,3.096,40.3512,3.97,14.0,,5665.0,4.568,True,exoplanets.org
KOI 3259.01,0.0,0.0,0.003,0.22,0.019696,506.0,426.0,3.009,72.9333,3.829,13.8,,5316.0,4.47,True,exoplanets.org
KOI 3263.01,0.0,0.0,0.022,0.69,0.199247,263.0,221.0,3.019,76.8794,2.3819,12.7,,3638.0,4.828,True,exoplanets.org
KOI 3264.01,0.0,0.0,0.003,0.12,0.009137,723.0,608.0,3.187,13.0152,3.613,13.7,,4794.0,4.622,True,exoplanets.org
KOI 3267.01,0.0,0.0,0.002,0.15,0.012544,1063.0,894.0,3.152,14.196,3.605,13.2,,6214.0,4.442,True,exoplanets.org
KOI 3271.01,0.0,0.0,0.002,0.17,0.014226,753.0,633.0,3.094,19.549,1.78,13.9,,5549.0,4.6,True,exoplanets.org
KOI 3271.02,0.0,0.0,0.002,0.1,0.0047,1040.0,875.0,3.067,7.4183,2.462,13.9,,5549.0,4.6,True,exoplanets.org
KOI 3279.01,0.0,0.0,0.003,0.22,0.019339,760.0,639.0,3.012,30.8278,4.214,14.2,,5982.0,4.493,True,exoplanets.org
KOI 3283.02,0.0,0.0,0.002,0.12,0.008694,647.0,544.0,3.178,20.5718,3.399,13.1,,4922.0,4.624,True,exoplanets.org
KOI 3283.03,0.0,0.0,0.002,0.15,0.012961,404.0,339.0,3.135,87.7075,2.184,13.1,,4944.0,4.614,True,exoplanets.org
KOI 3301.01,0.0,0.0,0.002,0.1,0.0047,813.0,684.0,3.067,20.7106,2.693,12.5,,5631.0,4.478,True,exoplanets.org
KOI 3307.01,0.0,0.0,0.002,0.13,0.010307,958.0,806.0,3.208,10.5072,2.68,13.7,,5290.0,4.46,True,exoplanets.org
KOI 3309.01,0.0,0.0,0.007,0.53,0.122269,507.0,426.0,3.037,71.0546,1.9162,12.7,,5290.0,4.46,True,exoplanets.org
KOI 331.02,0.015,0.044,0.06,2.08,1.0,1310.0,1102.0,2.76,10.5229,1.911,11.8,,5548.0,4.038,True,exoplanets.org
KOI 3310.01,0.0,0.0,0.005,0.15,0.012408,789.0,663.0,3.157,20.5513,4.639,11.9,,5401.0,4.464,True,exoplanets.org
KOI 3312.01,0.0,0.0,0.002,0.17,0.014384,864.0,727.0,3.089,18.0939,3.294,14.2,,5904.0,4.543,True,exoplanets.org
KOI 3313.01,0.0,0.006,0.059,1.94,1.0,558.0,469.0,2.819,34.9524,1.717,12.6,,4921.0,4.591,True,exoplanets.org
KOI 3318.01,0.0,0.001,0.006,0.34,0.047261,1051.0,884.0,3.013,13.8354,4.961,14.0,,6020.0,4.403,True,exoplanets.org
KOI 3318.02,0.0,0.0,0.004,0.34,0.048868,855.0,719.0,3.016,25.6971,3.739,14.0,,6020.0,4.403,True,exoplanets.org
KOI 3319.01,0.0,0.0,0.003,0.24,0.022173,1065.0,896.0,2.996,19.5906,6.745,13.5,,5794.0,4.118,True,exoplanets.org
KOI 332.02,0.0,0.0,0.006,0.07,0.001362,1324.0,1113.0,2.832,6.8667,4.216,11.5,,5914.0,4.396,True,exoplanets.org
KOI 3323.01,0.0,0.0,0.002,0.18,0.015647,1105.0,929.0,3.06,14.3196,3.781,13.5,,5562.0,4.151,True,exoplanets.org
KOI 3329.01,0.0,0.0,0.003,0.19,0.01657,1106.0,930.0,3.044,12.6878,4.262,14.3,,6258.0,4.442,True,exoplanets.org
KOI 3335.01,0.0,0.0,0.002,0.2,0.017883,826.0,695.0,3.026,31.2543,5.662,14.4,,6246.0,4.433,True,exoplanets.org
KOI 3337.01,0.0,0.0,0.002,0.14,0.011879,942.0,792.0,3.182,11.1662,3.389,14.1,,5552.0,4.562,True,exoplanets.org
KOI 3339.01,0.0,0.0,0.006,0.23,0.020953,830.0,698.0,3.002,23.1334,3.602,12.9,,5712.0,4.382,True,exoplanets.org
KOI 3340.01,0.0,0.0,0.005,0.07,0.001691,1200.0,1009.0,2.873,8.954,4.898,12.4,,6168.0,4.452,True,exoplanets.org
KOI 3340.02,0.0,0.0,0.004,0.09,0.003872,1041.0,875.0,3.031,13.7281,5.304,12.4,,6168.0,4.452,True,exoplanets.org
KOI 3341.01,0.0,0.0,0.003,0.19,0.016286,910.0,765.0,3.048,27.0965,8.42,13.4,,5775.0,4.193,True,exoplanets.org
KOI 3341.02,0.0,0.0,0.002,0.13,0.012093,1209.0,1017.0,3.235,11.5475,6.684,13.4,,5775.0,4.193,True,exoplanets.org
KOI 3343.01,0.0,0.0,0.002,0.26,0.026049,571.0,480.0,2.987,83.2664,2.813,13.3,,5538.0,4.266,True,exoplanets.org
KOI 3344.01,0.0,0.0,0.002,0.17,0.014147,1094.0,920.0,3.096,11.6045,3.409,13.6,,5533.0,4.275,True,exoplanets.org
KOI 3344.03,0.0,0.0,0.003,0.25,0.025212,418.0,351.0,2.988,208.5434,9.851,13.6,,5533.0,4.275,True,exoplanets.org
KOI 3347.01,0.0,0.0,0.002,0.13,0.012363,877.0,738.0,3.239,12.9024,2.446,13.5,,5530.0,4.586,True,exoplanets.org
KOI 3348.02,0.0,0.0,0.001,0.13,0.011051,927.0,779.0,3.22,17.719,4.102,13.6,,5566.0,4.329,True,exoplanets.org
KOI 3354.01,0.0,0.0,0.002,0.12,0.008478,1002.0,842.0,3.174,11.5706,3.073,13.2,,5718.0,4.479,True,exoplanets.org
KOI 3355.01,0.0,0.0,0.002,0.14,0.012141,1004.0,845.0,3.169,16.2953,4.882,13.5,,6187.0,4.432,True,exoplanets.org
KOI 3358.01,0.0,0.001,0.009,0.36,0.056131,977.0,821.0,3.028,10.104,1.0022,12.3,,5530.0,4.541,True,exoplanets.org
KOI 3361.01,0.0,0.0,0.003,0.21,0.018315,590.0,496.0,3.021,65.9408,7.776,14.0,,5982.0,4.493,True,exoplanets.org
KOI 3367.01,0.0,0.0,0.002,0.17,0.014147,849.0,714.0,3.096,25.3737,2.619,13.5,,6195.0,4.47,True,exoplanets.org
KOI 3368.01,0.0,0.0,0.002,0.13,0.011306,1097.0,922.0,3.224,10.0854,1.75,13.3,,5947.0,4.487,True,exoplanets.org
KOI 337.02,0.0,0.0,0.003,0.14,0.011879,442.0,372.0,3.182,154.6074,9.225,12.4,,6017.0,4.508,True,exoplanets.org
KOI 3370.01,0.0,0.0,0.002,0.14,0.011621,647.0,544.0,3.195,24.3525,2.782,12.6,,4891.0,4.516,True,exoplanets.org
KOI 3371.01,0.0,0.0,0.003,0.12,0.008265,525.0,441.0,3.169,58.1264,4.018,12.0,,5413.0,4.579,True,exoplanets.org
KOI 3372.01,0.0,0.0,0.003,0.2,0.017777,858.0,722.0,3.027,26.7576,5.858,13.9,,6215.0,4.44,True,exoplanets.org
KOI 3374.02,0.0,0.0,0.002,0.17,0.014708,960.0,808.0,3.081,34.1087,6.405,13.1,,6144.0,4.106,True,exoplanets.org
KOI 3375.01,0.0,0.0,0.003,0.23,0.021217,646.0,543.0,3.0,47.0563,4.807,14.1,,5889.0,4.492,True,exoplanets.org
KOI 3377.01,0.0,0.0,0.004,0.09,0.003035,658.0,554.0,2.984,10.01,1.35,12.8,,4338.0,4.731,True,exoplanets.org
KOI 3383.01,0.0,0.0,0.003,0.19,0.015916,623.0,524.0,3.055,37.8863,5.218,14.0,,5513.0,4.551,True,exoplanets.org
KOI 3384.01,0.0,0.002,0.011,0.35,0.050862,1170.0,983.0,3.02,10.5484,1.872,11.7,,6047.0,4.387,True,exoplanets.org
KOI 3389.01,0.0,0.0,0.002,0.36,0.053994,1193.0,1003.0,3.026,29.7682,9.425,13.0,,5640.0,3.679,True,exoplanets.org
KOI 339.03,0.0,0.0,0.006,0.22,0.019576,823.0,692.0,3.01,35.8656,8.035,12.4,,6078.0,4.29,True,exoplanets.org
KOI 3391.01,0.0,0.0,0.003,0.11,0.007447,437.0,367.0,3.151,36.7662,3.305,13.2,,4342.0,4.699,True,exoplanets.org
KOI 3394.01,0.0,0.0,0.002,0.16,0.013465,1031.0,867.0,3.117,15.5764,5.382,14.0,,6214.0,4.442,True,exoplanets.org
KOI 3395.01,0.0,0.0,0.003,0.1,0.004554,1103.0,927.0,3.061,10.0051,3.481,13.0,,5912.0,4.453,True,exoplanets.org
KOI 3395.02,0.0,0.0,0.005,0.07,0.001302,1387.0,1166.0,2.824,5.0396,4.556,13.0,,5912.0,4.453,True,exoplanets.org
KOI 3396.01,0.0,0.0,0.003,0.16,0.013688,670.0,564.0,3.11,36.2581,5.917,14.0,,5818.0,4.554,True,exoplanets.org
KOI 3397.01,0.0,0.0,0.002,0.21,0.018536,869.0,731.0,3.019,35.8754,3.972,14.0,,6559.0,4.357,True,exoplanets.org
KOI 3398.02,0.0,0.001,0.003,0.71,0.220709,1288.0,1083.0,3.034,35.8007,8.219,12.3,,5745.0,3.499,True,exoplanets.org
KOI 3398.03,0.002,0.001,0.002,0.32,0.041321,2604.0,2190.0,3.002,4.3271,3.872,12.3,,5745.0,3.499,True,exoplanets.org
KOI 3401.01,0.0,0.0,0.004,0.17,0.01479,974.0,819.0,3.079,17.956,6.237,12.7,,5641.0,4.258,True,exoplanets.org
KOI 3401.02,0.0,0.0,0.003,0.2,0.01696,368.0,310.0,3.038,326.6708,10.84,12.7,,5896.0,4.343,True,exoplanets.org
KOI 3403.02,0.0,0.0,0.004,0.11,0.005971,1576.0,1325.0,3.111,6.1583,6.329,11.6,,5710.0,4.073,True,exoplanets.org
KOI 3408.01,0.0,0.0,0.003,0.15,0.012476,589.0,495.0,3.154,65.4276,9.404,13.2,,6014.0,4.504,True,exoplanets.org
KOI 341.01,0.0,0.002,0.014,0.24,0.023482,1157.0,973.0,2.992,7.1707,2.9225,11.7,,5497.0,4.437,True,exoplanets.org
KOI 341.02,0.0,0.001,0.007,0.16,0.013103,1332.0,1120.0,3.13,4.6997,2.553,11.7,,5497.0,4.437,True,exoplanets.org
KOI 3410.02,0.0,0.0,0.002,0.22,0.019576,689.0,579.0,3.01,61.5698,9.75,13.9,,5626.0,4.149,True,exoplanets.org
KOI 3416.01,0.0,0.0,0.003,0.11,0.006869,913.0,768.0,3.136,11.8237,8.518,13.7,,5559.0,4.578,True,exoplanets.org
KOI 3420.01,0.0,0.0,0.002,0.17,0.01407,1602.0,1347.0,3.098,5.7745,3.752,14.0,,5821.0,4.127,True,exoplanets.org
KOI 3420.02,0.0,0.0,0.002,0.2,0.017362,1238.0,1041.0,3.032,12.5015,3.882,14.0,,5821.0,4.127,True,exoplanets.org
KOI 3423.01,0.0,0.0,0.003,0.25,0.024566,858.0,722.0,2.989,30.2541,2.134,12.9,,6277.0,4.402,True,exoplanets.org
KOI 3425.01,0.0,0.0,0.004,0.2,0.017362,1258.0,1058.0,3.032,20.0347,6.49,11.5,,6120.0,3.934,True,exoplanets.org
KOI 3425.02,0.001,0.0,0.002,0.13,0.010307,2329.0,1959.0,3.208,3.1572,3.762,11.5,,6120.0,3.934,True,exoplanets.org
KOI 3425.03,0.0,0.0,0.003,0.17,0.013915,1734.0,1458.0,3.103,7.6437,2.738,11.5,,6120.0,3.934,True,exoplanets.org
KOI 3429.01,0.0,0.0,0.002,0.16,0.013539,986.0,829.0,3.114,15.8284,3.643,13.7,,5596.0,4.298,True,exoplanets.org
KOI 3429.04,0.0,0.0,0.002,0.17,0.013915,699.0,588.0,3.103,44.4337,6.118,13.7,,5596.0,4.298,True,exoplanets.org
KOI 3430.01,0.0,0.0,0.004,0.08,0.00216,764.0,643.0,2.919,13.9248,5.016,13.8,,5271.0,4.669,True,exoplanets.org
KOI 3433.01,0.0,0.015,0.142,3.22,1.0,657.0,553.0,2.38,34.0843,1.3521,13.3,,5252.0,4.428,True,exoplanets.org
KOI 3434.01,0.0,0.0,0.002,0.11,0.006683,1124.0,945.0,3.131,10.2856,3.043,13.5,,5841.0,4.409,True,exoplanets.org
KOI 3437.02,0.0,0.0,0.003,0.31,0.039417,913.0,768.0,2.998,34.7496,4.548,13.0,,5849.0,4.076,True,exoplanets.org
KOI 3444.01,0.0,0.0,0.015,0.07,0.001188,525.0,442.0,2.807,12.6714,2.498,10.3,,3705.0,4.721,True,exoplanets.org
KOI 3444.03,0.0,0.0,0.022,0.04,0.000279,886.0,745.0,2.541,2.636,1.309,10.3,,3705.0,4.721,True,exoplanets.org
KOI 3448.01,0.0,0.0,0.002,0.23,0.021894,884.0,743.0,2.997,32.5108,3.254,13.5,,6074.0,4.244,True,exoplanets.org
KOI 3451.01,0.0,0.0,0.002,0.14,0.012009,1241.0,1044.0,3.176,10.9075,2.764,12.7,,6414.0,4.377,True,exoplanets.org
KOI 3455.01,0.0,0.0,0.002,0.13,0.011306,925.0,778.0,3.224,14.0546,4.066,14.0,,5783.0,4.539,True,exoplanets.org
KOI 3456.02,0.0,0.0,0.002,0.11,0.005635,324.0,273.0,3.1,486.127,9.495,11.4,,6008.0,4.373,True,exoplanets.org
KOI 3459.01,0.0,0.0,0.003,0.16,0.013174,963.0,810.0,3.127,13.2226,4.337,13.6,,5931.0,4.545,True,exoplanets.org
KOI 3460.01,0.0,0.0,0.003,0.2,0.017465,726.0,611.0,3.031,62.5965,11.477,12.9,,5934.0,4.173,True,exoplanets.org
KOI 3462.01,0.0,0.0,0.002,0.17,0.014147,1091.0,917.0,3.096,12.4327,7.81,14.3,,5480.0,4.22,True,exoplanets.org
KOI 3462.02,0.0,0.0,0.002,0.2,0.017059,805.0,677.0,3.037,30.9903,9.454,14.3,,5480.0,4.22,True,exoplanets.org
KOI 3463.01,0.0,0.0,0.002,0.13,0.010551,803.0,675.0,3.212,32.5474,6.945,13.0,,6068.0,4.384,True,exoplanets.org
KOI 3469.01,0.0,0.0,0.005,0.17,0.014384,546.0,459.0,3.089,60.533,7.086,12.5,,5631.0,4.557,True,exoplanets.org
KOI 3470.01,0.0,0.0,0.002,0.14,0.012207,1033.0,868.0,3.166,15.0618,6.31,13.9,,5806.0,4.321,True,exoplanets.org
KOI 3472.01,0.0,0.0,0.002,0.1,0.004999,1178.0,991.0,3.078,10.43,2.029,13.0,,6277.0,4.449,True,exoplanets.org
KOI 3473.01,0.0,0.001,0.004,0.62,0.147701,1060.0,892.0,2.978,27.6371,1.7277,11.8,,5214.0,3.766,True,exoplanets.org
KOI 3474.01,0.0,0.0,0.003,0.16,0.013763,719.0,605.0,3.107,52.6095,8.202,12.6,,5881.0,4.259,True,exoplanets.org
KOI 3478.01,0.0,0.0,0.006,0.26,0.027455,819.0,689.0,2.986,33.4969,4.833,11.2,,4928.0,3.966,True,exoplanets.org
KOI 3480.01,0.0,0.0,0.002,0.1,0.005153,872.0,733.0,3.084,11.9378,4.652,14.2,,5469.0,4.611,True,exoplanets.org
KOI 3481.01,0.0,0.0,0.002,0.33,0.044196,1173.0,986.0,3.007,32.7159,10.79,13.0,,5527.0,3.627,True,exoplanets.org
KOI 3482.01,0.0,0.0,0.002,0.17,0.014384,1067.0,898.0,3.089,15.3318,5.467,13.4,,5726.0,4.228,True,exoplanets.org
KOI 3483.01,0.0,0.0,0.002,0.19,0.015826,617.0,518.0,3.057,82.3318,8.664,13.5,,5997.0,4.304,True,exoplanets.org
KOI 3486.01,0.0,0.0,0.006,0.15,0.012341,816.0,686.0,3.16,19.069,12.462,12.5,,5418.0,4.436,True,exoplanets.org
KOI 349.01,0.0,0.001,0.006,0.23,0.020823,1008.0,848.0,3.002,14.3868,2.1417,12.1,,5725.0,4.353,True,exoplanets.org
KOI 3493.01,0.0,0.0,0.003,0.18,0.015383,690.0,580.0,3.065,46.7162,7.259,13.6,,5856.0,4.386,True,exoplanets.org
KOI 3494.01,0.0,0.0,0.003,0.24,0.022599,587.0,493.0,2.994,42.8774,1.991,13.6,,5256.0,4.483,True,exoplanets.org
KOI 3495.01,0.0,0.0,0.002,0.15,0.012961,979.0,823.0,3.135,17.6063,6.134,13.4,,5808.0,4.326,True,exoplanets.org
KOI 3495.02,0.0,0.0,0.002,0.11,0.006869,1351.0,1136.0,3.136,6.6854,5.09,13.4,,5808.0,4.326,True,exoplanets.org
KOI 3496.02,0.0,0.0,0.002,0.14,0.012009,1638.0,1377.0,3.176,8.5434,6.149,12.5,,6602.0,4.108,True,exoplanets.org
KOI 350.01,0.0,0.0,0.005,0.18,0.015296,1027.0,864.0,3.067,12.9907,2.3748,11.9,,5787.0,4.402,True,exoplanets.org
KOI 3500.01,0.0,0.0,0.004,0.34,0.047261,881.0,740.0,3.013,73.7503,13.309,11.8,,6056.0,3.797,True,exoplanets.org
KOI 3500.02,0.001,0.0,0.002,0.14,0.011944,2197.0,1847.0,3.179,4.7483,4.947,11.8,,6056.0,3.797,True,exoplanets.org
KOI 3503.01,0.0,0.0,0.004,0.07,0.001362,878.0,738.0,2.832,21.1876,3.69,12.5,,6355.0,4.547,True,exoplanets.org
KOI 3503.02,0.0,0.0,0.004,0.07,0.001423,765.0,643.0,2.84,31.8245,4.17,12.5,,6338.0,4.545,True,exoplanets.org
KOI 3508.01,0.0,0.0,0.002,0.15,0.012613,417.0,351.0,3.149,190.8008,8.082,12.9,,5993.0,4.489,True,exoplanets.org
KOI 3680.01,0.0,0.0,0.007,1.03,1.0,457.0,385.0,3.373,141.2415,6.7645,13.1,,5705.0,4.397,True,exoplanets.org
KOI 353.01,0.0,0.001,0.005,1.03,1.0,595.0,500.0,3.366,152.106,7.4517,12.2,,6200.0,4.072,True,exoplanets.org
KOI 353.02,0.0,0.0,0.004,0.26,0.025543,1015.0,853.0,2.988,30.6529,4.99,12.2,,6200.0,4.072,True,exoplanets.org
KOI 353.03,0.0,0.0,0.003,0.18,0.014873,1421.0,1195.0,3.077,11.1619,5.195,12.2,,6200.0,4.072,True,exoplanets.org
KOI 354.02,0.0,0.0,0.005,0.1,0.004554,1212.0,1019.0,3.061,7.3787,3.349,11.7,,5936.0,4.501,True,exoplanets.org
KOI 366.01,0.001,0.012,0.03,2.07,1.0,1010.0,849.0,2.761,75.1122,4.9458,10.6,,6201.0,3.616,True,exoplanets.org
KOI 367.01,0.0,0.002,0.027,0.4,0.070377,741.0,623.0,3.031,31.5787,2.1279,9.6,,5733.0,4.442,True,exoplanets.org
KOI 3681.02,0.0,0.0,0.006,0.11,0.006869,1226.0,1031.0,3.136,10.5142,3.877,10.7,,6259.0,4.385,True,exoplanets.org
KOI 3689.01,0.027,0.028,0.018,1.14,1.0,1716.0,1443.0,3.283,5.2409,3.3656,12.6,,6452.0,4.241,True,exoplanets.org
Kepler-145 c,,,,0.32,0.042164,917.0,771.0,,42.882,9.7471,10.6,576.14,6030.0,4.02,True,exoplanets.org
Kepler-145 b,,,,0.19,0.016667,1130.0,950.0,,22.951,4.4814,10.6,576.14,6030.0,4.02,True,exoplanets.org
KOI 373.01,0.0,0.0,0.01,0.21,0.018206,448.0,377.0,3.023,135.188,8.8191,11.3,,5731.0,4.451,True,exoplanets.org
KOI 375.01,0.0,0.0,0.003,0.96,0.783294,290.0,244.0,3.32,988.8811,5.9504,11.8,,5755.0,4.101,True,exoplanets.org
KOI 3770.01,0.019,0.012,0.014,0.65,0.253176,2029.0,1706.0,3.169,2.6072,2.6452,12.8,,6366.0,4.352,True,exoplanets.org
KOI 379.02,0.0,0.0,0.002,0.16,0.013763,1088.0,915.0,3.107,23.1376,3.35,11.5,,6078.0,4.094,True,exoplanets.org
KOI 3791.01,0.0,0.0,0.012,0.65,0.16469,401.0,337.0,2.992,440.7844,21.693,12.4,,6340.0,4.163,True,exoplanets.org
KOI 3801.01,0.0,0.0,0.003,1.18,1.0,391.0,328.0,3.252,288.3129,5.419,14.2,,5672.0,4.252,True,exoplanets.org
KOI 3811.01,0.0,0.0,0.003,1.03,1.0,395.0,332.0,3.366,290.1402,2.1583,12.2,,5631.0,4.212,True,exoplanets.org
KOI 3815.01,0.002,0.003,0.005,0.65,0.248627,1507.0,1267.0,3.166,4.7426,1.11,14.1,,6161.0,4.454,True,exoplanets.org
KOI 3823.01,0.0,0.0,0.008,0.52,0.117627,372.0,313.0,3.037,202.1168,4.683,12.4,,5536.0,4.498,True,exoplanets.org
KOI 3864.01,0.001,0.001,0.012,0.09,0.003035,1755.0,1475.0,2.984,1.2107,1.434,10.9,,5014.0,4.559,True,exoplanets.org
KOI 3864.02,0.0,0.0,0.008,0.08,0.002522,711.0,598.0,2.949,18.2573,3.434,10.9,,5014.0,4.559,True,exoplanets.org
KOI 3876.01,0.0,0.0,0.007,0.17,0.01479,807.0,679.0,3.079,19.5778,1.9857,11.1,,5620.0,4.533,True,exoplanets.org
KOI 3878.02,0.0,0.0,0.003,0.13,0.010551,947.0,797.0,3.212,15.3573,1.634,11.3,,5818.0,4.464,True,exoplanets.org
KOI 388.01,0.002,0.002,0.009,0.29,0.03331,1674.0,1407.0,2.989,6.1496,5.5694,11.8,,5687.0,3.973,True,exoplanets.org
KOI 3891.01,0.01,0.151,1.092,7.05,1.0,977.0,822.0,1.698,47.1096,5.741,11.7,,5258.0,3.597,True,exoplanets.org
KOI 3908.01,0.0,0.0,0.01,0.2,0.017261,736.0,619.0,3.034,59.3628,13.972,10.5,,5786.0,4.106,True,exoplanets.org
KOI 3909.01,0.0,0.0,0.004,0.42,0.077616,477.0,401.0,3.032,247.891,18.363,13.6,,6121.0,4.163,True,exoplanets.org
KOI 3913.01,0.046,0.011,0.017,0.52,0.12057,3049.0,2564.0,3.037,0.5829,1.0528,13.5,,6263.0,4.46,True,exoplanets.org
KOI 3925.01,0.001,0.004,0.012,0.49,0.105437,1264.0,1063.0,3.036,9.2076,3.365,12.3,,5678.0,4.215,True,exoplanets.org
KOI 3933.01,0.0,0.0,0.003,0.12,0.008265,1313.0,1104.0,3.169,3.4908,1.4513,13.0,,5496.0,4.618,True,exoplanets.org
KOI 3936.02,0.0,0.0,0.005,0.19,0.015826,836.0,703.0,3.057,13.0268,0.785,11.3,,5083.0,4.512,True,exoplanets.org
KOI 3943.01,0.0,0.0,0.011,0.18,0.015558,805.0,677.0,3.062,38.5763,19.861,11.3,,6167.0,4.333,True,exoplanets.org
KOI 396.01,0.013,0.085,0.248,3.29,1.0,1142.0,960.0,2.36,14.5915,1.1295,11.8,,5940.0,4.199,True,exoplanets.org
KOI 3991.01,0.001,0.001,0.004,0.12,0.009364,1925.0,1619.0,3.191,1.5706,0.623,11.4,,5519.0,4.431,True,exoplanets.org
KOI 4.01,0.11,0.034,0.015,1.15,1.0,2646.0,2225.0,3.269,3.8494,2.632,10.2,,6244.0,3.657,True,exoplanets.org
KOI 4002.01,0.002,0.001,0.003,0.11,0.007251,2464.0,2072.0,3.146,0.5242,0.7648,13.1,,5278.0,4.576,True,exoplanets.org
KOI 4004.01,0.0,0.001,0.006,0.13,0.010307,1376.0,1157.0,3.208,4.9433,2.9334,11.1,,5661.0,4.415,True,exoplanets.org
KOI 4007.01,0.007,0.056,0.122,2.23,1.0,1115.0,938.0,2.697,11.4927,7.764,14.0,,6198.0,4.464,True,exoplanets.org
KOI 4009.02,0.0,0.0,0.002,0.19,0.016667,590.0,496.0,3.042,77.7927,6.08,13.8,,5497.0,4.243,True,exoplanets.org
KOI 4014.01,0.0,0.0,0.006,0.3,0.036848,428.0,360.0,2.994,234.2407,12.925,12.4,,5814.0,4.269,True,exoplanets.org
KOI 4021.01,0.0,0.0,0.003,0.14,0.011685,1569.0,1319.0,3.192,7.2353,3.338,11.5,,6422.0,4.219,True,exoplanets.org
KOI 4021.02,0.0,0.0,0.004,0.09,0.003377,1783.0,1500.0,3.005,4.9321,3.144,11.5,,6422.0,4.219,True,exoplanets.org
KOI 4022.01,0.001,0.001,0.003,0.18,0.01547,2190.0,1842.0,3.064,4.8582,5.356,11.9,,6109.0,3.78,True,exoplanets.org
KOI 4032.05,0.0,0.0,0.006,0.07,0.001553,1233.0,1037.0,2.857,7.2352,2.685,11.0,,5574.0,4.354,True,exoplanets.org
KOI 4037.01,0.0,0.0,0.007,0.3,0.035627,470.0,395.0,2.992,215.956,10.425,11.6,,6163.0,4.27,True,exoplanets.org
KOI 4053.01,0.001,0.0,0.007,0.08,0.001764,2208.0,1857.0,2.881,1.4198,1.429,11.4,,5925.0,4.394,True,exoplanets.org
KOI 4054.01,0.0,0.0,0.005,0.2,0.017059,354.0,298.0,3.037,169.1351,8.931,12.7,,5171.0,4.545,True,exoplanets.org
KOI 4056.01,0.041,0.086,0.107,2.1,1.0,1407.0,1184.0,2.751,3.9514,1.0582,12.7,,5570.0,4.458,True,exoplanets.org
KOI 4060.01,0.0,0.0,0.004,0.21,0.018648,428.0,360.0,3.018,225.2621,14.459,12.3,,5799.0,4.276,True,exoplanets.org
KOI 4066.01,0.0,0.0,0.004,0.41,0.072641,681.0,573.0,3.031,126.5572,8.079,12.2,,6501.0,4.054,True,exoplanets.org
KOI 4067.01,0.0,0.001,0.006,0.28,0.029728,1319.0,1109.0,2.987,9.6887,2.0,12.8,,6457.0,4.358,True,exoplanets.org
KOI 4069.01,0.0,0.0,0.004,0.12,0.009137,685.0,576.0,3.187,13.0624,3.244,12.5,,4522.0,4.615,True,exoplanets.org
KOI 4084.02,0.0,0.0,0.002,0.16,0.013392,939.0,790.0,3.119,10.729,0.696,13.3,,5375.0,4.541,True,exoplanets.org
KOI 4084.03,0.0,0.0,0.002,0.14,0.011814,1106.0,930.0,3.185,8.1962,2.109,13.3,,5323.0,4.378,True,exoplanets.org
KOI 4097.01,0.0,0.0,0.008,0.09,0.003035,1061.0,892.0,2.984,2.7906,0.6871,10.8,,4353.0,4.681,True,exoplanets.org
KOI 4098.01,0.004,0.001,0.002,0.21,0.018989,3100.0,2607.0,3.015,1.1217,1.032,11.8,,5023.0,3.682,True,exoplanets.org
KOI 4099.01,0.0,0.0,0.003,0.11,0.007447,1151.0,968.0,3.151,4.9506,1.719,13.5,,5431.0,4.623,True,exoplanets.org
KOI 41.03,0.0,0.0,0.005,0.14,0.011814,870.0,732.0,3.185,35.3332,5.966,9.8,,5788.0,4.122,True,exoplanets.org
KOI 4103.02,0.0,0.0,0.004,0.1,0.004412,818.0,688.0,3.055,14.2378,4.86,12.9,,5273.0,4.566,True,exoplanets.org
KOI 4109.01,0.003,0.001,0.002,0.13,0.012093,3134.0,2636.0,3.235,0.6559,1.318,12.4,,4968.0,3.924,True,exoplanets.org
KOI 4120.01,0.0,0.0,0.003,0.17,0.014545,546.0,459.0,3.085,110.4617,12.46,13.6,,6321.0,4.434,True,exoplanets.org
KOI 4123.01,0.0,0.0,0.004,0.15,0.013031,797.0,670.0,3.132,44.6227,12.974,12.1,,6198.0,4.252,True,exoplanets.org
KOI 4129.01,0.0,0.0,0.008,0.06,0.000847,1609.0,1353.0,2.744,2.3148,2.127,11.6,,5240.0,4.428,True,exoplanets.org
KOI 4136.01,0.001,0.0,0.004,0.11,0.005802,1960.0,1648.0,3.106,2.4175,4.33,12.4,,5575.0,4.189,True,exoplanets.org
KOI 4136.02,0.0,0.0,0.003,0.11,0.0065,1652.0,1389.0,3.126,4.0336,5.886,12.4,,5575.0,4.189,True,exoplanets.org
KOI 4144.01,0.002,0.0,0.004,0.09,0.003035,2994.0,2517.0,2.984,0.4877,1.0129,13.0,,5957.0,4.506,True,exoplanets.org
KOI 4145.01,0.0,0.0,0.006,0.09,0.002719,1585.0,1332.0,2.963,3.2542,5.378,12.6,,5692.0,4.421,True,exoplanets.org
KOI 4146.02,0.0,0.0,0.009,0.05,0.000437,1468.0,1234.0,2.622,2.5738,1.92,11.7,,5115.0,4.477,True,exoplanets.org
KOI 4149.01,0.0,0.0,0.003,0.15,0.01289,1294.0,1088.0,3.138,9.547,5.063,12.9,,6274.0,4.357,True,exoplanets.org
KOI 4149.02,0.0,0.0,0.003,0.16,0.013688,1121.0,942.0,3.11,14.7086,5.394,12.9,,6274.0,4.357,True,exoplanets.org
KOI 415.01,0.0,0.0,0.01,0.63,0.151954,434.0,365.0,2.981,166.7877,5.8676,12.7,,5663.0,4.377,True,exoplanets.org
KOI 4150.01,0.0,0.0,0.003,0.18,0.01504,866.0,728.0,3.073,31.3351,6.071,13.4,,6404.0,4.393,True,exoplanets.org
KOI 4152.01,0.0,0.002,0.006,0.71,0.223327,1090.0,917.0,3.036,64.1862,8.485,11.9,,6951.0,3.766,True,exoplanets.org
KOI 4153.01,0.0,0.0,0.002,0.15,0.012476,1315.0,1106.0,3.154,4.626,0.643,13.0,,5834.0,4.566,True,exoplanets.org
KOI 4156.01,0.0,0.0,0.006,0.1,0.004412,1428.0,1201.0,3.055,4.8502,5.676,12.3,,6032.0,4.485,True,exoplanets.org
KOI 4157.01,0.0,0.0,0.006,0.07,0.001244,1667.0,1401.0,2.815,3.8232,2.388,11.5,,6202.0,4.422,True,exoplanets.org
KOI 4157.02,0.0,0.0,0.004,0.07,0.001621,1503.0,1264.0,2.865,5.2158,1.13,11.5,,6202.0,4.422,True,exoplanets.org
KOI 416.03,0.0,0.0,0.005,0.07,0.001302,883.0,742.0,2.824,9.7477,2.62,12.3,,5176.0,4.612,True,exoplanets.org
KOI 416.04,0.0,0.0,0.004,0.07,0.001082,599.0,504.0,2.789,31.5323,3.49,12.3,,5183.0,4.608,True,exoplanets.org
KOI 4166.01,0.0,0.0,0.003,0.22,0.019221,1042.0,876.0,3.013,9.8426,1.6018,13.4,,5585.0,4.49,True,exoplanets.org
KOI 4178.01,0.0,0.0,0.003,0.15,0.012961,1479.0,1244.0,3.135,7.016,3.8,13.1,,6642.0,4.39,True,exoplanets.org
KOI 4184.01,0.0,0.0,0.005,0.1,0.004003,1050.0,883.0,3.037,6.08,1.308,11.4,,4991.0,4.513,True,exoplanets.org
KOI 4185.01,0.001,0.001,0.005,0.32,0.0416,1486.0,1250.0,3.002,3.0352,0.6182,13.8,,5505.0,4.503,True,exoplanets.org
KOI 4188.01,0.0,0.0,0.002,0.12,0.010066,1687.0,1418.0,3.204,6.9635,3.192,11.5,,6040.0,3.978,True,exoplanets.org
KOI 4192.02,0.0,0.0,0.002,0.1,0.004999,682.0,574.0,3.078,32.0273,5.144,13.3,,5505.0,4.501,True,exoplanets.org
KOI 4205.01,0.001,0.0,0.005,0.08,0.001994,2075.0,1745.0,2.904,1.167,1.6823,12.8,,5632.0,4.537,True,exoplanets.org
KOI 4207.01,0.0,0.0,0.007,0.07,0.001423,1595.0,1341.0,2.84,0.7019,0.641,12.7,,4236.0,4.698,True,exoplanets.org
KOI 4208.01,0.0,0.0,0.003,0.11,0.0065,1143.0,961.0,3.126,3.0577,1.819,13.0,,4483.0,4.57,True,exoplanets.org
KOI 4209.01,0.0,0.0,0.005,0.21,0.018536,901.0,758.0,3.019,9.9092,2.552,14.0,,5396.0,4.632,True,exoplanets.org
KOI 4212.02,0.0,0.0,0.003,0.09,0.003497,1320.0,1110.0,3.011,10.099,6.428,12.6,,6174.0,4.244,True,exoplanets.org
KOI 4226.01,0.0,0.0,0.003,0.15,0.012341,764.0,642.0,3.16,49.5647,8.54,11.2,,5907.0,4.212,True,exoplanets.org
KOI 4235.01,0.0,0.0,0.004,0.27,0.02782,619.0,521.0,2.986,66.6435,2.385,12.1,,5751.0,4.339,True,exoplanets.org
KOI 4242.01,0.0,0.0,0.002,0.16,0.013688,430.0,362.0,3.11,145.7866,4.891,12.9,,5578.0,4.44,True,exoplanets.org
KOI 4245.01,0.0,0.0,0.003,0.16,0.013246,1025.0,862.0,3.124,24.6684,8.556,12.2,,6059.0,4.151,True,exoplanets.org
KOI 4246.02,0.0,0.0,0.003,0.1,0.0047,1277.0,1074.0,3.067,8.7563,2.852,11.8,,5839.0,4.279,True,exoplanets.org
KOI 4251.01,0.0,0.0,0.002,0.14,0.011814,1379.0,1159.0,3.185,6.2397,0.668,12.1,,5751.0,4.303,True,exoplanets.org
KOI 4252.01,0.0,0.0,0.01,0.06,0.000983,518.0,436.0,2.771,15.5714,2.294,10.9,,3872.0,4.714,True,exoplanets.org
KOI 4253.01,0.0,0.025,3.439,10.46,1.0,489.0,411.0,1.355,173.2578,2.027,12.9,,6392.0,4.399,True,exoplanets.org
KOI 4257.01,0.0,0.0,0.004,0.19,0.016008,898.0,755.0,3.053,41.6758,10.848,11.6,,5745.0,3.957,True,exoplanets.org
KOI 4259.01,0.001,0.0,0.003,0.09,0.002927,2360.0,1984.0,2.977,0.9091,1.431,13.3,,5486.0,4.389,True,exoplanets.org
KOI 426.01,0.0,0.001,0.007,0.34,0.049195,1046.0,880.0,3.017,16.3014,3.5764,13.1,,6072.0,4.328,True,exoplanets.org
KOI 4260.04,0.0,0.0,0.006,0.1,0.005311,639.0,537.0,3.09,84.7998,15.21,9.9,,5619.0,4.07,True,exoplanets.org
KOI 4267.01,0.001,0.0,0.001,0.12,0.009137,2222.0,1868.0,3.187,2.2083,2.841,13.7,,6028.0,4.189,True,exoplanets.org
KOI 4269.01,0.0,0.001,0.003,0.37,0.059024,1174.0,988.0,3.028,26.6566,4.954,11.1,,5159.0,3.604,True,exoplanets.org
KOI 427.01,0.0,0.001,0.007,0.37,0.060498,762.0,641.0,3.029,24.6148,2.6602,12.8,,5312.0,4.384,True,exoplanets.org
KOI 4273.01,0.0,0.0,0.002,0.12,0.008055,1171.0,985.0,3.165,17.3732,3.36,11.3,,6180.0,4.155,True,exoplanets.org
KOI 4274.01,0.0,0.0,0.003,0.1,0.004136,1919.0,1614.0,3.043,1.9751,2.61,13.7,,6065.0,4.495,True,exoplanets.org
KOI 4287.01,0.0,0.0,0.003,0.12,0.007647,1339.0,1126.0,3.156,13.123,2.234,10.0,,6134.0,4.065,True,exoplanets.org
KOI 4287.02,0.0,0.0,0.006,0.08,0.001764,1485.0,1249.0,2.881,9.6183,4.215,10.0,,6134.0,4.065,True,exoplanets.org
KOI 4288.02,0.0,0.0,0.006,0.07,0.001032,1274.0,1071.0,2.78,9.0875,3.786,11.0,,5888.0,4.275,True,exoplanets.org
KOI 4288.04,0.0,0.0,0.006,0.07,0.001134,1104.0,928.0,2.798,13.951,5.231,11.0,,5888.0,4.275,True,exoplanets.org
KOI 4296.01,0.0,0.0,0.009,0.05,0.000492,1627.0,1368.0,2.644,2.4939,1.414,11.6,,5615.0,4.477,True,exoplanets.org
KOI 4298.01,0.001,0.0,0.003,0.1,0.005311,2494.0,2098.0,3.09,2.8949,3.254,12.2,,7087.0,4.137,True,exoplanets.org
KOI 430.02,0.0,0.0,0.006,0.07,0.001691,689.0,580.0,2.873,9.3405,2.57,12.2,,4200.0,4.664,True,exoplanets.org
KOI 4301.02,0.0,0.0,0.003,0.09,0.003619,1779.0,1496.0,3.018,6.3192,3.465,11.6,,6254.0,4.019,True,exoplanets.org
KOI 4302.01,0.0,0.0,0.003,0.09,0.003744,1694.0,1424.0,3.024,5.5331,3.486,12.3,,6170.0,4.15,True,exoplanets.org
KOI 4307.01,0.0,0.0,0.003,0.3,0.036848,537.0,451.0,2.994,160.8501,9.427,12.8,,5999.0,4.168,True,exoplanets.org
KOI 4310.01,0.0,0.0,0.003,0.1,0.005153,978.0,823.0,3.084,10.777,2.616,12.7,,5455.0,4.457,True,exoplanets.org
KOI 4318.01,0.0,0.0,0.004,0.14,0.011944,1185.0,997.0,3.179,14.8163,4.973,11.5,,6356.0,4.27,True,exoplanets.org
KOI 4320.01,0.0,0.0,0.002,0.11,0.007251,946.0,795.0,3.146,20.6579,8.798,12.4,,5468.0,4.171,True,exoplanets.org
KOI 4323.01,0.0,0.0,0.002,0.14,0.012075,1375.0,1156.0,3.172,11.4959,2.256,12.1,,6290.0,4.133,True,exoplanets.org
KOI 4325.01,0.001,0.0,0.002,0.1,0.0047,2787.0,2343.0,3.067,0.6099,1.2529,14.1,,5936.0,4.501,True,exoplanets.org
KOI 4329.01,0.0,0.0,0.006,0.09,0.003377,1061.0,893.0,3.005,17.8008,6.547,10.8,,6240.0,4.326,True,exoplanets.org
KOI 4331.01,0.001,0.0,0.002,0.13,0.011306,2874.0,2417.0,3.224,1.7179,0.908,11.9,,6694.0,4.084,True,exoplanets.org
KOI 4333.01,0.0,0.0,0.003,0.19,0.016764,373.0,314.0,3.041,309.2558,10.72,12.7,,6060.0,4.419,True,exoplanets.org
KOI 4334.01,0.0,0.0,0.003,0.1,0.004412,1337.0,1125.0,3.055,2.4423,1.921,13.6,,4849.0,4.561,True,exoplanets.org
KOI 4341.01,0.0,0.0,0.004,0.11,0.006869,1387.0,1166.0,3.136,10.7783,5.256,12.0,,6726.0,4.262,True,exoplanets.org
KOI 4343.01,0.0,0.0,0.004,0.15,0.013031,942.0,792.0,3.132,27.2107,10.515,12.2,,5973.0,4.171,True,exoplanets.org
KOI 4345.01,0.16,0.128,0.141,2.37,1.0,1816.0,1527.0,2.644,4.3271,1.387,11.6,,5776.0,4.018,True,exoplanets.org
KOI 4346.01,0.0,0.0,0.002,0.11,0.006145,1157.0,973.0,3.116,6.3927,2.138,13.1,,5248.0,4.416,True,exoplanets.org
KOI 435.02,0.0,0.0,0.013,0.7,0.213876,230.0,194.0,3.029,934.0942,17.489,13.0,,5937.0,4.559,True,exoplanets.org
KOI 4351.01,0.838,0.407,0.313,2.18,1.0,2069.0,1740.0,2.719,0.6443,0.893,12.9,,5136.0,4.648,True,exoplanets.org
KOI 4353.01,0.0,0.0,0.004,0.35,0.051887,964.0,811.0,3.022,17.8076,1.643,14.0,,6194.0,4.45,True,exoplanets.org
KOI 4357.01,0.007,0.001,0.002,0.26,0.027455,3614.0,3039.0,2.986,0.6812,0.8844,13.0,,4939.0,3.635,True,exoplanets.org
KOI 4358.01,0.0,0.0,0.003,0.21,0.019105,512.0,431.0,3.014,106.9575,7.006,14.0,,6075.0,4.486,True,exoplanets.org
KOI 436.01,0.0,0.0,0.041,1.92,1.0,358.0,301.0,2.829,199.8392,4.378,12.9,,5457.0,4.548,True,exoplanets.org
KOI 4361.01,0.0,0.0,0.002,0.3,0.036355,543.0,456.0,2.994,75.8781,1.383,13.4,,5579.0,4.413,True,exoplanets.org
KOI 4363.01,0.0,0.001,0.007,0.66,0.179782,806.0,678.0,3.004,18.2221,2.044,13.9,,5162.0,4.411,True,exoplanets.org
KOI 4366.01,0.001,0.0,0.004,0.09,0.003147,2149.0,1807.0,2.991,0.763,1.133,13.7,,5385.0,4.61,True,exoplanets.org
KOI 4367.01,0.0,0.0,0.002,0.44,0.083109,602.0,506.0,3.033,170.9957,3.88,12.7,,6127.0,3.991,True,exoplanets.org
KOI 4372.01,0.0,0.0,0.003,0.09,0.003872,951.0,799.0,3.031,6.2456,2.459,13.2,,4858.0,4.622,True,exoplanets.org
KOI 4374.01,0.0,0.0,0.005,0.08,0.001838,1315.0,1105.0,2.889,3.7039,1.41,12.5,,5496.0,4.592,True,exoplanets.org
KOI 4377.01,0.0,0.001,0.004,0.22,0.020187,1379.0,1160.0,3.006,19.8751,8.041,12.1,,6918.0,4.021,True,exoplanets.org
KOI 4382.02,0.0,0.0,0.004,0.07,0.001362,1763.0,1482.0,2.832,3.9817,3.609,12.9,,6484.0,4.377,True,exoplanets.org
KOI 4383.02,0.0,0.0,0.004,0.07,0.001244,1911.0,1607.0,2.815,2.5839,2.169,12.4,,6164.0,4.378,True,exoplanets.org
KOI 4385.01,0.0,0.0,0.002,0.14,0.012141,1021.0,859.0,3.169,7.2981,3.024,13.9,,5119.0,4.508,True,exoplanets.org
KOI 4385.03,0.0,0.0,0.002,0.13,0.011306,765.0,643.0,3.224,17.3695,4.012,13.9,,5119.0,4.508,True,exoplanets.org
KOI 4386.01,0.0,0.0,0.002,0.14,0.012274,721.0,606.0,3.163,18.5011,3.179,14.0,,5242.0,4.613,True,exoplanets.org
KOI 4388.02,0.0,0.0,0.005,0.22,0.01994,909.0,764.0,3.008,61.8589,21.32,10.3,,5529.0,3.685,True,exoplanets.org
KOI 4389.01,0.0,0.0,0.002,0.11,0.007251,835.0,702.0,3.146,16.3369,3.597,13.4,,5410.0,4.49,True,exoplanets.org
KOI 4390.01,2.156,0.386,0.95,9.28,1.0,3329.0,2799.0,1.459,1.6367,1.907,13.9,,5234.0,3.436,True,exoplanets.org
KOI 4391.01,0.0,0.0,0.003,0.14,0.012274,647.0,544.0,3.163,49.4747,10.46,13.3,,5952.0,4.475,True,exoplanets.org
KOI 4393.01,0.0,0.0,0.004,0.08,0.002336,1726.0,1451.0,2.934,1.6289,1.72,13.4,,5398.0,4.571,True,exoplanets.org
KOI 4395.01,0.0,0.0,0.003,0.1,0.0047,1545.0,1299.0,3.067,1.9201,1.437,13.7,,5266.0,4.611,True,exoplanets.org
KOI 4398.01,0.0,0.0,0.002,0.14,0.012141,1088.0,915.0,3.169,7.3422,2.029,13.7,,5573.0,4.562,True,exoplanets.org
KOI 4399.01,0.0,0.0,0.003,0.13,0.010551,606.0,510.0,3.212,42.1003,1.0834,10.4,,5595.0,4.57,True,exoplanets.org
KOI 4403.01,0.0,0.0,0.002,0.11,0.007251,1234.0,1038.0,3.146,5.8835,2.556,14.0,,5840.0,4.553,True,exoplanets.org
KOI 4405.01,0.0,0.0,0.003,0.12,0.009828,1211.0,1018.0,3.2,8.9173,4.468,13.2,,6210.0,4.467,True,exoplanets.org
KOI 4407.01,0.001,0.0,0.013,0.05,0.000521,2611.0,2195.0,2.654,1.3381,1.425,9.8,,6355.0,4.299,True,exoplanets.org
KOI 4409.01,0.0,0.0,0.004,0.09,0.003872,1110.0,933.0,3.031,14.2652,3.601,11.1,,5825.0,4.237,True,exoplanets.org
KOI 4410.01,0.0,0.0,0.001,0.13,0.011827,1401.0,1178.0,3.232,5.044,1.682,14.1,,6039.0,4.493,True,exoplanets.org
KOI 4418.01,0.0,0.0,0.002,0.28,0.031782,322.0,271.0,2.988,333.0384,5.948,14.2,,5743.0,4.534,True,exoplanets.org
KOI 4419.01,0.006,0.002,0.009,0.11,0.006321,2032.0,1709.0,3.121,0.2598,0.6513,12.3,,3939.0,4.736,True,exoplanets.org
KOI 4421.01,0.0,0.0,0.007,0.05,0.000552,1564.0,1315.0,2.665,4.7269,4.036,11.4,,5950.0,4.323,True,exoplanets.org
KOI 4421.02,0.0,0.0,0.007,0.06,0.000584,1402.0,1179.0,2.675,6.5595,4.324,11.4,,5950.0,4.323,True,exoplanets.org
KOI 4426.01,0.0,0.0,0.002,0.19,0.01638,426.0,358.0,3.047,369.1324,10.34,12.2,,6282.0,4.151,True,exoplanets.org
KOI 4428.01,0.0,0.0,0.003,0.11,0.007447,923.0,776.0,3.151,13.0029,3.058,13.0,,5796.0,4.575,True,exoplanets.org
KOI 4431.01,0.0,0.0,0.004,0.09,0.002822,1029.0,865.0,2.97,19.5651,4.242,11.2,,6180.0,4.294,True,exoplanets.org
KOI 4435.01,0.0,0.0,0.005,0.09,0.003261,1169.0,983.0,2.998,10.8614,6.02,12.2,,6339.0,4.454,True,exoplanets.org
KOI 4435.02,0.0,0.0,0.005,0.07,0.001487,987.0,830.0,2.849,17.8694,6.886,12.2,,6328.0,4.456,True,exoplanets.org
KOI 4442.01,0.0,0.0,0.002,0.23,0.020694,1382.0,1162.0,3.003,13.9482,7.686,12.8,,5529.0,3.808,True,exoplanets.org
KOI 4443.01,0.0,0.0,0.002,0.11,0.006321,1764.0,1484.0,3.121,5.6758,3.554,12.6,,6681.0,4.233,True,exoplanets.org
KOI 4444.01,0.0,0.0,0.003,0.1,0.004999,876.0,737.0,3.078,5.9437,1.847,12.8,,4391.0,4.598,True,exoplanets.org
KOI 4447.01,0.0,0.0,0.005,0.09,0.002927,1429.0,1202.0,2.977,2.1866,1.585,12.6,,4904.0,4.535,True,exoplanets.org
KOI 4451.01,0.0,0.0,0.003,0.12,0.008265,879.0,739.0,3.169,8.8304,3.426,13.7,,5051.0,4.628,True,exoplanets.org
KOI 4452.01,0.0,0.0,0.003,0.11,0.0065,1118.0,940.0,3.126,12.8576,4.831,12.2,,5860.0,4.276,True,exoplanets.org
KOI 4456.01,0.0,0.0,0.002,0.16,0.013613,1331.0,1119.0,3.112,7.4299,4.013,13.4,,5635.0,4.23,True,exoplanets.org
KOI 4457.01,0.0,0.0,0.003,0.14,0.011879,650.0,546.0,3.182,79.3343,10.886,12.4,,6384.0,4.33,True,exoplanets.org
KOI 4460.01,0.0,0.0,0.002,0.18,0.015296,361.0,304.0,3.067,284.7272,10.299,12.9,,5497.0,4.332,True,exoplanets.org
KOI 4462.01,0.0,0.001,0.007,0.21,0.018536,1151.0,968.0,3.019,45.163,7.03,10.4,,7675.0,4.051,True,exoplanets.org
KOI 4463.01,0.0,0.0,0.005,0.14,0.011621,617.0,519.0,3.195,36.7614,15.982,12.5,,5305.0,4.504,True,exoplanets.org
KOI 4464.01,0.0,0.0,0.003,0.11,0.0065,945.0,795.0,3.126,4.3736,0.623,12.4,,4362.0,4.623,True,exoplanets.org
KOI 4466.01,0.0,0.0,0.003,0.2,0.017883,482.0,405.0,3.026,154.6744,9.35,13.6,,6338.0,4.449,True,exoplanets.org
KOI 4467.01,0.0,0.0,0.002,0.13,0.010551,1429.0,1201.0,3.212,2.9424,1.519,13.9,,5436.0,4.573,True,exoplanets.org
KOI 4477.01,0.0,0.0,0.002,0.11,0.006321,1265.0,1064.0,3.121,5.3018,2.24,13.7,,5749.0,4.547,True,exoplanets.org
KOI 4477.02,0.0,0.0,0.002,0.14,0.012274,1047.0,881.0,3.163,9.3287,1.572,13.7,,5749.0,4.547,True,exoplanets.org
KOI 4478.01,0.0,0.0,0.003,0.11,0.005802,1054.0,887.0,3.106,6.3867,1.201,12.5,,5071.0,4.505,True,exoplanets.org
KOI 4480.01,0.0,0.0,0.003,0.16,0.013174,552.0,464.0,3.127,58.7489,3.191,12.4,,5574.0,4.505,True,exoplanets.org
KOI 4482.01,0.0,0.0,0.006,0.07,0.001302,1629.0,1370.0,2.824,5.383,3.336,11.3,,6256.0,4.27,True,exoplanets.org
KOI 4484.01,0.0,0.0,0.003,0.09,0.002927,2010.0,1691.0,2.977,2.2979,2.84,13.7,,6371.0,4.426,True,exoplanets.org
KOI 4487.01,0.0,0.0,0.005,0.06,0.000983,1284.0,1079.0,2.771,3.4875,1.811,12.5,,5252.0,4.593,True,exoplanets.org
KOI 4495.01,0.0,0.0,0.002,0.12,0.009828,1299.0,1092.0,3.2,5.9322,4.507,13.8,,5843.0,4.474,True,exoplanets.org
KOI 4496.01,0.0,0.0,0.002,0.22,0.019221,520.0,437.0,3.013,96.3845,5.253,13.9,,5919.0,4.485,True,exoplanets.org
KOI 4497.01,0.0,0.0,0.003,0.1,0.004273,1146.0,964.0,3.049,6.8301,3.315,13.6,,5807.0,4.576,True,exoplanets.org
KOI 4498.01,0.001,0.029,0.086,2.0,1.0,877.0,737.0,2.792,17.1623,4.668,13.2,,5729.0,4.509,True,exoplanets.org
KOI 4499.01,0.0,0.0,0.003,0.09,0.003619,1345.0,1131.0,3.018,5.199,2.359,13.1,,6058.0,4.54,True,exoplanets.org
KOI 4500.02,0.0,0.0,0.003,0.19,0.015916,563.0,474.0,3.055,44.9852,4.164,13.9,,5295.0,4.548,True,exoplanets.org
KOI 4500.03,0.0,0.0,0.002,0.15,0.01282,817.0,687.0,3.14,14.751,2.25,13.9,,5295.0,4.548,True,exoplanets.org
KOI 4503.01,0.0,0.0,0.002,0.14,0.011749,1281.0,1077.0,3.188,5.8909,2.402,14.1,,5869.0,4.513,True,exoplanets.org
KOI 4504.01,0.0,0.0,0.002,0.13,0.011051,1293.0,1088.0,3.22,4.1303,2.461,14.0,,5490.0,4.557,True,exoplanets.org
KOI 4504.02,0.0,0.0,0.002,0.13,0.011494,1033.0,868.0,3.202,8.1193,3.558,14.0,,5490.0,4.557,True,exoplanets.org
KOI 4505.01,0.0,0.0,0.003,0.09,0.003744,1038.0,873.0,3.024,18.0071,5.401,12.4,,6173.0,4.314,True,exoplanets.org
KOI 4506.01,0.0,0.0,0.003,0.1,0.004554,1126.0,947.0,3.061,5.6047,2.885,13.7,,5401.0,4.593,True,exoplanets.org
KOI 4508.01,0.0,0.0,0.004,0.09,0.003377,1278.0,1075.0,3.005,2.4992,1.803,12.9,,4705.0,4.572,True,exoplanets.org
KOI 4509.01,0.0,0.0,0.004,0.09,0.002822,654.0,550.0,2.97,12.0037,2.799,13.1,,4328.0,4.654,True,exoplanets.org
KOI 4519.01,0.0,0.0,0.001,0.53,0.12484,722.0,607.0,3.038,148.5689,4.399,13.5,,5814.0,3.68,True,exoplanets.org
KOI 4520.01,0.0,0.0,0.002,0.15,0.012751,1406.0,1183.0,3.143,9.3335,6.643,12.5,,5354.0,3.927,True,exoplanets.org
KOI 4523.01,0.0,0.0,0.002,0.09,0.003497,1417.0,1192.0,3.011,5.6825,3.479,13.1,,5753.0,4.319,True,exoplanets.org
KOI 4524.01,0.0,0.0,0.002,0.14,0.011685,1172.0,985.0,3.192,7.9914,3.639,13.4,,5700.0,4.434,True,exoplanets.org
KOI 4524.02,0.0,0.0,0.003,0.09,0.003377,1416.0,1191.0,3.005,4.5263,3.736,13.4,,5700.0,4.434,True,exoplanets.org
KOI 4524.03,0.0,0.0,0.002,0.11,0.005971,1566.0,1317.0,3.111,3.3393,2.597,13.4,,5700.0,4.434,True,exoplanets.org
KOI 4526.01,0.0,0.0,0.003,0.24,0.023332,870.0,732.0,2.992,30.5393,6.887,13.8,,5803.0,4.211,True,exoplanets.org
KOI 4526.02,0.0,0.0,0.002,0.19,0.015916,1194.0,1004.0,3.055,11.8187,4.017,13.8,,5803.0,4.211,True,exoplanets.org
KOI 4528.01,0.003,0.031,0.028,0.95,1.0,1042.0,876.0,3.44,8.3122,2.663,11.2,,5421.0,4.483,True,exoplanets.org
KOI 4530.01,0.0,0.0,0.003,0.1,0.004412,1007.0,847.0,3.055,12.6362,3.961,12.7,,5772.0,4.457,True,exoplanets.org
KOI 4535.02,0.0,0.0,0.005,0.07,0.001302,1104.0,928.0,2.824,5.789,3.102,12.8,,5289.0,4.546,True,exoplanets.org
KOI 4541.01,0.0,0.0,0.003,0.19,0.015826,1185.0,996.0,3.057,8.5291,3.241,13.9,,5543.0,4.318,True,exoplanets.org
KOI 4541.02,0.0,0.0,0.002,0.18,0.014956,937.0,788.0,3.075,17.2361,4.209,13.9,,5543.0,4.318,True,exoplanets.org
KOI 4545.01,0.001,0.0,0.005,0.08,0.001764,1947.0,1637.0,2.881,0.8494,1.36,13.2,,4973.0,4.595,True,exoplanets.org
KOI 4546.01,2.78,0.381,0.675,6.46,1.0,4399.0,3699.0,1.774,0.7418,0.4164,12.0,,5897.0,3.637,True,exoplanets.org
KOI 4548.01,0.0,0.0,0.003,0.14,0.012207,604.0,508.0,3.166,61.0833,10.396,13.0,,5803.0,4.444,True,exoplanets.org
KOI 4549.01,0.0,0.0,0.002,0.1,0.005311,1749.0,1470.0,3.09,2.0482,1.899,14.3,,5799.0,4.548,True,exoplanets.org
KOI 4550.01,0.0,0.0,0.002,0.16,0.013839,353.0,297.0,3.105,140.2519,6.576,13.2,,4821.0,4.529,True,exoplanets.org
KOI 4551.01,0.0,0.0,0.003,0.11,0.006869,1019.0,857.0,3.136,14.7179,5.844,13.1,,6102.0,4.449,True,exoplanets.org
KOI 4554.01,0.0,0.001,0.003,0.23,0.021756,1596.0,1342.0,2.998,8.0772,7.272,13.1,,5684.0,3.915,True,exoplanets.org
KOI 4557.01,0.0,0.0,0.004,0.07,0.001621,1416.0,1191.0,2.865,5.7565,2.309,12.3,,6208.0,4.454,True,exoplanets.org
KOI 4558.01,0.0,0.0,0.003,0.1,0.004848,1208.0,1016.0,3.073,8.8234,6.735,12.8,,5602.0,4.269,True,exoplanets.org
KOI 4563.01,0.0,0.0,0.002,0.15,0.01282,667.0,561.0,3.14,54.3336,10.545,12.8,,5500.0,4.228,True,exoplanets.org
KOI 4567.01,0.001,0.01,0.037,0.72,0.23228,1018.0,856.0,3.042,14.7443,8.168,12.3,,6146.0,4.454,True,exoplanets.org
KOI 4567.02,0.0,0.0,0.005,0.1,0.004554,1494.0,1257.0,3.061,4.6725,4.441,12.3,,6146.0,4.454,True,exoplanets.org
KOI 4570.01,0.0,0.0,0.003,0.19,0.016286,802.0,675.0,3.048,35.0175,3.608,13.2,,5944.0,4.293,True,exoplanets.org
KOI 4575.01,0.0,0.0,0.002,0.18,0.014956,534.0,449.0,3.075,201.325,14.4,11.8,,6120.0,4.093,True,exoplanets.org
KOI 4577.01,0.0,0.0,0.002,0.16,0.013763,485.0,408.0,3.107,105.9971,3.751,13.3,,6068.0,4.565,True,exoplanets.org
KOI 4577.02,0.0,0.0,0.004,0.07,0.001362,1580.0,1329.0,2.832,3.0737,2.102,13.3,,6068.0,4.565,True,exoplanets.org
KOI 458.01,0.051,0.026,0.125,13.84,1.0,2015.0,1694.0,1.112,53.718,4.104,13.1,,4959.0,2.332,True,exoplanets.org
KOI 4580.01,0.0,0.0,0.002,0.11,0.0065,1963.0,1651.0,3.126,6.3043,2.508,11.4,,6728.0,3.987,True,exoplanets.org
KOI 4581.01,0.0,0.0,0.004,0.07,0.001032,1469.0,1236.0,2.78,6.006,3.096,12.1,,6103.0,4.331,True,exoplanets.org
KOI 4582.01,0.0,0.0,0.027,0.03,8.4e-05,1390.0,1169.0,2.329,4.2243,4.22,10.2,,5735.0,4.501,True,exoplanets.org
KOI 4583.01,0.0,0.0,0.001,0.18,0.015558,292.0,246.0,3.062,330.906,3.846,14.0,,5461.0,4.589,True,exoplanets.org
KOI 4586.01,0.0,0.0,0.002,0.25,0.025049,671.0,564.0,2.989,75.2116,3.203,12.9,,5818.0,4.165,True,exoplanets.org
KOI 4587.01,0.0,0.0,0.002,0.1,0.0047,1243.0,1046.0,3.067,6.3628,3.752,13.9,,5955.0,4.534,True,exoplanets.org
KOI 4588.01,0.0,0.0,0.003,0.08,0.002428,1573.0,1323.0,2.942,7.5374,3.966,11.9,,6483.0,4.206,True,exoplanets.org
KOI 4590.01,0.0,0.0,0.002,0.16,0.013174,956.0,804.0,3.127,9.5406,1.869,13.9,,5271.0,4.522,True,exoplanets.org
KOI 4591.01,0.0,0.0,0.004,0.08,0.002076,1878.0,1579.0,2.912,1.8093,2.469,13.5,,5897.0,4.531,True,exoplanets.org
KOI 4595.01,0.001,0.0,0.004,0.1,0.004273,2054.0,1727.0,3.049,0.597,0.4778,13.4,,4985.0,4.675,True,exoplanets.org
KOI 4597.01,0.0,0.0,0.004,0.07,0.001302,1324.0,1113.0,2.824,4.8203,2.129,13.2,,6035.0,4.591,True,exoplanets.org
KOI 460.02,0.0,0.0,0.002,0.11,0.006683,736.0,619.0,3.131,36.0485,5.763,13.0,,5602.0,4.33,True,exoplanets.org
KOI 4601.01,0.0,0.0,0.003,0.09,0.002927,1313.0,1104.0,2.977,7.94,3.282,12.4,,6278.0,4.425,True,exoplanets.org
KOI 4602.01,0.0,0.0,0.003,0.11,0.0065,1576.0,1325.0,3.126,2.8586,2.341,13.0,,5441.0,4.415,True,exoplanets.org
KOI 4603.01,0.0,0.0,0.002,0.1,0.005471,1104.0,929.0,3.095,15.9514,2.285,12.4,,6451.0,4.375,True,exoplanets.org
KOI 4605.01,0.0,0.0,0.009,0.06,0.000805,1221.0,1027.0,2.734,7.7859,7.788,12.1,,6045.0,4.479,True,exoplanets.org
KOI 4613.01,0.0,0.0,0.005,0.07,0.001487,1882.0,1583.0,2.849,1.9623,1.45,12.3,,5726.0,4.418,True,exoplanets.org
KOI 4614.01,0.0,0.0,0.002,0.12,0.009594,1617.0,1360.0,3.196,6.4547,3.071,12.5,,6474.0,4.243,True,exoplanets.org
KOI 4622.02,0.0,0.0,0.008,0.07,0.001032,878.0,738.0,2.78,4.5016,1.855,12.3,,4339.0,4.711,True,exoplanets.org
KOI 4626.01,0.0,0.0,0.003,0.24,0.022456,646.0,543.0,2.995,91.9572,10.471,13.3,,5854.0,4.114,True,exoplanets.org
KOI 4627.01,0.0,0.0,0.002,0.11,0.005802,1119.0,941.0,3.106,7.5173,2.484,13.2,,5525.0,4.488,True,exoplanets.org
KOI 4630.01,0.0,0.0,0.003,0.22,0.019818,828.0,696.0,3.009,44.6966,10.532,13.1,,5929.0,4.123,True,exoplanets.org
KOI 4632.01,0.0,0.002,0.011,1.18,1.0,596.0,501.0,3.249,40.0691,2.928,13.8,,5485.0,4.575,True,exoplanets.org
KOI 4633.01,0.0,0.0,0.003,0.1,0.0047,1236.0,1039.0,3.067,11.6933,6.551,12.3,,6049.0,4.248,True,exoplanets.org
KOI 4634.01,0.0,0.0,0.003,0.09,0.002927,1625.0,1367.0,2.977,4.0275,1.33,12.3,,6174.0,4.398,True,exoplanets.org
KOI 4636.01,0.0,0.0,0.009,0.55,0.104268,453.0,381.0,2.937,122.7491,8.342,13.7,,5619.0,4.488,True,exoplanets.org
KOI 4637.01,0.001,0.0,0.01,0.07,0.001487,2090.0,1758.0,2.849,4.3799,4.949,9.2,,6311.0,3.993,True,exoplanets.org
KOI 4643.01,0.0,0.0,0.002,0.13,0.010799,1310.0,1101.0,3.216,5.5935,1.668,13.7,,5874.0,4.498,True,exoplanets.org
KOI 4644.01,0.0,0.0,0.003,0.11,0.0065,1257.0,1057.0,3.126,3.4493,1.424,13.1,,5119.0,4.591,True,exoplanets.org
KOI 4647.01,0.0,0.0,0.003,0.18,0.014873,900.0,757.0,3.077,37.9044,11.638,11.8,,5303.0,3.87,True,exoplanets.org
KOI 4647.02,0.0,0.0,0.003,0.19,0.015826,1321.0,1111.0,3.057,12.0086,4.613,11.8,,5303.0,3.87,True,exoplanets.org
KOI 4649.01,0.0,0.0,0.002,0.11,0.005971,1395.0,1173.0,3.111,3.3842,1.485,13.7,,5613.0,4.581,True,exoplanets.org
KOI 4651.01,0.001,0.0,0.006,0.07,0.001244,2246.0,1889.0,2.815,1.1926,1.502,12.1,,5600.0,4.349,True,exoplanets.org
KOI 4653.01,0.0,0.0,0.003,0.1,0.004003,1005.0,845.0,3.037,19.9779,5.96,12.3,,6392.0,4.399,True,exoplanets.org
KOI 4655.01,0.0,0.0,0.003,0.1,0.005153,856.0,720.0,3.084,17.5438,5.948,13.8,,5957.0,4.579,True,exoplanets.org
KOI 4656.01,0.001,0.0,0.002,0.12,0.009828,2187.0,1839.0,3.2,3.8184,2.687,12.4,,6738.0,4.109,True,exoplanets.org
KOI 4657.01,0.0,0.0,0.011,0.05,0.000363,1012.0,851.0,2.588,7.576,3.361,11.4,,5361.0,4.588,True,exoplanets.org
KOI 4657.02,0.0,0.0,0.007,0.07,0.001244,910.0,765.0,2.815,10.4315,2.09,11.4,,5361.0,4.588,True,exoplanets.org
KOI 4659.01,0.0,0.0,0.004,0.11,0.006869,640.0,538.0,3.136,41.8682,5.783,12.1,,5852.0,4.559,True,exoplanets.org
KOI 4661.01,0.0,0.0,0.003,0.09,0.003261,953.0,801.0,2.998,8.6174,2.713,12.6,,5009.0,4.491,True,exoplanets.org
KOI 4663.01,0.0,0.0,0.006,0.07,0.001082,1506.0,1266.0,2.789,5.6569,3.583,11.1,,5687.0,4.191,True,exoplanets.org
KOI 4666.01,0.0,0.0,0.002,0.13,0.012363,926.0,779.0,3.239,12.4019,4.043,13.6,,5555.0,4.514,True,exoplanets.org
KOI 4667.01,0.0,0.0,0.002,0.22,0.019696,514.0,432.0,3.009,152.8239,7.734,14.1,,6452.0,4.394,True,exoplanets.org
KOI 4670.01,0.054,0.53,3.608,7.97,1.0,1034.0,869.0,1.592,6.809,2.077,14.0,,4992.0,4.483,True,exoplanets.org
KOI 4674.01,0.0,0.0,0.005,0.08,0.00216,1457.0,1225.0,2.919,4.8435,3.045,12.0,,5762.0,4.348,True,exoplanets.org
KOI 4676.01,0.0,0.0,0.003,0.29,0.03221,1139.0,958.0,2.988,31.1837,6.14,12.2,,5947.0,3.814,True,exoplanets.org
KOI 4680.01,0.0,0.0,0.002,0.14,0.011749,561.0,472.0,3.188,54.0812,6.279,13.8,,5757.0,4.597,True,exoplanets.org
KOI 4685.01,0.003,0.001,0.003,0.13,0.011557,2930.0,2463.0,3.198,0.4942,1.2443,13.9,,5763.0,4.484,True,exoplanets.org
KOI 4686.01,0.0,0.0,0.002,0.14,0.012141,1530.0,1287.0,3.169,11.8299,5.168,10.7,,5747.0,3.802,True,exoplanets.org
KOI 469.01,0.0,0.002,0.007,0.55,0.147648,1180.0,992.0,3.082,10.3291,1.44,13.2,,6228.0,4.441,True,exoplanets.org
KOI 4691.01,0.0,0.0,0.002,0.1,0.004273,1735.0,1459.0,3.049,3.3879,1.818,13.1,,5702.0,4.247,True,exoplanets.org
KOI 4692.02,0.0,0.0,0.004,0.06,0.000983,1138.0,957.0,2.771,7.6721,3.451,13.2,,5972.0,4.57,True,exoplanets.org
KOI 4694.01,0.0,0.0,0.002,0.11,0.006683,963.0,809.0,3.131,19.2528,4.862,13.4,,6258.0,4.442,True,exoplanets.org
KOI 4698.01,0.0,0.0,0.002,0.11,0.007447,1364.0,1147.0,3.151,8.5276,2.959,13.4,,6469.0,4.385,True,exoplanets.org
KOI 4699.01,0.001,0.0,0.005,0.1,0.004136,1941.0,1632.0,3.043,3.0771,3.571,11.6,,6108.0,4.251,True,exoplanets.org
KOI 4700.01,0.0,0.0,0.002,0.11,0.005971,1304.0,1096.0,3.111,3.8349,2.026,14.1,,5515.0,4.592,True,exoplanets.org
KOI 4700.02,0.0,0.0,0.002,0.16,0.013763,504.0,424.0,3.107,66.4776,4.487,14.1,,5515.0,4.592,True,exoplanets.org
KOI 4705.01,0.0,0.0,0.003,0.09,0.003497,2047.0,1722.0,3.011,1.4733,1.406,13.4,,5751.0,4.431,True,exoplanets.org
KOI 4709.01,0.0,0.0,0.002,0.12,0.008478,1294.0,1088.0,3.174,3.7086,1.94,14.1,,5420.0,4.596,True,exoplanets.org
KOI 4710.01,0.0,0.0,0.002,0.12,0.007849,1082.0,910.0,3.16,9.4528,3.817,14.0,,5973.0,4.547,True,exoplanets.org
KOI 4711.01,0.0,0.0,0.002,0.1,0.004136,1269.0,1067.0,3.043,4.3638,1.457,13.8,,5623.0,4.596,True,exoplanets.org
KOI 4713.01,0.0,0.0,0.004,0.12,0.009137,1146.0,964.0,3.187,8.7963,4.696,12.3,,5780.0,4.438,True,exoplanets.org
KOI 4714.01,0.0,0.0,0.003,0.1,0.004136,1563.0,1315.0,3.043,2.0496,1.061,13.4,,5356.0,4.589,True,exoplanets.org
KOI 4715.01,0.0,0.0,0.002,0.13,0.011051,698.0,587.0,3.22,53.2856,6.492,12.5,,6015.0,4.297,True,exoplanets.org
KOI 4716.01,0.0,0.0,0.008,0.05,0.000552,1419.0,1194.0,2.665,5.8943,3.475,11.0,,5929.0,4.357,True,exoplanets.org
KOI 4725.01,0.0,0.001,0.004,0.23,0.021484,1413.0,1188.0,2.999,7.2817,1.723,11.2,,4970.0,3.924,True,exoplanets.org
KOI 473.01,0.0,0.001,0.007,0.25,0.023786,906.0,762.0,2.991,12.7064,2.395,12.9,,5573.0,4.562,True,exoplanets.org
KOI 4730.01,0.0,0.001,0.003,0.33,0.044494,1279.0,1075.0,3.008,9.0783,0.783,12.3,,5086.0,4.002,True,exoplanets.org
KOI 4733.01,0.0,0.0,0.002,0.12,0.010066,966.0,813.0,3.204,7.2812,2.716,13.8,,5008.0,4.572,True,exoplanets.org
KOI 4735.01,0.0,0.0,0.004,0.08,0.001764,1332.0,1120.0,2.881,2.88,1.658,12.7,,4951.0,4.523,True,exoplanets.org
KOI 4737.01,0.0,0.0,0.002,0.1,0.004003,1281.0,1077.0,3.037,7.7953,3.406,13.2,,6156.0,4.443,True,exoplanets.org
KOI 474.03,0.0,0.0,0.006,0.38,0.061691,557.0,469.0,3.029,94.8869,6.923,12.9,,5888.0,4.342,True,exoplanets.org
KOI 4748.01,0.0,0.0,0.002,0.15,0.012961,1299.0,1093.0,3.135,6.6475,1.961,14.2,,6046.0,4.478,True,exoplanets.org
KOI 4749.01,0.0,0.0,0.002,0.09,0.002822,1812.0,1524.0,2.97,1.9765,1.788,13.8,,5792.0,4.514,True,exoplanets.org
KOI 4750.01,0.0,0.0,0.003,0.17,0.014545,647.0,544.0,3.085,36.7216,7.758,14.2,,5662.0,4.56,True,exoplanets.org
KOI 4754.01,0.0,0.0,0.002,0.11,0.007447,1242.0,1045.0,3.151,7.0876,3.342,13.6,,6060.0,4.509,True,exoplanets.org
KOI 4755.01,0.0,0.0,0.003,0.16,0.013174,1298.0,1092.0,3.127,3.7432,1.111,13.1,,5207.0,4.516,True,exoplanets.org
KOI 4756.01,0.006,0.01,0.013,0.73,0.371339,1525.0,1282.0,3.239,5.4169,7.512,13.9,,6355.0,4.41,True,exoplanets.org
KOI 4759.01,0.0,0.0,0.002,0.14,0.011749,871.0,733.0,3.188,17.7663,3.079,13.3,,5724.0,4.495,True,exoplanets.org
KOI 4762.01,0.0,0.0,0.002,0.12,0.007647,739.0,621.0,3.156,11.5672,2.507,13.2,,4597.0,4.59,True,exoplanets.org
KOI 4763.01,0.0,0.0,0.002,0.14,0.011944,678.0,570.0,3.179,56.4465,7.371,12.5,,5995.0,4.337,True,exoplanets.org
KOI 4764.01,0.0,0.0,0.002,0.13,0.011306,612.0,515.0,3.224,31.4202,4.021,13.8,,5269.0,4.603,True,exoplanets.org
KOI 4766.01,0.0,0.0,0.002,0.1,0.0047,1116.0,939.0,3.067,5.5668,1.812,13.2,,5032.0,4.479,True,exoplanets.org
KOI 4768.01,0.0,0.0,0.002,0.13,0.011051,1228.0,1033.0,3.22,3.4363,0.675,13.8,,5201.0,4.616,True,exoplanets.org
KOI 4771.01,0.0,0.0,0.002,0.17,0.014708,572.0,481.0,3.081,142.7039,5.808,12.7,,6701.0,4.326,True,exoplanets.org
KOI 4772.01,0.0,0.0,0.002,0.15,0.012751,1771.0,1489.0,3.143,3.3808,3.275,13.7,,6072.0,4.343,True,exoplanets.org
KOI 4772.02,0.0,0.0,0.004,0.1,0.004003,1026.0,863.0,3.037,9.0195,5.92,13.7,,5775.0,4.59,True,exoplanets.org
KOI 4773.01,0.0,0.0,0.006,0.07,0.001553,1271.0,1069.0,2.857,8.8494,6.928,12.0,,6095.0,4.349,True,exoplanets.org
KOI 4773.02,0.0,0.0,0.006,0.07,0.001134,1177.0,990.0,2.798,11.1438,7.905,12.0,,6095.0,4.349,True,exoplanets.org
KOI 4774.01,0.0,0.0,0.003,0.12,0.007849,563.0,473.0,3.16,51.5678,5.514,12.0,,5285.0,4.467,True,exoplanets.org
KOI 4775.01,0.0,0.001,0.004,0.25,0.023786,1348.0,1133.0,2.991,16.4492,6.696,11.1,,5334.0,3.712,True,exoplanets.org
KOI 4776.01,0.0,0.0,0.004,0.1,0.004003,1206.0,1014.0,3.037,7.5862,4.32,13.2,,5934.0,4.444,True,exoplanets.org
KOI 4777.01,0.0,0.0,0.028,0.04,0.000154,969.0,815.0,2.435,0.824,0.855,12.4,,3396.0,4.991,True,exoplanets.org
KOI 4780.01,0.0,0.0,0.002,0.11,0.006869,1137.0,956.0,3.136,6.6018,2.624,13.7,,5591.0,4.559,True,exoplanets.org
KOI 4782.01,0.0,0.0,0.002,0.15,0.013031,1239.0,1042.0,3.132,7.4213,2.361,14.2,,6032.0,4.485,True,exoplanets.org
KOI 4782.02,0.001,0.002,0.008,0.33,0.043606,1486.0,1250.0,3.006,4.2925,4.254,14.2,,6032.0,4.485,True,exoplanets.org
KOI 4790.01,0.0,0.0,0.003,0.1,0.004999,1449.0,1219.0,3.078,6.0785,3.408,12.9,,6119.0,4.346,True,exoplanets.org
KOI 4792.01,0.0,0.0,0.003,0.08,0.002247,1446.0,1216.0,2.927,5.759,2.687,12.8,,6247.0,4.433,True,exoplanets.org
KOI 4793.01,0.0,0.0,0.004,0.08,0.002076,1318.0,1108.0,2.912,5.2736,5.291,13.6,,5851.0,4.515,True,exoplanets.org
KOI 4794.01,0.0,0.0,0.003,0.09,0.003497,746.0,627.0,3.011,24.5041,6.065,12.4,,5250.0,4.404,True,exoplanets.org
KOI 4797.01,0.0,0.0,0.002,0.11,0.007059,815.0,685.0,3.141,9.972,1.425,13.3,,4810.0,4.584,True,exoplanets.org
KOI 4799.01,0.0,0.0,0.002,0.15,0.012751,1259.0,1059.0,3.143,12.073,3.783,12.6,,5436.0,3.993,True,exoplanets.org
KOI 4801.01,0.0,0.0,0.002,0.2,0.017059,547.0,460.0,3.037,82.4013,6.48,13.8,,5886.0,4.472,True,exoplanets.org
KOI 4804.01,0.0,0.0,0.002,0.19,0.015826,846.0,712.0,3.057,21.0868,0.978,13.7,,6084.0,4.542,True,exoplanets.org
KOI 4808.01,0.0,0.0,0.012,0.06,0.000688,807.0,679.0,2.705,2.4017,1.413,12.5,,3606.0,4.855,True,exoplanets.org
KOI 4810.01,0.0,0.0,0.004,0.28,0.031359,483.0,407.0,2.988,115.2385,7.653,13.6,,5589.0,4.384,True,exoplanets.org
KOI 4811.01,0.0,0.0,0.005,0.2,0.017261,1038.0,873.0,3.034,21.7434,8.143,12.1,,5767.0,4.082,True,exoplanets.org
KOI 4813.01,0.0,0.0,0.004,0.07,0.001553,781.0,657.0,2.857,9.2295,2.446,13.2,,4781.0,4.679,True,exoplanets.org
KOI 4815.01,0.0,0.0,0.002,0.1,0.0047,854.0,718.0,3.067,18.3722,3.738,13.4,,5937.0,4.558,True,exoplanets.org
KOI 4818.01,0.001,0.0,0.002,0.13,0.011565,2431.0,2044.0,3.228,3.7989,4.112,11.9,,6831.0,3.971,True,exoplanets.org
KOI 4820.01,0.0,0.0,0.002,0.13,0.012093,975.0,819.0,3.235,14.7401,5.637,13.9,,5999.0,4.494,True,exoplanets.org
KOI 4822.01,0.0,0.0,0.008,0.06,0.000847,1647.0,1385.0,2.744,3.5141,3.919,12.0,,6201.0,4.472,True,exoplanets.org
KOI 4823.01,0.001,0.0,0.002,0.13,0.011557,1825.0,1535.0,3.198,4.965,2.212,11.0,,5339.0,3.823,True,exoplanets.org
KOI 4826.01,0.002,0.0,0.001,0.15,0.012613,2919.0,2455.0,3.149,1.1411,1.629,13.0,,5438.0,3.916,True,exoplanets.org
KOI 4827.01,0.0,0.0,0.002,0.15,0.012476,677.0,570.0,3.154,31.192,2.849,13.6,,5675.0,4.554,True,exoplanets.org
KOI 4829.01,0.0,0.001,0.006,0.2,0.017568,1413.0,1188.0,3.03,7.6305,3.63,12.8,,6407.0,4.358,True,exoplanets.org
KOI 4833.01,0.0,0.0,0.004,0.09,0.003261,1731.0,1456.0,2.998,4.3172,4.126,12.1,,5992.0,4.195,True,exoplanets.org
KOI 4834.01,0.002,0.001,0.002,0.17,0.013915,2252.0,1894.0,3.103,3.741,5.428,11.0,,5110.0,3.611,True,exoplanets.org
KOI 4837.01,0.0,0.0,0.004,0.08,0.001838,1100.0,925.0,2.889,5.3861,1.943,13.5,,5516.0,4.669,True,exoplanets.org
KOI 4838.01,0.0,0.0,0.007,0.08,0.001994,635.0,534.0,2.904,13.2965,5.68,12.5,,4352.0,4.671,True,exoplanets.org
KOI 4838.02,0.0,0.011,0.031,0.68,0.29101,813.0,683.0,3.193,6.3334,3.46,12.5,,4352.0,4.671,True,exoplanets.org
KOI 4838.03,0.0,0.0,0.004,0.1,0.004412,521.0,438.0,3.055,24.0722,3.171,12.5,,4352.0,4.671,True,exoplanets.org
KOI 4839.01,0.0,0.0,0.002,0.18,0.01521,1320.0,1110.0,3.069,21.842,3.843,12.0,,6194.0,3.813,True,exoplanets.org
KOI 4840.01,0.0,0.0,0.002,0.16,0.013103,1345.0,1131.0,3.13,10.4716,4.512,12.9,,5812.0,4.083,True,exoplanets.org
KOI 4844.01,0.001,0.0,0.005,0.08,0.001915,2616.0,2200.0,2.897,0.428,0.776,13.3,,5285.0,4.566,True,exoplanets.org
KOI 4846.02,0.0,0.0,0.002,0.11,0.007059,682.0,574.0,3.141,32.5267,6.842,13.5,,5668.0,4.545,True,exoplanets.org
KOI 4848.01,0.0,0.0,0.002,0.16,0.013392,204.0,171.0,3.119,384.6961,6.167,13.0,,4228.0,4.64,True,exoplanets.org
KOI 4849.01,0.0,0.0,0.007,0.06,0.000584,1334.0,1122.0,2.675,3.1994,1.761,12.5,,5483.0,4.632,True,exoplanets.org
KOI 4850.01,0.0,0.0,0.005,0.06,0.000936,1540.0,1295.0,2.762,3.0419,1.434,12.5,,5802.0,4.537,True,exoplanets.org
KOI 4852.01,0.0,0.0,0.003,0.08,0.002428,1983.0,1668.0,2.942,1.8987,1.382,12.9,,5942.0,4.439,True,exoplanets.org
KOI 4853.01,0.0,0.0,0.002,0.1,0.004999,889.0,748.0,3.078,17.7412,4.816,13.1,,5817.0,4.491,True,exoplanets.org
KOI 4854.01,0.0,0.0,0.005,0.07,0.001188,1477.0,1242.0,2.807,2.6353,1.997,12.5,,5215.0,4.496,True,exoplanets.org
KOI 4856.01,0.0,0.0,0.003,0.27,0.028566,462.0,389.0,2.986,147.3881,8.781,14.2,,6046.0,4.478,True,exoplanets.org
KOI 4857.01,0.0,0.0,0.002,0.1,0.005471,1478.0,1243.0,3.095,4.115,3.025,13.8,,6011.0,4.507,True,exoplanets.org
KOI 4859.01,0.0,0.0,0.003,0.11,0.005802,922.0,775.0,3.106,7.502,2.582,13.3,,4807.0,4.546,True,exoplanets.org
KOI 4861.01,0.0,0.0,0.002,0.14,0.012141,687.0,578.0,3.169,29.1207,2.89,13.9,,5671.0,4.582,True,exoplanets.org
KOI 4862.01,0.0,0.0,0.003,0.1,0.004136,1631.0,1371.0,3.043,0.9038,0.562,13.1,,4430.0,4.616,True,exoplanets.org
KOI 4864.01,0.0,0.0,0.006,0.07,0.001302,1474.0,1239.0,2.824,5.6649,4.173,11.7,,5888.0,4.269,True,exoplanets.org
KOI 4871.01,0.0,0.0,0.007,0.05,0.000521,1783.0,1500.0,2.654,4.082,2.943,11.8,,6538.0,4.339,True,exoplanets.org
KOI 4871.02,0.0,0.0,0.005,0.07,0.001188,1674.0,1408.0,2.807,5.5225,2.666,11.8,,6532.0,4.271,True,exoplanets.org
KOI 4875.01,0.0,0.0,0.009,0.06,0.000688,1331.0,1120.0,2.705,0.9122,1.332,12.6,,3880.0,4.722,True,exoplanets.org
KOI 4877.01,0.0,0.0,0.003,0.09,0.003035,1521.0,1279.0,2.984,5.1921,3.716,13.1,,6322.0,4.426,True,exoplanets.org
KOI 4878.01,0.0,0.0,0.003,0.09,0.003619,335.0,282.0,3.018,449.015,12.58,10.8,,6031.0,4.368,True,exoplanets.org
KOI 4881.01,0.0,0.0,0.002,0.1,0.005311,1846.0,1552.0,3.09,5.6795,3.757,12.4,,6514.0,4.09,True,exoplanets.org
KOI 4885.01,0.0,0.0,0.004,0.24,0.022599,1147.0,964.0,2.994,9.3396,2.058,13.3,,5516.0,4.308,True,exoplanets.org
KOI 4886.01,0.001,0.014,0.051,2.59,1.0,912.0,767.0,2.569,17.9956,0.871,14.2,,5999.0,4.494,True,exoplanets.org
KOI 4890.01,0.0,0.001,0.004,1.04,1.0,744.0,626.0,3.359,63.0951,9.485,14.5,,6622.0,4.331,True,exoplanets.org
KOI 4891.01,0.0,0.0,0.002,0.12,0.009828,1384.0,1164.0,3.2,4.7309,2.889,14.1,,5941.0,4.519,True,exoplanets.org
KOI 4892.01,0.0,0.0,0.004,0.1,0.004136,932.0,783.0,3.043,21.3762,8.543,12.6,,5984.0,4.322,True,exoplanets.org
KOI 4893.01,0.0,0.0,0.001,0.13,0.011557,1289.0,1084.0,3.198,6.5875,2.043,14.0,,6014.0,4.486,True,exoplanets.org
KOI 4895.01,0.0,0.0,0.003,0.1,0.004412,944.0,794.0,3.055,12.4606,3.903,13.0,,5435.0,4.453,True,exoplanets.org
KOI 4895.02,0.0,0.0,0.002,0.17,0.013915,659.0,554.0,3.103,47.5571,1.708,13.0,,5861.0,4.436,True,exoplanets.org
KOI 4896.01,0.0,0.0,0.002,0.11,0.005635,941.0,792.0,3.1,19.5946,6.77,13.9,,6118.0,4.416,True,exoplanets.org
KOI 4896.02,0.0,0.0,0.001,0.13,0.012093,691.0,581.0,3.235,49.5374,9.862,13.9,,6118.0,4.416,True,exoplanets.org
KOI 4898.01,0.0,0.0,0.002,0.24,0.023332,343.0,288.0,2.992,409.8784,10.58,14.1,,6167.0,4.444,True,exoplanets.org
KOI 490.02,0.0,0.0,0.021,0.83,0.371459,168.0,141.0,3.129,1071.2326,16.1784,11.8,,4799.0,4.631,True,exoplanets.org
KOI 490.04,0.0,0.0,0.005,0.1,0.004554,615.0,517.0,3.061,21.8037,3.369,11.8,,4799.0,4.631,True,exoplanets.org
KOI 4900.01,0.0,0.0,0.002,0.11,0.007251,1331.0,1119.0,3.146,6.6717,2.693,13.6,,6086.0,4.435,True,exoplanets.org
KOI 4902.01,0.0,0.0,0.003,0.16,0.013392,256.0,215.0,3.119,409.3865,13.78,12.8,,4955.0,4.517,True,exoplanets.org
KOI 4904.01,0.0,0.0,0.002,0.09,0.002927,1532.0,1288.0,2.977,3.5945,2.557,13.5,,5523.0,4.364,True,exoplanets.org
KOI 4906.01,0.0,0.0,0.002,0.11,0.006145,1202.0,1011.0,3.116,4.8608,1.966,14.1,,5541.0,4.6,True,exoplanets.org
KOI 4907.01,0.0,0.0,0.004,0.06,0.000764,1723.0,1449.0,2.725,4.0448,2.479,12.4,,6358.0,4.359,True,exoplanets.org
KOI 4912.01,0.001,0.0,0.001,0.12,0.008914,3304.0,2778.0,3.183,0.8769,1.534,13.4,,6102.0,4.069,True,exoplanets.org
KOI 4913.01,0.001,0.0,0.002,0.22,0.019576,2182.0,1835.0,3.01,6.7879,2.26,12.1,,6537.0,3.76,True,exoplanets.org
KOI 4914.01,0.0,0.0,0.002,0.12,0.010066,1501.0,1262.0,3.204,5.4746,3.71,12.8,,5611.0,4.19,True,exoplanets.org
KOI 492.02,0.0,0.0,0.002,0.27,0.02782,393.0,330.0,2.986,265.2962,4.1,12.6,,5589.0,4.27,True,exoplanets.org
KOI 4923.01,0.0,0.0,0.002,0.12,0.010066,904.0,760.0,3.204,38.1687,5.086,11.8,,6164.0,4.117,True,exoplanets.org
KOI 4926.01,0.0,0.0,0.002,0.13,0.011827,432.0,363.0,3.232,69.0894,6.207,13.3,,4848.0,4.581,True,exoplanets.org
KOI 4938.01,0.0,0.0,0.003,0.21,0.018761,690.0,580.0,3.017,55.1808,9.791,14.1,,6306.0,4.426,True,exoplanets.org
KOI 4957.02,0.0,0.0,0.01,0.07,0.001032,630.0,530.0,2.78,4.9879,1.618,12.4,,3606.0,4.859,True,exoplanets.org
KOI 4958.01,0.0,0.0,0.003,0.24,0.023633,400.0,337.0,2.991,581.729,6.647,10.7,,5765.0,3.837,True,exoplanets.org
KOI 4961.01,0.0,0.0,0.003,0.18,0.01547,257.0,216.0,3.064,348.9635,13.84,13.0,,4823.0,4.564,True,exoplanets.org
KOI 4963.01,0.0,0.0,0.006,0.15,0.012476,741.0,623.0,3.154,59.4038,10.041,11.0,,6373.0,4.256,True,exoplanets.org
KOI 4967.01,0.0,0.0,0.002,0.17,0.014626,725.0,610.0,3.083,43.581,6.883,14.1,,6225.0,4.45,True,exoplanets.org
KOI 4972.01,0.0,0.0,0.002,0.12,0.008914,932.0,784.0,3.183,26.0923,6.623,12.7,,6346.0,4.362,True,exoplanets.org
KOI 4976.01,0.0,0.0,0.002,0.25,0.024094,416.0,350.0,2.99,624.9034,12.169,12.3,,7089.0,4.148,True,exoplanets.org
KOI 4977.01,0.0,0.0,0.002,0.11,0.005635,533.0,448.0,3.1,25.5339,2.076,13.1,,4445.0,4.63,True,exoplanets.org
KOI 4978.01,0.0,0.0,0.002,0.25,0.023786,328.0,276.0,2.991,339.19,5.117,13.5,,5544.0,4.402,True,exoplanets.org
KOI 4986.01,0.0,0.0,0.002,0.13,0.012093,274.0,230.0,3.235,444.0426,10.9,13.2,,5776.0,4.622,True,exoplanets.org
KOI 4991.01,0.0,0.0,0.002,0.19,0.015916,390.0,328.0,3.055,211.3309,4.66,13.6,,5941.0,4.519,True,exoplanets.org
KOI 4992.01,0.0,0.0,0.002,0.13,0.011306,901.0,757.0,3.224,12.5747,2.896,13.5,,5654.0,4.59,True,exoplanets.org
KOI 4999.01,0.0,0.0,0.002,0.18,0.015125,595.0,500.0,3.071,65.7521,6.854,13.9,,5816.0,4.432,True,exoplanets.org
KOI 5.01,0.02,0.015,0.019,0.64,0.234333,1874.0,1576.0,3.156,4.7803,2.0253,10.2,,5937.0,4.012,True,exoplanets.org
KOI 5004.01,0.0,0.0,0.003,0.18,0.015125,501.0,421.0,3.071,103.3637,6.012,12.9,,5762.0,4.461,True,exoplanets.org
KOI 5007.01,0.0,0.0,0.002,0.16,0.013688,1339.0,1126.0,3.11,14.5168,5.796,12.1,,5934.0,3.945,True,exoplanets.org
KOI 5007.02,0.0,0.0,0.003,0.2,0.017672,755.0,635.0,3.029,80.8818,12.568,12.1,,5934.0,3.945,True,exoplanets.org
KOI 501.01,0.0,0.0,0.007,0.24,0.023035,863.0,726.0,2.993,24.7963,8.33,12.9,,5770.0,4.333,True,exoplanets.org
KOI 5021.01,0.0,0.0,0.002,0.27,0.02819,350.0,295.0,2.986,288.0794,3.161,13.6,,5825.0,4.504,True,exoplanets.org
KOI 5027.01,0.0,0.0,0.002,0.55,0.10518,1090.0,916.0,2.938,62.3124,5.561,10.8,,4999.0,3.243,True,exoplanets.org
KOI 5030.01,0.0,0.0,0.002,0.23,0.021756,362.0,305.0,2.998,411.8969,6.203,13.1,,6362.0,4.408,True,exoplanets.org
KOI 5033.01,0.0,0.0,0.002,0.49,0.106228,674.0,567.0,3.036,127.6717,2.637,11.5,,4985.0,3.534,True,exoplanets.org
KOI 5040.01,0.0,0.0,0.002,0.26,0.02571,1026.0,862.0,2.988,29.6094,2.71,13.0,,6079.0,4.059,True,exoplanets.org
KOI 5046.01,0.0,0.0,0.002,0.13,0.011051,854.0,718.0,3.22,40.9882,3.599,11.8,,6705.0,4.328,True,exoplanets.org
KOI 5048.01,0.0,0.0,0.003,0.56,0.111255,635.0,534.0,2.944,138.3337,2.391,11.2,,4948.0,3.588,True,exoplanets.org
KOI 5057.01,0.0,0.0,0.003,0.64,0.159488,466.0,392.0,2.987,493.7424,5.685,10.3,,5015.0,3.429,True,exoplanets.org
KOI 5067.01,0.0,0.0,0.003,0.21,0.01799,363.0,305.0,3.025,219.9313,4.818,12.6,,5557.0,4.5,True,exoplanets.org
KOI 5068.01,0.0,0.0,0.003,0.14,0.011944,378.0,318.0,3.179,385.2921,19.417,11.8,,6440.0,4.355,True,exoplanets.org
KOI 5071.01,0.0,0.0,0.005,0.79,0.31402,428.0,360.0,3.095,180.4119,3.29,14.0,,6032.0,4.485,True,exoplanets.org
KOI 5079.01,0.0,0.0,0.001,0.14,0.011749,759.0,638.0,3.188,56.0018,1.706,11.9,,6116.0,4.178,True,exoplanets.org
KOI 5083.01,0.0,0.0,0.001,0.74,0.2464,1055.0,887.0,3.052,69.9325,2.03,11.6,,5207.0,3.298,True,exoplanets.org
KOI 5085.01,0.0,0.0,0.002,0.25,0.024887,322.0,271.0,2.989,327.063,8.06,14.2,,5750.0,4.538,True,exoplanets.org
KOI 5087.01,0.0,0.0,0.001,0.14,0.011814,305.0,256.0,3.185,651.0743,5.603,10.9,,5696.0,4.218,True,exoplanets.org
KOI 5088.01,0.0,0.0,0.002,0.16,0.013465,608.0,511.0,3.117,49.1782,5.8,13.9,,5674.0,4.473,True,exoplanets.org
KOI 5092.01,0.0,0.0,0.002,0.21,0.018875,460.0,387.0,3.016,271.7903,2.944,12.6,,6484.0,4.258,True,exoplanets.org
KOI 5098.01,0.0,0.0,0.002,0.14,0.011944,422.0,355.0,3.179,100.3456,7.939,13.0,,5180.0,4.548,True,exoplanets.org
KOI 5099.01,0.0,0.0,0.002,0.13,0.011557,572.0,481.0,3.198,111.1871,3.569,11.1,,5806.0,4.168,True,exoplanets.org
KOI 5101.01,0.0,0.0,0.002,0.15,0.012408,430.0,362.0,3.157,436.1881,11.35,11.7,,6499.0,4.084,True,exoplanets.org
KOI 5104.01,0.0,0.0,0.002,0.15,0.012341,887.0,746.0,3.16,21.158,4.706,14.0,,6063.0,4.476,True,exoplanets.org
KOI 5107.01,0.0,0.001,0.001,1.49,1.0,907.0,763.0,3.049,169.3307,2.6,11.4,,5106.0,3.006,True,exoplanets.org
KOI 5117.01,0.0,0.0,0.002,0.17,0.014708,638.0,536.0,3.081,33.3727,3.663,14.1,,5504.0,4.583,True,exoplanets.org
KOI 5119.01,0.0,0.002,0.004,1.79,1.0,964.0,810.0,2.89,143.1637,4.854,10.3,,5145.0,3.05,True,exoplanets.org
KOI 5126.01,0.0,0.0,0.001,1.22,1.0,601.0,506.0,3.218,418.0435,10.777,11.3,,5110.0,3.184,True,exoplanets.org
KOI 5135.01,0.0,0.0,0.001,0.18,0.015125,282.0,237.0,3.071,314.7654,3.325,13.6,,5228.0,4.6,True,exoplanets.org
KOI 5142.01,0.0,0.0,0.003,0.3,0.034915,343.0,288.0,2.991,198.8959,4.193,13.7,,5184.0,4.502,True,exoplanets.org
KOI 5149.01,0.0,0.0,0.002,0.12,0.008478,615.0,517.0,3.174,43.6813,12.37,13.9,,5726.0,4.564,True,exoplanets.org
KOI 5155.01,0.0,0.0,0.007,0.68,0.188534,451.0,379.0,3.011,230.1804,13.436,13.8,,6313.0,4.364,True,exoplanets.org
KOI 5156.01,5.783,1.919,2.094,2.75,1.0,2595.0,2182.0,2.514,1.6803,12.585,10.6,,6423.0,4.121,True,exoplanets.org
KOI 5158.01,0.0,0.0,0.004,0.39,0.066894,751.0,632.0,3.03,151.1301,3.49,10.7,,6768.0,3.844,True,exoplanets.org
KOI 5164.01,0.0,0.0,0.002,0.1,0.005311,447.0,376.0,3.09,209.9675,2.585,11.2,,6437.0,4.439,True,exoplanets.org
KOI 5169.01,0.0,0.0,0.002,0.15,0.012961,717.0,603.0,3.135,21.3684,1.18,13.4,,5204.0,4.515,True,exoplanets.org
KOI 5174.01,0.001,0.002,0.005,0.54,0.100239,1538.0,1294.0,2.932,22.4933,3.172,9.4,,5186.0,3.273,True,exoplanets.org
KOI 5176.01,0.0,0.0,0.001,0.11,0.007059,379.0,319.0,3.141,215.7324,1.915,11.7,,5790.0,4.479,True,exoplanets.org
KOI 5192.01,0.0,0.0,0.004,0.08,0.002522,477.0,401.0,2.949,50.554,6.159,12.7,,4895.0,4.609,True,exoplanets.org
KOI 5202.01,0.0,0.0,0.002,0.16,0.013763,295.0,248.0,3.107,535.9372,11.85,13.2,,6014.0,4.494,True,exoplanets.org
KOI 5205.01,0.0,0.0,0.007,0.26,0.026392,404.0,339.0,2.987,313.0514,10.969,11.5,,6218.0,4.322,True,exoplanets.org
KOI 5207.01,0.0,0.0,0.006,0.06,0.000983,919.0,773.0,2.771,18.9828,6.303,11.5,,5962.0,4.443,True,exoplanets.org
KOI 521.01,0.0,0.002,0.009,0.41,0.073622,1175.0,988.0,3.031,10.161,3.1627,13.2,,6032.0,4.387,True,exoplanets.org
KOI 521.02,0.0,0.0,0.002,0.11,0.005802,1151.0,968.0,3.106,10.8206,2.848,13.2,,6032.0,4.387,True,exoplanets.org
KOI 5211.01,0.0,0.0,0.01,0.05,0.000521,1338.0,1125.0,2.654,3.5645,2.062,11.3,,5435.0,4.578,True,exoplanets.org
KOI 5216.01,0.0,0.0,0.002,0.23,0.021084,317.0,266.0,3.001,377.3111,3.33,13.8,,5897.0,4.531,True,exoplanets.org
KOI 522.01,0.0,0.001,0.01,0.3,0.034448,954.0,802.0,2.991,12.8299,2.942,12.9,,5862.0,4.555,True,exoplanets.org
KOI 5223.01,0.0,0.0,0.004,0.75,0.26245,472.0,397.0,3.063,354.2115,18.594,11.2,,4842.0,3.562,True,exoplanets.org
KOI 5224.01,0.0,0.0,0.003,0.22,0.020187,489.0,411.0,3.006,171.0287,11.784,13.4,,6123.0,4.332,True,exoplanets.org
KOI 5228.01,0.0,0.0,0.008,0.09,0.003497,122.0,103.0,3.011,546.5331,16.04,11.9,,3434.0,4.892,True,exoplanets.org
Kepler-177 c,,,,0.6,0.136662,659.0,554.0,,49.412,5.278,13.4,1497.45,5768.0,4.41,True,exoplanets.org
Kepler-177 b,,,,0.24,0.022743,727.0,611.0,,36.855,7.495,13.4,1497.45,5768.0,4.41,True,exoplanets.org
KOI 5230.01,0.0,0.0,0.002,0.39,0.067207,488.0,410.0,3.03,330.7381,4.998,11.4,,5458.0,3.755,True,exoplanets.org
KOI 5231.01,0.0,0.0,0.002,0.18,0.015383,555.0,467.0,3.065,78.8761,4.912,14.1,,6046.0,4.509,True,exoplanets.org
KOI 5237.01,0.0,0.0,0.002,0.16,0.013839,291.0,245.0,3.105,380.3947,10.775,13.6,,5772.0,4.608,True,exoplanets.org
KOI 524.01,0.0,0.001,0.009,0.22,0.020438,1202.0,1011.0,3.004,4.5924,2.2748,13.0,,5351.0,4.582,True,exoplanets.org
KOI 5247.01,0.0,0.0,0.004,0.29,0.032427,409.0,344.0,2.989,282.0309,14.69,13.3,,6343.0,4.411,True,exoplanets.org
KOI 5248.01,0.0,0.0,0.003,0.12,0.008914,391.0,329.0,3.183,179.2546,22.35,13.4,,5692.0,4.496,True,exoplanets.org
KOI 5249.01,0.0,0.0,0.002,0.11,0.006869,968.0,814.0,3.136,19.4534,4.873,13.1,,6372.0,4.453,True,exoplanets.org
KOI 5254.01,0.0,0.0,0.003,0.11,0.005971,469.0,395.0,3.111,232.9161,7.037,9.4,,5807.0,4.108,True,exoplanets.org
KOI 5269.01,0.0,0.0,0.003,0.26,0.025879,314.0,264.0,2.988,371.5063,8.854,13.6,,5696.0,4.491,True,exoplanets.org
KOI 5276.01,0.0,0.0,0.003,0.18,0.015125,305.0,256.0,3.071,220.7201,8.186,13.8,,5150.0,4.634,True,exoplanets.org
KOI 5278.01,0.0,0.0,0.008,0.64,0.164032,293.0,246.0,2.991,281.5922,5.673,13.9,,5330.0,4.627,True,exoplanets.org
KOI 5279.01,0.0,0.0,0.002,0.17,0.014708,538.0,452.0,3.081,103.7222,6.061,13.1,,5784.0,4.33,True,exoplanets.org
KOI 5281.01,0.0,0.001,0.005,2.13,1.0,731.0,614.0,2.736,263.9014,4.303,11.3,,5094.0,3.126,True,exoplanets.org
KOI 5283.01,0.0,0.0,0.004,0.07,0.001621,886.0,745.0,2.865,18.7822,5.573,12.5,,5919.0,4.488,True,exoplanets.org
KOI 5284.01,0.0,0.0,0.07,2.46,1.0,319.0,268.0,2.611,389.3163,5.49,12.9,,5731.0,4.44,True,exoplanets.org
KOI 5287.01,0.067,0.008,0.005,2.51,1.0,4283.0,3601.0,2.596,3.9892,1.913,11.2,,4998.0,2.524,True,exoplanets.org
KOI 5288.01,0.0,0.0,0.002,0.17,0.014305,685.0,576.0,3.091,29.5633,1.562,13.8,,5595.0,4.562,True,exoplanets.org
KOI 5290.01,0.0,0.0,0.003,0.18,0.015647,293.0,246.0,3.06,435.5063,34.16,14.1,,5750.0,4.538,True,exoplanets.org
KOI 5297.01,0.0,0.0,0.003,0.07,0.001423,1055.0,887.0,2.84,8.0907,2.648,12.7,,5374.0,4.495,True,exoplanets.org
KOI 531.01,0.0,0.008,0.031,0.52,0.116793,897.0,754.0,3.037,3.6875,1.0668,11.6,,4004.0,4.659,True,exoplanets.org
KOI 5310.01,0.0,0.0,0.002,0.1,0.004848,821.0,691.0,3.073,22.2904,1.623,12.3,,5597.0,4.418,True,exoplanets.org
KOI 5321.01,0.0,0.0,0.003,0.17,0.014464,525.0,441.0,3.087,215.6344,15.097,11.8,,6163.0,4.06,True,exoplanets.org
KOI 5322.01,0.0,0.001,0.002,0.72,0.23228,1367.0,1149.0,3.042,30.9289,3.436,11.6,,5029.0,3.237,True,exoplanets.org
KOI 5324.01,0.0,0.0,0.002,0.61,0.140646,556.0,468.0,2.971,293.3926,3.661,11.6,,5203.0,3.489,True,exoplanets.org
KOI 5327.01,0.0,0.0,0.007,0.19,0.015916,712.0,599.0,3.055,5.4336,1.0338,12.2,,3694.0,4.686,True,exoplanets.org
KOI 5329.01,0.0,0.0,0.009,0.98,0.878934,422.0,355.0,3.355,200.235,23.612,13.8,,6108.0,4.471,True,exoplanets.org
KOI 533.02,0.0,0.0,0.003,0.13,0.011565,1428.0,1201.0,3.228,3.5247,2.484,12.9,,5372.0,4.434,True,exoplanets.org
KOI 5331.01,0.0,0.0,0.002,0.1,0.005471,630.0,530.0,3.095,31.5035,3.315,13.3,,5269.0,4.567,True,exoplanets.org
KOI 5332.01,0.0,0.0,0.002,0.1,0.004273,912.0,767.0,3.049,22.2381,2.68,12.8,,6192.0,4.433,True,exoplanets.org
KOI 5333.01,0.0,0.0,0.002,0.15,0.012613,897.0,755.0,3.149,20.5478,4.634,13.8,,5922.0,4.429,True,exoplanets.org
KOI 5336.01,0.0,0.0,0.004,0.29,0.032865,537.0,452.0,2.989,265.7414,18.078,12.2,,6537.0,4.044,True,exoplanets.org
KOI 5341.01,0.0,0.0,0.003,0.2,0.017568,1198.0,1007.0,3.03,15.1858,0.633,11.2,,6311.0,4.207,True,exoplanets.org
KOI 5344.01,0.0,0.0,0.002,0.33,0.043606,481.0,404.0,3.006,445.3513,6.516,12.6,,7202.0,4.112,True,exoplanets.org
KOI 5358.01,0.0,0.0,0.002,0.14,0.011749,597.0,502.0,3.188,126.5861,5.41,11.7,,6611.0,4.269,True,exoplanets.org
KOI 5359.01,0.0,0.0,0.004,0.14,0.011685,927.0,779.0,3.192,2.72,1.874,13.6,,3939.0,4.735,True,exoplanets.org
KOI 5360.01,0.0,0.0,0.001,0.18,0.015125,843.0,709.0,3.071,54.5957,2.21,12.1,,6014.0,3.989,True,exoplanets.org
KOI 5369.01,0.0,0.0,0.001,1.3,1.0,534.0,449.0,3.166,651.358,4.384,10.7,,5122.0,3.172,True,exoplanets.org
KOI 5372.01,0.0,0.0,0.001,0.15,0.012408,438.0,369.0,3.157,212.604,5.74,12.3,,5834.0,4.284,True,exoplanets.org
KOI 5373.01,0.0,0.001,0.003,0.45,0.086641,1027.0,864.0,3.033,50.5508,2.353,9.3,,5031.0,3.433,True,exoplanets.org
KOI 5375.01,0.0,0.0,0.002,0.53,0.123551,549.0,462.0,3.038,285.3746,4.865,11.6,,5142.0,3.47,True,exoplanets.org
KOI 5379.01,0.0,0.0,0.003,0.68,0.189281,522.0,439.0,3.011,520.6552,12.94,10.5,,5227.0,3.321,True,exoplanets.org
KOI 5380.01,0.0,0.0,0.002,0.29,0.032865,351.0,295.0,2.989,369.9336,7.6,13.9,,6158.0,4.453,True,exoplanets.org
KOI 5384.01,0.005,0.012,0.011,0.85,0.677199,1384.0,1164.0,3.369,7.9545,4.6012,12.9,,6217.0,4.306,True,exoplanets.org
KOI 5387.01,0.0,0.0,0.005,0.1,0.005471,217.0,182.0,3.095,297.7828,18.38,11.9,,4192.0,4.657,True,exoplanets.org
KOI 5390.01,0.0,0.0,0.002,0.46,0.091346,647.0,544.0,3.034,104.1981,3.2,12.3,,5087.0,3.759,True,exoplanets.org
KOI 5393.01,0.0,0.001,0.002,1.69,1.0,753.0,633.0,2.94,248.4218,4.187,11.1,,4895.0,3.008,True,exoplanets.org
KOI 5398.01,0.0,0.0,0.002,0.19,0.016008,268.0,225.0,3.053,551.224,5.896,12.8,,5691.0,4.544,True,exoplanets.org
KOI 5406.01,0.0,0.0,0.006,0.07,0.001553,1923.0,1617.0,2.857,5.7197,3.938,10.1,,6356.0,3.985,True,exoplanets.org
KOI 5408.01,0.0,0.0,0.002,0.29,0.032865,368.0,309.0,2.989,415.7488,3.313,12.1,,5324.0,4.027,True,exoplanets.org
KOI 5410.01,0.0,0.0,0.003,0.09,0.002822,912.0,767.0,2.97,24.1528,4.451,12.2,,6223.0,4.392,True,exoplanets.org
KOI 5411.01,0.0,0.0,0.002,0.12,0.010066,1662.0,1398.0,3.204,11.1734,4.545,12.3,,7372.0,4.142,True,exoplanets.org
KOI 5413.01,0.0,0.0,0.002,0.18,0.015125,307.0,258.0,3.071,428.3793,4.066,12.4,,5574.0,4.381,True,exoplanets.org
KOI 5418.01,0.0,0.0,0.002,0.11,0.006145,854.0,719.0,3.116,14.2673,3.171,13.4,,5475.0,4.567,True,exoplanets.org
KOI 5423.01,0.0,0.0,0.003,0.23,0.022033,345.0,290.0,2.997,366.5571,11.62,13.4,,5857.0,4.403,True,exoplanets.org
KOI 5426.01,0.0,0.0,0.003,0.16,0.013392,566.0,476.0,3.119,124.8872,8.599,12.1,,6103.0,4.209,True,exoplanets.org
KOI 5433.01,0.0,0.0,0.004,0.23,0.020953,393.0,331.0,3.002,237.819,11.324,13.1,,5878.0,4.424,True,exoplanets.org
KOI 5435.01,0.0,0.0,0.002,0.15,0.01289,729.0,613.0,3.138,15.9961,1.656,13.6,,4949.0,4.588,True,exoplanets.org
KOI 5440.01,0.0,0.0,0.002,0.16,0.013174,582.0,489.0,3.127,74.6241,8.881,13.8,,6187.0,4.499,True,exoplanets.org
KOI 5451.01,0.0,0.0,0.003,0.39,0.066582,414.0,348.0,3.03,529.3917,10.869,11.1,,5283.0,3.699,True,exoplanets.org
KOI 5458.01,0.0,0.0,0.003,0.2,0.016862,490.0,412.0,3.039,56.6486,4.534,13.5,,5023.0,4.565,True,exoplanets.org
KOI 5459.01,0.0,0.0,0.005,0.28,0.029927,1000.0,841.0,2.987,53.5545,5.533,10.1,,6039.0,3.76,True,exoplanets.org
KOI 5461.01,0.0,0.002,0.003,1.6,1.0,1034.0,869.0,2.988,119.0796,16.268,11.1,,4849.0,2.942,True,exoplanets.org
KOI 547.02,0.0,0.0,0.003,0.09,0.002822,1019.0,857.0,2.97,7.3467,2.136,12.9,,5271.0,4.578,True,exoplanets.org
KOI 547.03,0.0,0.0,0.002,0.1,0.004554,883.0,742.0,3.061,12.386,2.604,12.9,,5121.0,4.457,True,exoplanets.org
KOI 5472.01,0.0,0.0,0.002,0.47,0.096555,819.0,689.0,3.035,97.5137,2.655,10.7,,5437.0,3.57,True,exoplanets.org
KOI 5475.02,0.0,0.0,0.003,0.09,0.002822,1634.0,1374.0,2.97,5.6833,1.778,11.7,,6072.0,4.133,True,exoplanets.org
KOI 5476.01,0.0,0.0,0.003,0.22,0.020565,477.0,401.0,3.004,148.1793,12.733,13.8,,5635.0,4.278,True,exoplanets.org
KOI 5479.01,0.0,0.001,0.005,0.5,0.111446,1111.0,934.0,3.036,18.3471,2.825,12.4,,5465.0,3.968,True,exoplanets.org
KOI 548.02,0.0,0.0,0.003,0.08,0.001838,1432.0,1204.0,2.889,6.0799,2.706,12.7,,6008.0,4.35,True,exoplanets.org
KOI 5480.01,0.0,0.0,0.003,0.52,0.116793,765.0,643.0,3.037,57.14,5.684,14.5,,5936.0,4.103,True,exoplanets.org
KOI 5482.01,0.0,0.0,0.008,0.26,0.027274,711.0,598.0,2.987,31.7076,7.6771,13.5,,5861.0,4.546,True,exoplanets.org
KOI 5485.01,0.006,0.003,0.002,1.55,1.0,1987.0,1670.0,3.014,9.3589,3.169,14.4,,5188.0,3.327,True,exoplanets.org
KOI 5486.01,0.162,0.043,0.037,2.09,1.0,2979.0,2505.0,2.752,4.1547,1.791,11.5,,6996.0,3.627,True,exoplanets.org
KOI 5487.01,0.0,0.0,0.001,0.26,0.027095,719.0,605.0,2.987,48.813,1.538,14.3,,6202.0,4.395,True,exoplanets.org
KOI 5497.01,0.0,0.0,0.003,0.09,0.003744,769.0,647.0,3.024,93.3597,5.397,9.9,,6809.0,4.078,True,exoplanets.org
KOI 5499.01,0.0,0.0,0.004,0.11,0.005802,362.0,305.0,3.106,122.5848,22.37,13.3,,5003.0,4.602,True,exoplanets.org
KOI 5500.01,0.0,0.0,0.001,0.14,0.012141,691.0,581.0,3.169,84.9344,3.169,12.1,,6290.0,4.156,True,exoplanets.org
KOI 5506.01,0.0,0.0,0.002,0.14,0.012207,298.0,251.0,3.166,641.602,16.762,12.8,,6277.0,4.449,True,exoplanets.org
KOI 5509.01,0.0,0.0,0.001,0.13,0.010307,797.0,670.0,3.208,28.4063,2.598,13.8,,6085.0,4.474,True,exoplanets.org
KOI 5511.01,0.0,0.0,0.002,0.15,0.012681,767.0,645.0,3.146,74.8336,3.247,10.8,,5933.0,3.953,True,exoplanets.org
KOI 5512.01,0.0,0.0,0.005,0.27,0.028377,1009.0,849.0,2.986,8.5853,2.834,14.6,,5488.0,4.57,True,exoplanets.org
KOI 5514.01,0.0,0.0,0.001,0.23,0.022033,717.0,603.0,2.997,102.1008,2.009,12.5,,6359.0,4.046,True,exoplanets.org
KOI 5515.01,0.003,0.004,0.008,0.58,0.170278,1534.0,1290.0,3.104,6.2635,0.8513,12.4,,6247.0,4.255,True,exoplanets.org
KOI 5517.01,0.0,0.0,0.001,0.64,0.157575,608.0,511.0,2.986,335.4314,10.3,11.7,,5172.0,3.315,True,exoplanets.org
KOI 5528.01,0.0,0.0,0.001,0.18,0.015296,401.0,337.0,3.067,201.6218,3.172,13.5,,5919.0,4.483,True,exoplanets.org
KOI 5532.01,0.001,0.001,0.003,0.54,0.100239,1529.0,1285.0,2.932,24.6777,5.088,11.0,,4995.0,3.118,True,exoplanets.org
KOI 554.01,0.04,0.022,0.012,1.3,1.0,2059.0,1731.0,3.164,3.6585,2.573,13.1,,5857.0,3.972,True,exoplanets.org
KOI 5541.01,0.0,0.0,0.002,0.18,0.01547,325.0,274.0,3.064,339.6338,8.859,13.2,,5823.0,4.522,True,exoplanets.org
KOI 5545.01,0.0,0.0,0.003,0.1,0.004136,268.0,225.0,3.043,541.0447,12.47,12.0,,5829.0,4.575,True,exoplanets.org
KOI 5546.01,0.0,0.0,0.001,0.27,0.02819,335.0,282.0,2.986,514.2715,3.46,13.5,,6343.0,4.411,True,exoplanets.org
KOI 555.02,0.0,0.0,0.007,0.27,0.029335,477.0,401.0,2.986,86.4944,7.471,12.9,,5252.0,4.442,True,exoplanets.org
KOI 5552.01,0.0,0.0,0.003,0.19,0.016008,345.0,290.0,3.053,295.9589,4.244,11.5,,5505.0,4.386,True,exoplanets.org
KOI 5553.01,0.0,0.0,0.004,0.21,0.018206,433.0,364.0,3.023,120.9387,8.818,13.6,,5456.0,4.477,True,exoplanets.org
KOI 5554.01,0.0,0.0,0.005,0.09,0.002719,406.0,341.0,2.963,362.222,14.29,9.8,,6113.0,4.168,True,exoplanets.org
KOI 5556.01,0.0,0.0,0.002,0.17,0.013992,273.0,229.0,3.1,631.9912,2.99,11.3,,5594.0,4.387,True,exoplanets.org
KOI 5563.01,0.001,0.001,0.002,0.34,0.047898,1848.0,1554.0,3.014,7.6221,1.902,11.6,,5222.0,3.556,True,exoplanets.org
KOI 5566.01,0.015,0.002,0.007,0.28,0.03157,4138.0,3479.0,2.988,0.9887,2.023,11.3,,6456.0,3.725,True,exoplanets.org
KOI 5570.01,0.0,0.0,0.002,0.2,0.017777,255.0,215.0,3.027,574.653,4.37,13.0,,5596.0,4.553,True,exoplanets.org
KOI 5572.01,0.0,0.0,0.003,0.07,0.001302,693.0,582.0,2.824,21.9578,1.038,11.7,,5192.0,4.583,True,exoplanets.org
KOI 5574.01,0.0,0.0,0.004,0.23,0.020953,205.0,173.0,3.002,373.4151,6.617,13.1,,4236.0,4.642,True,exoplanets.org
KOI 5577.01,0.0,0.0,0.002,0.26,0.026917,396.0,333.0,2.987,495.519,3.592,12.0,,6043.0,4.038,True,exoplanets.org
KOI 5578.01,0.0,0.0,0.003,0.27,0.028004,488.0,411.0,2.986,388.0485,3.456,9.5,,5779.0,3.765,True,exoplanets.org
KOI 5579.01,0.0,0.0,0.001,0.14,0.011944,592.0,498.0,3.179,34.027,1.586,13.4,,4999.0,4.514,True,exoplanets.org
KOI 558.01,0.0,0.0,0.006,0.21,0.01799,979.0,824.0,3.025,9.1786,2.1945,13.1,,5506.0,4.584,True,exoplanets.org
KOI 5583.01,0.0,0.0,0.002,0.12,0.008055,762.0,640.0,3.165,20.5859,3.069,13.5,,5523.0,4.526,True,exoplanets.org
KOI 5585.01,0.0,0.0,0.003,0.31,0.037855,645.0,542.0,2.996,113.5739,3.007,10.3,,5155.0,3.768,True,exoplanets.org
KOI 5591.01,0.0,0.0,0.002,0.36,0.055562,448.0,377.0,3.028,317.0094,3.013,11.4,,5066.0,3.787,True,exoplanets.org
KOI 5592.01,0.0,0.0,0.003,0.21,0.01799,314.0,264.0,3.025,482.517,14.791,13.5,,6168.0,4.488,True,exoplanets.org
KOI 5597.01,0.0,0.0,0.007,0.07,0.001032,1005.0,845.0,2.78,7.7771,3.418,11.8,,5073.0,4.481,True,exoplanets.org
KOI 5600.01,0.0,0.001,0.006,0.43,0.079995,784.0,660.0,3.032,17.1681,13.04,12.3,,5053.0,3.824,True,exoplanets.org
KOI 5603.01,0.0,0.0,0.003,0.61,0.138927,511.0,430.0,2.97,341.5579,3.365,10.4,,5138.0,3.551,True,exoplanets.org
KOI 5604.01,0.0,0.0,0.002,0.22,0.020187,417.0,350.0,3.006,476.9198,5.07,11.6,,6282.0,4.063,True,exoplanets.org
KOI 5605.01,0.002,0.005,0.008,0.63,0.223824,1436.0,1208.0,3.148,9.0119,4.167,12.5,,5627.0,4.002,True,exoplanets.org
KOI 5608.01,0.0,0.0,0.001,0.19,0.016192,568.0,477.0,3.05,87.5655,2.527,13.7,,6064.0,4.429,True,exoplanets.org
KOI 5612.01,0.0,0.0,0.002,0.23,0.02135,289.0,243.0,3.0,353.6593,4.543,14.0,,5438.0,4.574,True,exoplanets.org
KOI 5613.01,0.0,0.0,0.002,0.22,0.019221,326.0,274.0,3.013,346.4174,9.23,13.8,,5754.0,4.49,True,exoplanets.org
KOI 5625.01,0.0,0.0,0.008,0.3,0.034915,397.0,334.0,2.991,116.4543,15.826,13.9,,5197.0,4.548,True,exoplanets.org
KOI 5626.01,0.0,0.0,0.004,0.59,0.125787,380.0,320.0,2.958,397.4992,8.019,13.9,,6423.0,4.37,True,exoplanets.org
KOI 5628.01,0.0,0.0,0.002,0.12,0.008265,588.0,495.0,3.169,24.9093,3.8,13.4,,4810.0,4.633,True,exoplanets.org
KOI 5629.01,0.0,0.0,0.002,0.17,0.014545,529.0,445.0,3.085,192.1387,3.218,11.1,,6065.0,4.098,True,exoplanets.org
KOI 5632.01,0.0,0.0,0.009,0.23,0.021756,450.0,379.0,2.998,264.4666,6.371,10.0,,6551.0,4.337,True,exoplanets.org
KOI 5633.01,0.0,0.0,0.003,0.39,0.065033,801.0,673.0,3.03,151.7788,2.615,9.9,,6328.0,3.634,True,exoplanets.org
KOI 5638.01,0.0,0.0,0.002,0.14,0.011879,417.0,351.0,3.182,290.02,23.87,13.4,,6452.0,4.384,True,exoplanets.org
KOI 5639.01,0.0,0.0,0.003,0.44,0.08381,514.0,432.0,3.033,279.2196,10.015,11.7,,5159.0,3.648,True,exoplanets.org
KOI 5640.01,0.0,0.0,0.002,0.85,0.42012,641.0,539.0,3.156,348.666,3.849,10.0,,5183.0,3.166,True,exoplanets.org
KOI 5642.01,0.0,0.0,0.003,0.23,0.021084,527.0,443.0,3.001,222.2806,3.035,11.2,,6543.0,4.17,True,exoplanets.org
KOI 5649.01,0.0,0.0,0.003,0.21,0.018206,243.0,204.0,3.023,426.9422,3.965,13.2,,5126.0,4.623,True,exoplanets.org
KOI 5651.01,0.0,0.0,0.003,0.15,0.012961,446.0,375.0,3.135,83.4996,16.03,13.6,,5141.0,4.526,True,exoplanets.org
KOI 5652.01,0.0,0.0,0.003,0.13,0.010799,393.0,331.0,3.216,91.507,5.019,12.7,,5040.0,4.635,True,exoplanets.org
KOI 5653.01,0.0,0.0,0.003,0.18,0.015296,301.0,253.0,3.067,188.6641,5.179,13.2,,4788.0,4.599,True,exoplanets.org
KOI 5657.01,0.0,0.0,0.002,0.18,0.015125,381.0,320.0,3.071,284.6999,3.709,12.8,,6054.0,4.425,True,exoplanets.org
KOI 566.02,0.0,0.0,0.002,0.1,0.004412,1012.0,851.0,3.055,14.1574,3.786,13.2,,6122.0,4.487,True,exoplanets.org
KOI 566.03,0.0,0.0,0.002,0.12,0.008265,704.0,592.0,3.169,42.0686,5.723,13.2,,6122.0,4.487,True,exoplanets.org
KOI 5660.01,0.0,0.0,0.001,0.89,0.518989,588.0,494.0,3.206,402.2097,5.298,11.3,,4961.0,3.131,True,exoplanets.org
KOI 5663.01,0.0,0.0,0.002,0.14,0.011621,510.0,429.0,3.195,140.8845,10.245,11.8,,5960.0,4.306,True,exoplanets.org
KOI 5665.01,0.0,0.0,0.002,0.12,0.008478,679.0,571.0,3.174,100.4941,2.679,10.0,,6018.0,4.036,True,exoplanets.org
KOI 5666.01,0.0,0.0,0.001,0.11,0.007059,432.0,363.0,3.141,182.4532,2.721,12.5,,6164.0,4.483,True,exoplanets.org
KOI 5671.01,0.0,0.0,0.001,0.15,0.013031,463.0,390.0,3.132,190.9052,2.529,12.0,,6098.0,4.321,True,exoplanets.org
KOI 5677.01,0.0,0.0,0.002,0.1,0.004999,778.0,654.0,3.078,20.5143,3.524,13.2,,5221.0,4.422,True,exoplanets.org
KOI 5680.01,0.0,0.0,0.002,0.26,0.027455,390.0,328.0,2.986,557.9288,4.788,11.4,,5553.0,3.805,True,exoplanets.org
KOI 5682.01,0.0,0.0,0.002,0.66,0.179782,830.0,698.0,3.004,46.9694,1.944,14.0,,5401.0,3.885,True,exoplanets.org
KOI 5684.01,0.0,0.004,0.012,2.17,1.0,877.0,737.0,2.721,206.8011,6.6,8.9,,5048.0,2.978,True,exoplanets.org
KOI 5685.01,0.024,0.01,0.005,1.6,1.0,2140.0,1800.0,2.985,14.0019,4.257,11.3,,4883.0,2.783,True,exoplanets.org
KOI 5688.01,0.0,0.0,0.002,0.18,0.015383,772.0,649.0,3.065,14.5555,2.07,14.7,,5176.0,4.612,True,exoplanets.org
KOI 5689.01,0.0,0.0,0.002,0.25,0.023939,383.0,322.0,2.991,114.1272,1.719,13.5,,4816.0,4.508,True,exoplanets.org
KOI 5692.01,0.0,0.0,0.013,0.05,0.000492,1084.0,911.0,2.644,2.6418,2.127,11.2,,4147.0,4.601,True,exoplanets.org
KOI 5694.01,0.0,0.0,0.001,0.11,0.007059,438.0,369.0,3.141,107.9045,2.053,12.6,,5565.0,4.574,True,exoplanets.org
KOI 5702.01,0.0,0.0,0.001,0.23,0.021084,313.0,263.0,3.001,511.882,4.822,13.9,,6141.0,4.454,True,exoplanets.org
KOI 5704.01,0.0,0.0,0.003,0.1,0.005153,407.0,342.0,3.084,96.1671,2.775,11.4,,5147.0,4.617,True,exoplanets.org
KOI 5707.01,0.0,0.0,0.001,0.26,0.025879,451.0,380.0,2.988,208.8007,1.964,13.7,,6208.0,4.372,True,exoplanets.org
KOI 5712.01,0.0,0.0,0.002,0.3,0.0366,279.0,235.0,2.994,287.7561,5.487,14.6,,4965.0,4.586,True,exoplanets.org
KOI 5718.01,0.0,0.0,0.003,0.46,0.093932,384.0,323.0,3.034,233.6457,10.05,14.8,,5780.0,4.438,True,exoplanets.org
KOI 5727.01,0.0,0.0,0.003,0.23,0.021756,438.0,368.0,2.998,65.3559,2.165,13.3,,4703.0,4.55,True,exoplanets.org
KOI 5732.01,0.0,0.0,0.002,0.14,0.011621,649.0,546.0,3.195,39.3999,5.729,13.9,,5913.0,4.581,True,exoplanets.org
KOI 5736.01,0.0,0.0,0.002,0.2,0.01716,490.0,412.0,3.035,161.6515,2.509,12.2,,5725.0,4.212,True,exoplanets.org
KOI 5737.01,0.0,0.0,0.001,0.12,0.008265,330.0,278.0,3.169,376.2425,4.064,12.3,,5916.0,4.463,True,exoplanets.org
KOI 5740.01,0.0,0.0,0.002,0.09,0.003261,876.0,737.0,2.998,21.7998,4.756,13.3,,6122.0,4.487,True,exoplanets.org
KOI 5747.01,0.0,0.0,0.002,0.26,0.025543,444.0,373.0,2.988,411.4471,3.481,12.1,,6519.0,4.108,True,exoplanets.org
KOI 5748.01,0.0,0.0,0.003,0.11,0.005802,651.0,547.0,3.106,29.9371,4.435,12.6,,5115.0,4.47,True,exoplanets.org
KOI 5749.01,0.0,0.0,0.002,0.21,0.018097,266.0,223.0,3.024,281.9533,2.756,13.2,,4864.0,4.628,True,exoplanets.org
KOI 5758.01,0.0,0.0,0.003,0.24,0.023035,411.0,346.0,2.993,102.4931,2.814,13.2,,5166.0,4.583,True,exoplanets.org
KOI 5761.01,0.0,0.0,0.001,0.14,0.011879,1792.0,1507.0,3.182,6.1329,1.561,11.9,,5877.0,3.941,True,exoplanets.org
KOI 5762.01,0.0,0.0,0.002,0.12,0.009364,895.0,753.0,3.191,12.6306,2.212,13.7,,5579.0,4.58,True,exoplanets.org
KOI 5769.01,0.0,0.0,0.003,0.09,0.002822,1218.0,1024.0,2.97,7.5806,3.484,12.8,,5753.0,4.417,True,exoplanets.org
KOI 577.01,0.0,0.0,0.006,0.2,0.017883,615.0,517.0,3.026,39.6766,5.04,12.4,,5244.0,4.449,True,exoplanets.org
KOI 5772.01,0.0,0.0,0.001,0.12,0.008265,581.0,489.0,3.169,75.6363,2.588,12.3,,6072.0,4.467,True,exoplanets.org
KOI 5776.01,0.0,0.0,0.002,0.41,0.072967,596.0,501.0,3.031,198.6004,3.53,11.2,,5357.0,3.641,True,exoplanets.org
KOI 5782.01,0.0,0.0,0.003,0.6,0.132224,461.0,387.0,2.964,584.556,3.671,9.4,,5208.0,3.458,True,exoplanets.org
KOI 5787.01,0.0,0.0,0.002,0.11,0.005802,624.0,524.0,3.106,69.7756,9.205,13.0,,6224.0,4.413,True,exoplanets.org
KOI 5790.01,0.0,0.0,0.006,0.33,0.045095,314.0,264.0,3.009,178.267,5.276,13.3,,4899.0,4.624,True,exoplanets.org
KOI 5798.01,0.0,0.0,0.002,0.18,0.015383,276.0,232.0,3.065,318.2586,4.39,13.6,,5108.0,4.596,True,exoplanets.org
KOI 5799.01,0.0,0.0,0.002,0.25,0.024887,511.0,430.0,2.989,184.8832,3.025,11.9,,5620.0,4.036,True,exoplanets.org
KOI 5800.01,0.0,0.0,0.002,0.12,0.008694,1137.0,956.0,3.178,11.0068,5.112,13.8,,6091.0,4.424,True,exoplanets.org
KOI 5801.01,0.0,0.0,0.003,0.17,0.01479,408.0,343.0,3.079,177.3758,21.14,14.0,,5849.0,4.517,True,exoplanets.org
KOI 5806.01,0.0,0.0,0.002,0.11,0.007059,353.0,297.0,3.141,313.8275,4.187,10.9,,5914.0,4.453,True,exoplanets.org
KOI 5810.01,0.0,0.0,0.001,0.2,0.017465,361.0,304.0,3.031,425.5934,3.815,12.0,,5458.0,4.09,True,exoplanets.org
KOI 5812.01,0.001,0.0,0.003,0.13,0.011494,1876.0,1578.0,3.202,3.1318,1.632,12.5,,6070.0,4.246,True,exoplanets.org
KOI 5815.01,0.0,0.0,0.003,0.31,0.039684,492.0,414.0,2.999,207.7679,5.21,11.7,,5210.0,3.894,True,exoplanets.org
KOI 5816.01,0.0,0.002,0.001,1.25,1.0,1142.0,960.0,3.199,82.5081,3.806,10.3,,4986.0,3.01,True,exoplanets.org
KOI 5817.01,0.0,0.0,0.002,0.14,0.012075,584.0,491.0,3.172,113.0835,10.315,12.1,,5903.0,4.179,True,exoplanets.org
KOI 5819.01,0.0,0.0,0.003,0.11,0.006683,276.0,232.0,3.131,381.375,16.57,12.4,,5513.0,4.614,True,exoplanets.org
KOI 5822.01,0.0,0.0,0.002,0.15,0.012751,1095.0,920.0,3.143,17.6343,1.387,10.1,,4885.0,3.815,True,exoplanets.org
KOI 5825.01,0.0,0.0,0.002,0.18,0.015558,472.0,397.0,3.062,208.0471,3.22,12.3,,5991.0,4.175,True,exoplanets.org
KOI 5826.01,0.0,0.0,0.002,0.14,0.011685,492.0,414.0,3.192,30.5615,2.227,13.1,,4294.0,4.609,True,exoplanets.org
KOI 5829.01,0.0,0.0,0.001,0.18,0.014873,255.0,215.0,3.077,583.8531,5.09,13.2,,5591.0,4.559,True,exoplanets.org
KOI 5830.01,0.0,0.001,0.001,1.0,1.0,1201.0,1010.0,3.396,72.7824,3.726,11.4,,5099.0,3.021,True,exoplanets.org
KOI 5831.01,0.0,0.0,0.005,0.16,0.013174,631.0,531.0,3.127,10.5522,2.7355,12.8,,4031.0,4.666,True,exoplanets.org
KOI 5833.01,0.0,0.0,0.007,0.53,0.12484,435.0,366.0,3.038,440.1713,12.217,11.7,,6261.0,4.001,True,exoplanets.org
KOI 5835.01,0.0,0.0,0.002,0.22,0.019576,324.0,272.0,3.01,474.9695,4.58,13.6,,6287.0,4.473,True,exoplanets.org
KOI 5839.01,0.0,0.0,0.004,0.21,0.018206,537.0,451.0,3.023,169.4151,3.884,11.2,,6362.0,4.238,True,exoplanets.org
KOI 5842.01,0.0,0.0,0.002,0.17,0.013915,681.0,573.0,3.103,57.7749,4.731,13.4,,6277.0,4.417,True,exoplanets.org
KOI 5845.01,0.0,0.0,0.005,0.11,0.005635,1165.0,979.0,3.1,22.266,4.816,10.3,,6888.0,4.223,True,exoplanets.org
KOI 5849.01,0.0,0.0,0.002,0.1,0.004848,831.0,699.0,3.073,21.5123,4.337,12.8,,5611.0,4.424,True,exoplanets.org
KOI 5850.01,0.0,0.0,0.002,0.33,0.043606,356.0,299.0,3.006,303.2264,1.802,13.3,,5952.0,4.469,True,exoplanets.org
KOI 5852.01,0.0,0.0,0.002,0.29,0.031995,396.0,333.0,2.988,235.414,3.065,14.0,,6028.0,4.468,True,exoplanets.org
KOI 5854.01,0.0,0.0,0.005,0.26,0.026741,392.0,330.0,2.987,240.5713,11.164,13.1,,6146.0,4.497,True,exoplanets.org
KOI 5855.01,0.0,0.0,0.004,0.55,0.10518,434.0,365.0,2.938,217.7927,4.695,13.5,,5600.0,4.209,True,exoplanets.org
KOI 5863.01,0.0,0.0,0.004,0.08,0.001915,1073.0,902.0,2.897,8.6724,2.826,12.5,,5620.0,4.498,True,exoplanets.org
KOI 5868.01,0.0,0.0,0.001,0.17,0.014226,1121.0,943.0,3.094,22.7783,1.037,12.3,,6538.0,4.162,True,exoplanets.org
KOI 5869.01,0.0,0.0,0.004,0.22,0.019339,348.0,292.0,3.012,114.4062,4.92,13.2,,4641.0,4.589,True,exoplanets.org
KOI 5874.01,0.0,0.0,0.005,0.18,0.015736,345.0,290.0,3.058,287.3311,12.722,11.8,,5426.0,4.378,True,exoplanets.org
KOI 5877.01,0.0,0.0,0.002,0.26,0.02571,376.0,316.0,2.988,230.3582,2.031,14.0,,5803.0,4.465,True,exoplanets.org
KOI 5885.01,0.0,0.0,0.001,0.17,0.01407,473.0,398.0,3.098,111.1491,2.911,13.2,,5763.0,4.511,True,exoplanets.org
KOI 5888.01,0.0,0.0,0.001,0.16,0.013839,355.0,299.0,3.105,190.8608,2.823,13.7,,5463.0,4.578,True,exoplanets.org
KOI 5892.01,0.0,0.0,0.001,0.13,0.010307,629.0,529.0,3.208,37.9597,2.793,13.6,,5573.0,4.558,True,exoplanets.org
KOI 5895.01,0.0,0.0,0.003,0.1,0.005311,1001.0,842.0,3.09,11.8308,8.791,13.5,,5550.0,4.411,True,exoplanets.org
KOI 5899.01,0.0,0.0,0.002,0.11,0.007447,585.0,492.0,3.151,58.6692,3.712,12.2,,5548.0,4.433,True,exoplanets.org
KOI 5901.01,0.0,0.0,0.004,0.12,0.007647,776.0,653.0,3.156,61.6111,14.96,11.1,,6533.0,4.227,True,exoplanets.org
KOI 5902.01,0.0,0.0,0.001,0.11,0.007251,417.0,351.0,3.146,150.7283,2.718,12.8,,5778.0,4.544,True,exoplanets.org
KOI 5909.01,0.0,0.0,0.002,0.12,0.009137,959.0,807.0,3.187,7.0799,2.589,13.7,,4808.0,4.521,True,exoplanets.org
KOI 5911.01,0.0,0.0,0.002,0.27,0.02819,368.0,309.0,2.986,357.4138,3.675,14.0,,6233.0,4.412,True,exoplanets.org
KOI 5913.01,0.0,0.0,0.002,0.18,0.014873,509.0,428.0,3.077,89.3661,3.945,13.8,,5861.0,4.522,True,exoplanets.org
KOI 5917.01,0.0,0.0,0.002,0.14,0.011879,655.0,550.0,3.182,41.9935,3.226,13.1,,5766.0,4.498,True,exoplanets.org
KOI 5918.01,0.0,0.0,0.001,0.13,0.011565,459.0,386.0,3.228,94.6778,2.215,12.4,,5360.0,4.503,True,exoplanets.org
KOI 592.01,0.0,0.0,0.005,0.21,0.018761,738.0,620.0,3.017,39.753,4.9641,12.8,,6072.0,4.411,True,exoplanets.org
KOI 5924.01,0.0,0.0,0.002,0.22,0.020187,284.0,239.0,3.006,291.3065,2.91,13.6,,5031.0,4.548,True,exoplanets.org
KOI 5925.01,0.0,0.0,0.002,0.18,0.014873,654.0,550.0,3.077,93.006,2.461,11.2,,5518.0,3.973,True,exoplanets.org
KOI 5929.01,0.0,0.0,0.007,0.44,0.08381,290.0,244.0,3.033,466.003,10.278,13.1,,5830.0,4.54,True,exoplanets.org
KOI 593.03,0.0,0.0,0.003,0.22,0.019576,649.0,546.0,3.01,51.0674,4.374,13.4,,6004.0,4.484,True,exoplanets.org
KOI 593.04,0.0,0.0,0.003,0.24,0.022743,387.0,326.0,2.994,240.1928,9.72,13.4,,6004.0,4.484,True,exoplanets.org
KOI 5932.01,0.0,0.0,0.005,0.25,0.024407,303.0,255.0,2.99,355.8613,23.39,14.1,,5736.0,4.576,True,exoplanets.org
KOI 5938.01,0.0,0.0,0.001,0.15,0.012544,334.0,281.0,3.152,545.2056,3.296,11.4,,6273.0,4.345,True,exoplanets.org
KOI 5939.01,0.0,0.0,0.001,0.14,0.011621,584.0,491.0,3.195,105.0534,1.988,12.5,,6471.0,4.392,True,exoplanets.org
KOI 5941.01,0.0,0.027,0.628,5.39,1.0,604.0,508.0,1.93,44.706,0.25,12.0,,5509.0,4.482,True,exoplanets.org
KOI 5943.01,0.0,0.0,0.001,0.17,0.01407,935.0,786.0,3.098,27.2021,1.811,12.8,,5869.0,4.175,True,exoplanets.org
KOI 5948.01,0.0,0.0,0.002,0.11,0.0065,289.0,243.0,3.126,398.5131,5.41,12.3,,5776.0,4.596,True,exoplanets.org
KOI 5949.01,0.0,0.0,0.002,0.17,0.014147,324.0,273.0,3.096,559.7856,3.496,11.8,,6201.0,4.352,True,exoplanets.org
KOI 5950.01,0.0,0.0,0.003,0.09,0.003147,409.0,344.0,2.991,109.4395,3.801,11.9,,5359.0,4.611,True,exoplanets.org
KOI 5952.01,0.0,0.0,0.003,0.19,0.016475,450.0,378.0,3.045,164.5074,11.428,13.4,,5866.0,4.382,True,exoplanets.org
KOI 5953.01,0.0,0.0,0.005,0.36,0.055562,285.0,239.0,3.028,370.8479,13.966,13.5,,5291.0,4.539,True,exoplanets.org
KOI 5954.01,0.0,0.0,0.003,0.08,0.002522,548.0,460.0,2.949,73.909,3.916,11.6,,5865.0,4.518,True,exoplanets.org
KOI 5959.01,0.0,0.0,0.002,0.16,0.013103,370.0,311.0,3.13,251.4881,6.8,13.0,,5979.0,4.52,True,exoplanets.org
KOI 5960.01,0.0,0.0,0.003,0.14,0.012274,893.0,751.0,3.163,32.4185,5.154,11.6,,5622.0,4.044,True,exoplanets.org
KOI 5964.01,0.0,0.0,0.004,0.08,0.001764,768.0,646.0,2.881,32.0332,5.289,11.8,,6039.0,4.478,True,exoplanets.org
KOI 5965.01,0.0,0.0,0.002,0.15,0.012751,504.0,424.0,3.143,43.3976,3.908,13.6,,4871.0,4.608,True,exoplanets.org
KOI 5968.01,0.0,0.0,0.002,0.2,0.017883,780.0,656.0,3.026,97.9424,2.575,10.2,,5997.0,3.806,True,exoplanets.org
KOI 5971.01,0.0,0.0,0.004,0.1,0.004136,194.0,163.0,3.043,493.3057,5.425,11.4,,4558.0,4.697,True,exoplanets.org
KOI 5974.01,0.0,0.0,0.014,0.04,0.00026,990.0,832.0,2.528,4.7682,2.115,11.2,,4680.0,4.618,True,exoplanets.org
KOI 599.01,0.0,0.001,0.006,0.22,0.020063,1298.0,1092.0,3.007,6.4544,2.6772,13.3,,6092.0,4.496,True,exoplanets.org
KOI 600.02,0.0,0.0,0.004,0.25,0.024566,375.0,315.0,2.989,294.0553,14.32,13.3,,6108.0,4.453,True,exoplanets.org
KOI 601.02,0.0,0.001,0.006,0.37,0.059611,1079.0,907.0,3.028,11.6789,1.2641,13.3,,6122.0,4.487,True,exoplanets.org
KOI 605.02,0.0,0.0,0.008,0.06,0.000584,769.0,647.0,2.675,5.0655,2.203,12.4,,3939.0,4.705,True,exoplanets.org
KOI 607.01,0.003,0.015,0.011,1.0,1.0,1223.0,1028.0,3.398,5.894,1.2737,12.7,,5713.0,4.541,True,exoplanets.org
KOI 6093.02,0.0,0.001,0.002,0.4,0.069418,1417.0,1191.0,3.03,27.2498,11.609,11.7,,5440.0,3.404,True,exoplanets.org
KOI 6102.01,0.0,0.0,0.004,0.15,0.012613,864.0,727.0,3.149,54.2916,3.364,9.8,,6711.0,4.179,True,exoplanets.org
KOI 6103.02,0.001,0.071,1.516,10.58,1.0,783.0,658.0,1.345,122.8054,2.663,12.0,,5874.0,3.664,True,exoplanets.org
KOI 6108.01,0.0,0.0,0.002,0.1,0.004003,293.0,246.0,3.037,485.923,3.756,10.5,,5551.0,4.386,True,exoplanets.org
KOI 611.01,0.02,0.017,0.01,0.88,0.795112,1798.0,1512.0,3.409,3.2517,1.5286,12.7,,6367.0,4.419,True,exoplanets.org
KOI 6111.01,0.0,0.0,0.001,0.32,0.042735,677.0,570.0,3.004,228.6541,2.487,12.0,,6845.0,3.849,True,exoplanets.org
KOI 6118.02,0.0,0.0,0.003,0.1,0.005311,2094.0,1761.0,3.09,4.6619,3.164,11.8,,7081.0,4.16,True,exoplanets.org
KOI 612.03,0.0,0.0,0.007,0.26,0.026566,386.0,324.0,2.987,122.0805,4.054,12.2,,5132.0,4.571,True,exoplanets.org
KOI 6120.01,0.0,0.0,0.002,0.15,0.01282,559.0,470.0,3.14,90.0974,12.697,13.6,,6116.0,4.444,True,exoplanets.org
KOI 6120.02,0.0,0.0,0.002,0.15,0.012613,420.0,353.0,3.149,205.4142,10.26,13.6,,6123.0,4.465,True,exoplanets.org
KOI 6130.01,0.0,0.001,0.007,0.09,0.003744,1310.0,1101.0,3.024,1.5429,1.1121,12.7,,4530.0,4.704,True,exoplanets.org
KOI 6132.01,0.0,0.005,0.008,1.16,1.0,975.0,820.0,3.265,33.3201,6.5265,13.1,,6264.0,4.133,True,exoplanets.org
KOI 6132.03,0.0,0.001,0.005,0.36,0.055562,1375.0,1157.0,3.028,11.8672,4.815,13.1,,6264.0,4.133,True,exoplanets.org
KOI 6137.01,0.0,0.0,0.003,0.13,0.011051,1091.0,918.0,3.22,12.4971,3.877,12.7,,6174.0,4.445,True,exoplanets.org
KOI 6141.01,1.515,21.321,2320.812,76.75,1.0,1023.0,860.0,-0.376,96.5092,0.589,8.0,,7343.0,3.751,True,exoplanets.org
KOI 6145.03,0.001,0.001,0.004,0.24,0.023482,1642.0,1381.0,2.992,7.3138,2.273,12.7,,6486.0,4.136,True,exoplanets.org
KOI 6151.01,0.0,0.0,0.002,0.12,0.009137,274.0,230.0,3.187,431.7856,9.135,12.8,,5642.0,4.6,True,exoplanets.org
KOI 6164.01,0.0,0.0,0.002,0.16,0.013839,881.0,741.0,3.105,29.5126,6.314,13.6,,5746.0,4.189,True,exoplanets.org
KOI 6172.01,0.0,0.0,0.002,0.11,0.005635,645.0,542.0,3.1,31.8135,1.422,12.6,,5505.0,4.586,True,exoplanets.org
KOI 6176.01,0.0,0.0,0.005,0.13,0.012093,573.0,482.0,3.235,143.0969,17.74,10.6,,6725.0,4.335,True,exoplanets.org
KOI 6178.01,0.0,0.0,0.002,0.15,0.012408,1052.0,885.0,3.157,13.0327,3.902,14.3,,6122.0,4.471,True,exoplanets.org
KOI 6178.02,0.0,0.0,0.001,0.13,0.012363,765.0,644.0,3.239,33.8142,7.69,14.3,,6122.0,4.471,True,exoplanets.org
KOI 6179.01,0.0,0.0,0.003,0.19,0.016286,968.0,814.0,3.048,16.2958,5.16,14.0,,6063.0,4.476,True,exoplanets.org
KOI 6182.01,0.0,0.0,0.003,0.11,0.005802,735.0,618.0,3.106,19.2406,4.99,13.1,,5031.0,4.485,True,exoplanets.org
KOI 6182.02,0.0,0.0,0.002,0.12,0.008914,666.0,560.0,3.183,28.6843,4.64,13.1,,5243.0,4.49,True,exoplanets.org
KOI 6191.01,0.0,0.0,0.002,0.11,0.005802,1212.0,1019.0,3.106,9.7043,3.515,13.3,,6273.0,4.442,True,exoplanets.org
KOI 6191.02,0.0,0.0,0.002,0.11,0.007059,1106.0,930.0,3.141,12.7714,3.347,13.3,,6273.0,4.442,True,exoplanets.org
KOI 6194.01,0.55,1.03,6.524,12.5,1.0,1407.0,1183.0,1.2,42.2947,34.63,9.8,,4926.0,3.02,True,exoplanets.org
KOI 620.02,0.0,0.0,0.01,0.93,0.635868,478.0,402.0,3.259,130.178,8.4534,13.2,,6046.0,4.486,True,exoplanets.org
KOI 6209.01,0.0,0.0,0.002,0.2,0.01696,1021.0,858.0,3.038,12.7144,3.101,14.6,,5947.0,4.481,True,exoplanets.org
KOI 6209.02,0.0,0.0,0.002,0.19,0.016008,1205.0,1013.0,3.053,7.7297,2.091,14.6,,5947.0,4.481,True,exoplanets.org
KOI 6217.01,0.003,0.001,0.003,0.4,0.067835,2115.0,1779.0,3.03,7.7017,10.898,13.0,,5174.0,3.228,True,exoplanets.org
KOI 622.01,0.0,0.002,0.014,2.36,1.0,665.0,559.0,2.649,155.0423,9.848,13.0,,4994.0,3.509,True,exoplanets.org
KOI 6239.01,0.0,0.0,0.002,0.16,0.013319,306.0,258.0,3.122,406.4962,3.495,12.4,,5847.0,4.525,True,exoplanets.org
KOI 6242.03,0.0,0.0,0.002,0.12,0.007849,745.0,626.0,3.16,78.8668,4.5,11.8,,6907.0,4.264,True,exoplanets.org
KOI 6245.02,0.0,0.0,0.003,0.16,0.013319,618.0,519.0,3.122,112.3174,3.471,10.8,,6528.0,4.257,True,exoplanets.org
KOI 6246.01,0.0,0.001,0.006,0.13,0.012093,1171.0,984.0,3.235,9.1332,2.1557,10.5,,6122.0,4.487,True,exoplanets.org
KOI 6253.01,0.0,0.0,0.002,0.12,0.010066,691.0,581.0,3.204,27.5565,8.23,14.2,,5509.0,4.565,True,exoplanets.org
KOI 6256.01,0.0,0.0,0.002,0.12,0.009364,739.0,621.0,3.191,14.1371,2.264,13.4,,4861.0,4.574,True,exoplanets.org
KOI 6259.01,0.0,0.0,0.003,0.1,0.004999,1470.0,1236.0,3.078,4.7811,2.733,12.8,,5683.0,4.326,True,exoplanets.org
KOI 6259.02,0.0,0.0,0.002,0.12,0.007849,1282.0,1078.0,3.16,7.1886,2.364,12.8,,5683.0,4.326,True,exoplanets.org
KOI 626.02,0.0,0.0,0.003,0.09,0.003035,1352.0,1137.0,2.984,8.0292,3.462,12.2,,6063.0,4.29,True,exoplanets.org
KOI 6262.01,0.001,0.0,0.002,0.12,0.007647,2384.0,2005.0,3.156,0.6731,0.921,14.0,,5461.0,4.552,True,exoplanets.org
KOI 6263.01,0.001,0.001,0.002,0.3,0.034915,2015.0,1695.0,2.991,8.6097,2.218,10.8,,5418.0,3.447,True,exoplanets.org
KOI 6267.01,0.0,0.0,0.003,0.1,0.0047,876.0,737.0,3.067,13.8911,5.062,13.5,,5472.0,4.499,True,exoplanets.org
KOI 6274.01,0.0,0.0,0.002,0.13,0.011494,958.0,805.0,3.202,18.1773,4.703,13.8,,6158.0,4.455,True,exoplanets.org
KOI 6276.01,0.0,0.0,0.011,0.06,0.000652,753.0,633.0,2.695,3.0987,1.89,12.7,,3628.0,4.842,True,exoplanets.org
KOI 6291.01,0.0,0.0,0.003,0.09,0.002927,1298.0,1092.0,2.977,8.8324,2.252,11.8,,6060.0,4.29,True,exoplanets.org
KOI 6293.01,0.0,0.0,0.002,0.11,0.006145,1463.0,1230.0,3.116,5.8884,1.05,12.8,,6243.0,4.39,True,exoplanets.org
KOI 6299.01,0.0,0.0,0.007,0.06,0.000764,2123.0,1785.0,2.725,0.9476,1.097,12.2,,5508.0,4.569,True,exoplanets.org
KOI 6301.01,0.0,0.0,0.002,0.26,0.026917,766.0,644.0,2.987,50.2719,6.073,14.6,,6520.0,4.375,True,exoplanets.org
KOI 6315.01,0.0,0.0,0.007,0.06,0.000891,1016.0,855.0,2.753,5.3274,2.226,12.2,,4905.0,4.593,True,exoplanets.org
KOI 6318.01,0.0,0.0,0.002,0.11,0.007059,987.0,830.0,3.141,5.9026,1.832,13.6,,4960.0,4.627,True,exoplanets.org
KOI 6320.01,0.0,0.001,0.004,0.21,0.018648,1358.0,1142.0,3.018,22.8026,19.34,10.9,,5011.0,3.321,True,exoplanets.org
KOI 6329.01,0.0,0.0,0.002,0.18,0.015647,1395.0,1173.0,3.06,12.4701,3.616,12.6,,5623.0,3.877,True,exoplanets.org
KOI 6331.01,0.0,0.0,0.002,0.12,0.009137,1188.0,999.0,3.187,5.823,2.8,14.2,,5704.0,4.575,True,exoplanets.org
KOI 6342.01,0.0,0.0,0.007,0.07,0.001621,1449.0,1219.0,2.865,8.1771,4.608,11.1,,6501.0,4.281,True,exoplanets.org
KOI 635.01,0.0,0.001,0.008,0.22,0.020565,997.0,838.0,3.004,16.7199,3.317,11.8,,6020.0,4.389,True,exoplanets.org
KOI 6352.01,0.0,0.0,0.003,0.1,0.005311,1350.0,1135.0,3.09,5.1168,3.119,13.6,,5955.0,4.52,True,exoplanets.org
KOI 6353.01,0.0,0.0,0.002,0.18,0.014956,1771.0,1489.0,3.075,10.0714,6.891,11.8,,5768.0,3.633,True,exoplanets.org
KOI 6355.01,0.0,0.0,0.003,0.08,0.002428,1411.0,1186.0,2.942,4.372,2.177,13.1,,5823.0,4.489,True,exoplanets.org
KOI 6355.02,0.0,0.0,0.003,0.09,0.003497,1222.0,1028.0,3.011,6.7288,2.277,13.1,,5823.0,4.489,True,exoplanets.org
KOI 6358.01,0.0,0.0,0.003,0.12,0.008265,1297.0,1090.0,3.169,3.0938,1.576,13.9,,5327.0,4.646,True,exoplanets.org
KOI 6368.01,0.0,0.0,0.002,0.16,0.013392,1226.0,1031.0,3.119,9.4588,3.66,14.4,,6247.0,4.433,True,exoplanets.org
KOI 6372.01,0.0,0.0,0.002,0.1,0.004554,544.0,458.0,3.061,71.008,5.395,12.9,,5847.0,4.526,True,exoplanets.org
KOI 6375.01,0.0,0.0,0.005,0.09,0.002822,1586.0,1334.0,2.97,2.9081,2.812,13.0,,5889.0,4.543,True,exoplanets.org
KOI 6384.01,0.0,0.0,0.004,0.25,0.024407,264.0,222.0,2.99,566.2818,20.39,14.2,,5829.0,4.575,True,exoplanets.org
KOI 6399.01,0.0,0.0,0.002,0.11,0.006683,1323.0,1112.0,3.131,6.7689,3.616,13.0,,5737.0,4.327,True,exoplanets.org
KOI 64.01,0.071,0.02,0.006,0.92,1.0,2607.0,2192.0,3.463,1.9511,1.6975,11.2,,5302.0,3.768,True,exoplanets.org
KOI 6401.01,1.997,0.549,0.737,3.71,1.0,2815.0,2367.0,2.257,1.9613,11.856,12.4,,6221.0,3.935,True,exoplanets.org
KOI 6409.01,0.0,0.0,0.003,0.22,0.019339,1248.0,1050.0,3.012,19.9311,8.48,11.5,,5500.0,3.775,True,exoplanets.org
KOI 641.01,0.0,0.001,0.026,0.24,0.023482,594.0,499.0,2.992,14.8519,3.5263,10.7,,4129.0,4.636,True,exoplanets.org
KOI 6425.01,0.0,0.0,0.002,0.13,0.011494,301.0,253.0,3.202,521.1083,18.36,12.6,,5942.0,4.432,True,exoplanets.org
KOI 6447.02,0.0,0.0,0.004,0.2,0.017672,738.0,621.0,3.029,91.65,10.294,11.8,,6705.0,4.145,True,exoplanets.org
KOI 6449.01,0.0,0.0,0.001,0.14,0.012009,672.0,565.0,3.176,29.9315,2.53,14.0,,5551.0,4.57,True,exoplanets.org
KOI 645.02,0.0,0.0,0.006,0.18,0.01521,942.0,792.0,3.069,23.7832,7.939,12.0,,5877.0,4.233,True,exoplanets.org
KOI 6450.01,0.003,0.001,0.012,0.07,0.001302,3509.0,2951.0,2.824,0.6023,2.38,11.1,,6510.0,4.256,True,exoplanets.org
KOI 6454.01,0.0,0.0,0.001,0.12,0.008694,867.0,729.0,3.178,27.2174,3.268,13.4,,6263.0,4.404,True,exoplanets.org
KOI 647.02,0.0,0.0,0.003,0.08,0.002336,1465.0,1232.0,2.934,8.1135,4.961,12.2,,6011.0,4.123,True,exoplanets.org
KOI 6475.01,0.0,0.001,0.01,0.14,0.011749,940.0,790.0,3.188,4.8451,2.078,10.6,,4337.0,4.581,True,exoplanets.org
KOI 6484.01,0.0,0.0,0.002,0.12,0.008694,805.0,677.0,3.178,16.1191,3.039,13.8,,5319.0,4.514,True,exoplanets.org
KOI 649.02,0.0,0.0,0.003,0.08,0.002336,1376.0,1157.0,2.934,10.209,6.264,11.9,,6188.0,4.196,True,exoplanets.org
KOI 650.01,0.0,0.002,0.007,0.46,0.092081,1177.0,990.0,3.034,11.9547,2.1433,11.6,,5059.0,3.976,True,exoplanets.org
KOI 6511.01,0.0,0.0,0.001,0.13,0.011565,772.0,649.0,3.228,27.1228,5.255,14.1,,5878.0,4.512,True,exoplanets.org
KOI 6513.01,0.0,0.0,0.004,0.1,0.005471,729.0,613.0,3.095,5.6224,1.185,12.7,,3894.0,4.71,True,exoplanets.org
KOI 6516.01,0.0,0.0,0.006,0.08,0.001994,802.0,674.0,2.904,11.2902,10.475,13.7,,5025.0,4.609,True,exoplanets.org
KOI 6526.01,0.0,0.0,0.001,0.83,0.376146,531.0,447.0,3.132,486.7783,15.29,11.5,,5039.0,3.295,True,exoplanets.org
KOI 6532.01,0.001,0.0,0.002,0.12,0.009137,2510.0,2111.0,3.187,0.814,0.675,13.8,,5705.0,4.424,True,exoplanets.org
KOI 6538.01,0.0,0.0,0.002,0.13,0.011306,501.0,421.0,3.224,129.8473,13.057,13.0,,6133.0,4.427,True,exoplanets.org
KOI 6546.01,0.0,0.0,0.002,0.09,0.003497,1699.0,1428.0,3.011,3.394,2.984,13.9,,6181.0,4.431,True,exoplanets.org
KOI 6557.01,0.0,0.0,0.003,0.09,0.003619,1530.0,1286.0,3.018,6.6345,3.603,12.5,,6463.0,4.313,True,exoplanets.org
KOI 6568.01,0.0,0.0,0.007,0.06,0.000688,691.0,581.0,2.705,6.2765,1.973,12.6,,3914.0,4.748,True,exoplanets.org
KOI 6570.01,0.001,0.002,0.009,0.31,0.039952,1632.0,1373.0,2.999,16.2145,4.149,9.9,,6801.0,3.833,True,exoplanets.org
KOI 6579.01,0.0,0.0,0.002,0.1,0.005471,1663.0,1399.0,3.095,2.6528,2.297,13.9,,5778.0,4.48,True,exoplanets.org
KOI 6582.01,0.0,0.0,0.002,0.1,0.004003,1848.0,1554.0,3.037,2.4314,1.401,13.7,,6231.0,4.488,True,exoplanets.org
KOI 6600.01,0.001,0.001,0.04,0.06,0.000847,1763.0,1483.0,2.744,2.7058,6.56,9.4,,5992.0,4.42,True,exoplanets.org
KOI 6601.01,0.0,0.0,0.002,0.14,0.012274,972.0,818.0,3.163,17.9926,2.762,13.1,,5931.0,4.351,True,exoplanets.org
KOI 6605.01,0.0,0.001,0.008,0.21,0.018989,997.0,839.0,3.015,74.3717,12.59,10.1,,6865.0,3.742,True,exoplanets.org
KOI 6617.01,0.0,0.0,0.003,0.08,0.00216,1123.0,945.0,2.919,8.0019,3.425,13.4,,5830.0,4.54,True,exoplanets.org
KOI 6618.01,0.0,0.0,0.002,0.08,0.002522,1231.0,1035.0,2.949,8.6041,3.01,13.7,,6250.0,4.472,True,exoplanets.org
KOI 6631.01,0.0,0.0,0.01,0.04,0.000243,1521.0,1279.0,2.516,2.5627,2.163,11.5,,5190.0,4.446,True,exoplanets.org
KOI 6635.01,0.007,0.012,0.045,0.13,0.012363,1335.0,1123.0,3.239,0.5274,4.807,11.0,,3582.0,4.847,True,exoplanets.org
KOI 6641.01,0.0,0.0,0.002,0.1,0.005311,2292.0,1927.0,3.09,1.4009,0.883,14.1,,6375.0,4.474,True,exoplanets.org
KOI 6646.01,0.0,0.0,0.002,0.12,0.009594,977.0,822.0,3.196,7.1357,1.789,13.0,,4926.0,4.522,True,exoplanets.org
KOI 6653.01,0.0,0.0,0.001,0.11,0.006321,684.0,575.0,3.121,28.2682,1.355,13.1,,5496.0,4.564,True,exoplanets.org
KOI 6666.01,0.0,0.0,0.004,0.07,0.001134,2188.0,1840.0,2.798,1.1185,1.111,13.3,,5918.0,4.544,True,exoplanets.org
KOI 6672.01,0.0,0.0,0.003,0.09,0.003147,1534.0,1290.0,2.991,2.2849,1.01,13.3,,5396.0,4.571,True,exoplanets.org
KOI 6676.01,0.0,0.0,0.002,0.16,0.013613,346.0,291.0,3.112,439.2198,9.392,12.8,,6553.0,4.479,True,exoplanets.org
KOI 6680.01,0.0,0.0,0.004,0.07,0.001423,1336.0,1124.0,2.84,5.5251,2.565,12.1,,5600.0,4.378,True,exoplanets.org
KOI 6687.01,0.0,0.0,0.004,0.08,0.001915,1808.0,1520.0,2.897,1.0026,1.247,13.5,,4893.0,4.574,True,exoplanets.org
KOI 6689.01,0.0,0.0,0.003,0.09,0.002927,1678.0,1411.0,2.977,3.3712,4.708,13.2,,5653.0,4.288,True,exoplanets.org
KOI 6705.01,0.0,0.0,0.638,0.02,1.8e-05,660.0,555.0,2.071,0.9951,5.588,11.4,,3325.0,5.364,True,exoplanets.org
KOI 6707.01,0.0,0.0,0.002,0.17,0.013992,577.0,485.0,3.1,43.5359,4.712,14.1,,5481.0,4.592,True,exoplanets.org
KOI 6731.01,0.0,0.0,0.002,0.1,0.004999,1558.0,1310.0,3.078,3.8462,2.24,13.7,,6106.0,4.487,True,exoplanets.org
KOI 6733.01,0.004,0.001,0.002,0.22,0.020063,4043.0,3400.0,3.007,1.2894,3.652,12.6,,5826.0,3.465,True,exoplanets.org
KOI 6734.01,0.0,0.0,0.002,0.19,0.016192,279.0,234.0,3.05,498.2727,8.92,13.6,,5618.0,4.514,True,exoplanets.org
KOI 6739.01,0.0,0.0,0.002,0.1,0.004554,674.0,567.0,3.061,19.1641,2.773,13.5,,5103.0,4.65,True,exoplanets.org
KOI 6745.01,0.0,0.0,0.002,0.25,0.02425,408.0,343.0,2.99,383.8536,9.76,14.0,,6675.0,4.341,True,exoplanets.org
KOI 6746.01,0.015,0.007,0.008,0.65,0.248627,2235.0,1879.0,3.166,2.564,0.9433,12.6,,6274.0,4.139,True,exoplanets.org
KOI 6750.01,0.0,0.0,0.002,0.11,0.006683,1562.0,1313.0,3.131,5.214,3.188,12.9,,5529.0,4.123,True,exoplanets.org
KOI 6752.01,0.0,0.0,0.004,0.08,0.002076,697.0,586.0,2.912,8.943,1.803,12.8,,4183.0,4.655,True,exoplanets.org
KOI 6753.01,0.002,0.009,0.01,1.17,1.0,1279.0,1075.0,3.258,72.282,2.478,8.6,,7694.0,3.631,True,exoplanets.org
KOI 6762.01,0.0,0.0,0.003,0.09,0.002927,986.0,829.0,2.977,15.0819,4.004,12.8,,5794.0,4.377,True,exoplanets.org
KOI 6763.01,0.0,0.0,0.008,0.05,0.000411,1793.0,1508.0,2.611,2.4469,0.954,10.7,,5821.0,4.419,True,exoplanets.org
KOI 6765.01,0.0,0.0,0.002,0.12,0.007849,1058.0,890.0,3.16,13.0561,3.498,13.5,,6078.0,4.434,True,exoplanets.org
KOI 6774.01,0.002,0.026,0.075,2.37,1.0,982.0,826.0,2.645,17.3816,2.7346,14.0,,6116.0,4.407,True,exoplanets.org
KOI 6776.01,0.0,0.0,0.001,0.13,0.011306,856.0,720.0,3.224,28.6555,8.58,14.0,,6268.0,4.429,True,exoplanets.org
KOI 6777.01,0.0,0.0,0.002,0.1,0.004136,788.0,663.0,3.043,13.445,2.118,13.1,,5003.0,4.553,True,exoplanets.org
KOI 6781.01,0.0,0.0,0.002,0.08,0.002428,808.0,680.0,2.942,14.5909,1.591,12.9,,5214.0,4.527,True,exoplanets.org
KOI 6783.01,0.0,0.0,0.002,0.12,0.008055,1042.0,877.0,3.165,11.8496,3.319,13.9,,6032.0,4.508,True,exoplanets.org
KOI 6786.01,0.0,0.0,0.003,0.27,0.028004,297.0,250.0,2.986,455.6239,13.07,14.1,,5883.0,4.53,True,exoplanets.org
KOI 6793.01,0.0,0.0,0.004,0.07,0.001362,1318.0,1109.0,2.832,3.6266,1.791,12.9,,5416.0,4.579,True,exoplanets.org
KOI 6798.01,0.007,0.002,0.004,0.32,0.040768,2736.0,2301.0,3.001,2.6419,1.76,11.4,,5195.0,3.409,True,exoplanets.org
KOI 6819.01,0.0,0.0,0.003,0.09,0.003261,2106.0,1771.0,2.998,3.2262,0.4022,10.2,,6534.0,4.203,True,exoplanets.org
KOI 682.01,0.0,0.0,0.005,0.97,0.828545,314.0,264.0,3.337,562.1726,9.8841,12.3,,5589.0,4.229,True,exoplanets.org
KOI 683.01,0.0,0.0,0.006,0.52,0.120148,371.0,312.0,3.037,278.1244,3.978,12.2,,5799.0,4.408,True,exoplanets.org
KOI 684.01,0.009,0.006,0.008,0.62,0.214709,1888.0,1588.0,3.141,4.0349,1.7874,12.0,,5548.0,3.964,True,exoplanets.org
KOI 6849.01,0.0,0.0,0.001,0.17,0.014147,1093.0,919.0,3.096,12.5447,1.24,13.3,,5767.0,4.316,True,exoplanets.org
KOI 686.01,0.0,0.003,0.015,1.11,1.0,614.0,516.0,3.304,52.5135,3.2743,11.8,,5589.0,4.421,True,exoplanets.org
KOI 6860.01,0.001,0.0,0.029,0.04,0.000167,1997.0,1679.0,2.449,0.5767,1.856,10.7,,4524.0,4.576,True,exoplanets.org
KOI 6862.01,0.0,0.0,0.003,0.07,0.001621,960.0,807.0,2.865,11.0496,2.13,13.1,,5533.0,4.505,True,exoplanets.org
KOI 687.01,0.002,0.001,0.006,0.28,0.030532,1859.0,1563.0,2.987,4.1784,2.123,12.1,,5746.0,4.039,True,exoplanets.org
KOI 6872.01,0.0,0.0,0.003,0.08,0.001994,838.0,705.0,2.904,13.5165,2.628,13.3,,5442.0,4.6,True,exoplanets.org
KOI 6878.01,0.0,0.0,0.002,0.1,0.004554,1535.0,1291.0,3.061,2.4056,0.6283,12.9,,5450.0,4.573,True,exoplanets.org
KOI 6882.01,0.004,0.001,0.003,0.17,0.01407,3217.0,2705.0,3.098,0.7735,1.335,13.2,,6296.0,4.217,True,exoplanets.org
KOI 6889.01,0.0,0.0,0.009,0.06,0.000617,659.0,555.0,2.685,75.9067,11.64,10.3,,6140.0,4.248,True,exoplanets.org
KOI 6890.01,0.0,0.0,0.005,0.06,0.000983,1468.0,1235.0,2.771,2.1589,1.791,13.5,,5269.0,4.627,True,exoplanets.org
KOI 6892.01,0.0,0.0,0.002,0.17,0.01407,1061.0,892.0,3.098,17.5806,4.17,13.5,,5839.0,4.199,True,exoplanets.org
KOI 6904.01,0.0,0.0,0.001,0.11,0.007447,652.0,548.0,3.151,26.1557,1.542,13.3,,5204.0,4.573,True,exoplanets.org
KOI 6907.01,0.0,0.0,0.003,0.1,0.004999,1125.0,946.0,3.078,4.6069,2.295,13.8,,5110.0,4.582,True,exoplanets.org
KOI 691.01,0.0,0.0,0.009,0.25,0.025049,837.0,704.0,2.989,29.6663,8.412,12.6,,5956.0,4.322,True,exoplanets.org
KOI 6913.02,0.004,0.0,0.002,0.34,0.049856,6371.0,5357.0,3.018,1.7517,5.122,14.5,,10894.0,3.667,True,exoplanets.org
KOI 6918.01,0.048,0.022,0.032,0.55,0.147648,2194.0,1845.0,3.082,0.9024,1.7129,13.0,,5776.0,4.599,True,exoplanets.org
KOI 6921.01,0.0,0.0,0.002,0.11,0.005802,1368.0,1150.0,3.106,6.8778,3.199,13.6,,6274.0,4.434,True,exoplanets.org
KOI 6925.01,0.0,0.0,0.004,0.08,0.002522,541.0,455.0,2.949,12.9489,2.162,12.7,,3867.0,4.734,True,exoplanets.org
KOI 6931.01,0.0,0.0,0.002,0.11,0.005971,1649.0,1386.0,3.111,2.5403,1.83,14.1,,5778.0,4.531,True,exoplanets.org
KOI 6934.01,0.0,0.0,0.003,0.19,0.01657,1169.0,983.0,3.044,22.2549,13.454,12.1,,5349.0,3.76,True,exoplanets.org
KOI 6954.01,0.0,0.0,0.003,0.08,0.002247,1646.0,1384.0,2.927,6.6137,4.211,11.7,,6056.0,4.071,True,exoplanets.org
KOI 6957.01,0.0,0.0,0.004,0.07,0.001188,2151.0,1808.0,2.807,1.4806,2.898,13.7,,6187.0,4.499,True,exoplanets.org
KOI 6960.01,0.0,0.0,0.002,0.11,0.005971,1473.0,1238.0,3.111,4.887,1.127,12.5,,6152.0,4.464,True,exoplanets.org
KOI 6966.01,0.0,0.0,0.002,0.12,0.008914,1014.0,853.0,3.183,8.4748,2.067,13.7,,5564.0,4.587,True,exoplanets.org
KOI 6970.01,0.0,0.0,0.001,0.17,0.01407,761.0,640.0,3.098,40.7699,2.997,13.3,,5884.0,4.306,True,exoplanets.org
KOI 6971.01,0.0,0.0,0.004,0.18,0.01521,375.0,315.0,3.069,129.2228,7.272,12.6,,4934.0,4.515,True,exoplanets.org
KOI 6978.01,0.0,0.0,0.004,0.07,0.001691,1806.0,1518.0,2.873,3.0755,1.683,11.9,,5763.0,4.256,True,exoplanets.org
KOI 6980.01,0.0,0.0,0.002,0.1,0.004136,1394.0,1172.0,3.043,6.2934,3.024,13.7,,6214.0,4.442,True,exoplanets.org
KOI 6983.01,0.0,0.0,0.004,0.08,0.001764,1155.0,971.0,2.881,7.7022,3.987,12.8,,5618.0,4.449,True,exoplanets.org
KOI 6985.01,0.0,0.0,0.003,0.07,0.001487,1084.0,912.0,2.849,10.928,2.486,12.9,,6045.0,4.494,True,exoplanets.org
KOI 6993.01,0.0,0.0,0.002,0.1,0.004273,856.0,720.0,3.049,13.8086,3.613,13.8,,5515.0,4.568,True,exoplanets.org
KOI 6994.01,0.0,0.0,0.007,0.06,0.000891,1629.0,1370.0,2.753,4.2591,4.513,11.3,,5560.0,4.173,True,exoplanets.org
KOI 7002.01,0.0,0.0,0.001,0.12,0.007849,1350.0,1135.0,3.16,4.8301,0.957,13.3,,5693.0,4.467,True,exoplanets.org
KOI 7003.01,0.001,0.0,0.002,0.12,0.008914,2151.0,1809.0,3.183,2.4119,1.787,12.4,,5598.0,4.045,True,exoplanets.org
KOI 7007.01,0.0,0.0,0.006,0.07,0.001244,1614.0,1357.0,2.815,0.8003,0.729,13.1,,4336.0,4.656,True,exoplanets.org
KOI 7016.01,0.0,0.0,0.003,0.1,0.004273,287.0,241.0,3.049,384.8476,9.969,11.9,,5579.0,4.58,True,exoplanets.org
KOI 7023.01,0.0,0.0,0.006,0.06,0.000983,1459.0,1227.0,2.771,2.7177,3.22,12.6,,5135.0,4.464,True,exoplanets.org
KOI 7032.01,0.0,0.0,0.007,0.05,0.000552,1476.0,1242.0,2.665,3.6405,1.194,11.2,,5745.0,4.503,True,exoplanets.org
KOI 704.01,0.0,0.0,0.009,0.22,0.01994,756.0,636.0,3.008,18.3963,2.7838,12.0,,5316.0,4.57,True,exoplanets.org
KOI 7040.01,0.0,0.0,0.003,0.19,0.016764,275.0,231.0,3.041,502.2064,9.39,13.4,,6018.0,4.615,True,exoplanets.org
KOI 7041.01,0.0,0.0,0.004,0.07,0.001362,1030.0,866.0,2.832,8.3614,3.649,13.3,,5470.0,4.509,True,exoplanets.org
KOI 7061.01,0.079,0.019,0.04,0.44,0.083459,3137.0,2638.0,3.033,1.3716,12.901,11.9,,7045.0,4.154,True,exoplanets.org
KOI 7069.01,0.002,0.001,0.003,0.14,0.012207,2508.0,2109.0,3.166,1.0149,1.65,14.0,,6158.0,4.453,True,exoplanets.org
KOI 7072.01,0.001,0.0,0.001,0.39,0.066271,1896.0,1594.0,3.03,15.3903,3.431,12.5,,5649.0,3.282,True,exoplanets.org
KOI 7073.01,0.0,0.004,0.283,2.7,1.0,420.0,353.0,2.532,279.0366,31.92,11.8,,6072.0,4.285,True,exoplanets.org
KOI 7074.01,0.0,0.0,0.001,0.13,0.012363,803.0,676.0,3.239,26.8552,2.185,13.4,,6045.0,4.494,True,exoplanets.org
KOI 7076.01,0.0,0.0,0.002,0.11,0.007447,1107.0,931.0,3.151,16.2348,4.2,13.0,,6478.0,4.371,True,exoplanets.org
KOI 7088.01,0.0,0.0,0.003,0.08,0.002336,1476.0,1241.0,2.934,2.6881,1.12,13.8,,5636.0,4.613,True,exoplanets.org
KOI 7099.01,0.0,0.0,0.004,0.09,0.003744,439.0,369.0,3.024,34.0358,3.849,13.0,,4367.0,4.739,True,exoplanets.org
KOI 7106.01,0.0,0.0,0.002,0.1,0.004136,1532.0,1288.0,3.043,5.0188,1.823,13.1,,6220.0,4.398,True,exoplanets.org
KOI 7116.01,0.0,0.0,0.006,0.06,0.000584,1774.0,1491.0,2.675,2.5256,2.32,12.1,,5821.0,4.421,True,exoplanets.org
KOI 7117.01,0.0,0.0,0.002,0.09,0.003261,1205.0,1013.0,2.998,8.2928,4.784,13.9,,6146.0,4.497,True,exoplanets.org
KOI 7117.02,0.0,0.0,0.001,0.13,0.011306,860.0,723.0,3.224,22.7865,2.197,13.9,,6146.0,4.497,True,exoplanets.org
KOI 7125.01,0.0,0.0,0.003,0.08,0.002428,1240.0,1042.0,2.942,7.9183,3.478,13.2,,5966.0,4.418,True,exoplanets.org
KOI 7129.01,0.0,0.0,0.001,0.16,0.013103,658.0,553.0,3.13,64.1984,0.934,12.3,,6088.0,4.329,True,exoplanets.org
KOI 7133.01,0.0,0.0,0.002,0.19,0.01657,651.0,548.0,3.044,82.7848,7.52,13.2,,5749.0,4.123,True,exoplanets.org
KOI 7136.01,0.0,0.0,0.003,0.2,0.017672,282.0,237.0,3.029,441.1737,14.82,13.9,,5610.0,4.551,True,exoplanets.org
KOI 7144.01,0.001,0.0,0.003,0.08,0.002336,2130.0,1792.0,2.934,0.8399,1.019,13.6,,5120.0,4.478,True,exoplanets.org
KOI 7148.01,0.002,0.001,0.004,0.21,0.018206,2372.0,1995.0,3.023,1.7614,1.355,13.6,,6544.0,4.349,True,exoplanets.org
KOI 7157.01,0.0,0.0,0.003,0.1,0.005471,933.0,785.0,3.095,23.9831,8.77,12.1,,5696.0,4.178,True,exoplanets.org
KOI 716.01,0.0,0.002,0.019,0.6,0.137226,798.0,671.0,2.968,26.8932,2.3266,12.2,,6096.0,4.511,True,exoplanets.org
KOI 7162.01,0.002,0.001,0.003,0.18,0.015296,2135.0,1796.0,3.067,5.1581,7.773,11.0,,5155.0,3.511,True,exoplanets.org
KOI 7169.01,0.0,0.0,0.005,0.06,0.000983,1368.0,1150.0,2.771,10.5114,4.74,11.7,,6575.0,4.278,True,exoplanets.org
KOI 7174.01,0.0,0.0,0.024,0.03,0.000101,1228.0,1032.0,2.361,1.5849,1.791,11.1,,4201.0,4.675,True,exoplanets.org
KOI 7179.01,0.0,0.0,0.003,0.11,0.005635,354.0,297.0,3.1,407.1466,23.26,11.2,,5845.0,4.282,True,exoplanets.org
KOI 7180.01,0.0,0.0,0.005,0.35,0.052581,388.0,326.0,3.023,487.8389,32.77,11.8,,5421.0,3.882,True,exoplanets.org
KOI 7182.01,0.0,0.0,0.003,0.16,0.013103,797.0,670.0,3.13,6.8539,2.561,13.5,,4199.0,4.609,True,exoplanets.org
KOI 7195.01,0.0,0.0,0.002,0.09,0.003147,1496.0,1258.0,2.991,5.8977,2.243,13.4,,6300.0,4.371,True,exoplanets.org
KOI 7197.01,0.0,0.0,0.002,0.13,0.011565,1604.0,1349.0,3.228,1.7415,1.712,14.2,,5238.0,4.598,True,exoplanets.org
KOI 7199.01,0.114,5.496,631.766,69.12,1.0,842.0,708.0,-0.285,20.2944,0.357,14.2,,5865.0,4.518,True,exoplanets.org
KOI 7205.01,0.959,0.545,0.76,3.55,1.0,1996.0,1678.0,2.293,2.3518,5.797,12.5,,5445.0,4.14,True,exoplanets.org
KOI 7208.01,0.0,0.0,0.003,0.08,0.001915,1323.0,1113.0,2.897,3.5794,1.869,13.6,,5341.0,4.546,True,exoplanets.org
KOI 7209.01,0.001,0.0,0.002,0.29,0.03376,1900.0,1598.0,2.99,8.2553,3.959,12.5,,5403.0,3.559,True,exoplanets.org
KOI 7215.01,0.0,0.0,0.004,0.07,0.001621,1309.0,1101.0,2.865,3.9074,2.896,13.5,,5497.0,4.577,True,exoplanets.org
KOI 7220.01,0.001,0.0,0.004,0.09,0.002822,2349.0,1975.0,2.97,1.0571,1.82,13.3,,6000.0,4.487,True,exoplanets.org
KOI 7223.01,0.0,0.0,0.002,0.14,0.012075,284.0,239.0,3.172,317.0624,7.438,12.8,,5366.0,4.625,True,exoplanets.org
KOI 7224.01,0.0,0.0,0.001,0.14,0.012274,1019.0,857.0,3.163,13.4959,2.085,14.0,,5962.0,4.464,True,exoplanets.org
KOI 7231.02,45951.663,24823.855,13797511.648,1189.54,1.0,2132.0,1792.0,-2.757,4.747,2.464,12.0,,6531.0,3.962,True,exoplanets.org
KOI 7232.01,0.0,0.0,0.003,0.11,0.005635,1667.0,1401.0,3.1,1.9668,1.645,13.9,,5595.0,4.581,True,exoplanets.org
KOI 7235.01,0.0,0.0,0.002,0.1,0.005153,309.0,259.0,3.084,299.7069,15.39,13.0,,5606.0,4.597,True,exoplanets.org
KOI 7236.01,0.0,0.0,0.002,0.09,0.003744,1021.0,858.0,3.024,14.4618,7.156,12.9,,5457.0,4.239,True,exoplanets.org
KOI 7252.01,0.0,0.0,0.002,0.1,0.005471,1208.0,1016.0,3.095,10.2171,2.259,12.9,,6211.0,4.384,True,exoplanets.org
KOI 7258.01,0.0,0.0,0.004,0.07,0.001362,2192.0,1843.0,2.832,2.4376,1.587,11.3,,5927.0,4.117,True,exoplanets.org
KOI 7259.01,0.167,0.097,0.034,0.98,1.0,1916.0,1611.0,3.407,0.7215,1.4521,12.8,,4893.0,4.634,True,exoplanets.org
KOI 7270.01,0.0,0.0,0.001,0.13,0.010551,899.0,756.0,3.212,19.2532,1.674,13.8,,6060.0,4.495,True,exoplanets.org
KOI 7272.01,0.0,0.0,0.001,0.11,0.007059,1175.0,988.0,3.141,14.1011,4.513,13.7,,6534.0,4.365,True,exoplanets.org
KOI 7279.01,0.0,0.0,0.004,0.08,0.002428,1024.0,861.0,2.942,11.7728,4.132,12.1,,5410.0,4.333,True,exoplanets.org
KOI 728.01,0.003,0.01,0.008,1.07,1.0,1334.0,1122.0,3.339,7.1894,2.0351,13.8,,6214.0,4.442,True,exoplanets.org
KOI 7281.01,0.002,0.001,0.006,0.1,0.004999,2599.0,2186.0,3.078,2.4651,6.218,11.3,,6881.0,4.101,True,exoplanets.org
KOI 7282.01,0.0,0.0,0.002,0.14,0.012141,1431.0,1203.0,3.169,1.7586,0.2729,13.2,,4744.0,4.606,True,exoplanets.org
KOI 7283.01,0.0,0.0,0.002,0.15,0.012751,508.0,427.0,3.143,134.4138,13.907,12.7,,6013.0,4.37,True,exoplanets.org
KOI 7291.01,0.0,0.001,0.007,0.3,0.035868,1256.0,1056.0,2.993,25.9137,10.498,11.1,,6167.0,3.804,True,exoplanets.org
KOI 7301.01,0.0,0.0,0.002,0.11,0.005802,644.0,541.0,3.106,20.9526,3.986,13.4,,4885.0,4.61,True,exoplanets.org
KOI 7305.01,0.001,0.001,0.012,0.07,0.001423,2227.0,1873.0,2.84,3.7292,5.012,8.7,,6215.0,3.955,True,exoplanets.org
KOI 7319.01,0.0,0.0,0.004,0.09,0.002822,481.0,404.0,2.97,17.1678,2.975,12.9,,3761.0,4.724,True,exoplanets.org
KOI 732.02,0.0,0.0,0.002,0.11,0.0065,1480.0,1245.0,3.126,3.2953,1.902,13.5,,5550.0,4.5,True,exoplanets.org
KOI 732.03,0.0,0.0,0.002,0.13,0.010307,1267.0,1065.0,3.208,5.2545,3.078,13.5,,5550.0,4.5,True,exoplanets.org
KOI 7320.01,0.0,0.0,0.005,0.07,0.001134,882.0,742.0,2.798,8.5021,3.057,12.6,,4889.0,4.57,True,exoplanets.org
KOI 7327.01,0.0,0.0,0.002,0.17,0.014147,704.0,592.0,3.096,17.9908,1.436,13.6,,4918.0,4.546,True,exoplanets.org
KOI 7330.01,0.0,0.0,0.003,0.1,0.004273,518.0,436.0,3.049,198.1131,15.59,10.9,,6163.0,4.144,True,exoplanets.org
KOI 7339.01,0.0,0.0,0.001,0.15,0.013031,1195.0,1005.0,3.132,10.6982,3.198,14.4,,6277.0,4.417,True,exoplanets.org
KOI 734.02,0.0,0.0,0.002,0.23,0.020823,564.0,474.0,3.002,70.2781,2.466,13.8,,5955.0,4.52,True,exoplanets.org
KOI 7345.01,0.0,0.0,0.002,0.19,0.01657,314.0,264.0,3.044,377.5013,11.98,13.5,,5751.0,4.508,True,exoplanets.org
KOI 735.01,0.0,0.001,0.017,0.46,0.09356,684.0,575.0,3.034,22.3421,6.461,13.5,,5237.0,4.568,True,exoplanets.org
KOI 7354.01,0.0,0.0,0.002,0.14,0.012207,863.0,726.0,3.166,43.2676,8.331,12.1,,5747.0,4.018,True,exoplanets.org
KOI 7358.01,0.0,0.0,0.002,0.11,0.007059,876.0,737.0,3.141,11.3251,2.126,14.1,,5334.0,4.574,True,exoplanets.org
KOI 7359.01,0.0,0.0,0.002,0.2,0.017568,1524.0,1281.0,3.03,4.2374,0.3792,13.8,,5993.0,4.425,True,exoplanets.org
KOI 7360.01,0.075,0.039,0.042,0.69,0.309727,2184.0,1837.0,3.205,4.0954,44.35,12.3,,6839.0,4.094,True,exoplanets.org
KOI 7361.01,0.001,0.001,0.004,0.1,0.005311,1571.0,1321.0,3.09,0.9262,1.267,13.8,,4494.0,4.692,True,exoplanets.org
KOI 7370.01,0.0,0.0,0.003,0.09,0.002719,1251.0,1052.0,2.963,4.4854,2.297,13.7,,5654.0,4.607,True,exoplanets.org
KOI 7375.01,0.0,0.0,0.004,0.13,0.011557,867.0,729.0,3.198,4.8485,0.874,11.9,,4137.0,4.625,True,exoplanets.org
KOI 7376.01,0.001,0.0,0.002,0.11,0.005635,2111.0,1775.0,3.1,1.2842,1.965,14.1,,5849.0,4.517,True,exoplanets.org
KOI 7378.01,0.0,0.001,0.01,0.29,0.033988,750.0,631.0,2.99,8.7397,3.866,13.9,,4406.0,4.643,True,exoplanets.org
KOI 7378.02,0.0,0.0,0.007,0.32,0.041321,403.0,339.0,3.002,56.3911,5.7,13.9,,4406.0,4.643,True,exoplanets.org
KOI 7380.01,0.0,0.0,0.001,0.11,0.006145,871.0,733.0,3.116,15.9474,1.127,13.0,,5472.0,4.44,True,exoplanets.org
KOI 7383.01,0.0,0.0,0.002,0.11,0.005971,562.0,472.0,3.111,50.0122,3.426,13.2,,5357.0,4.503,True,exoplanets.org
KOI 7389.01,0.002,0.002,0.001,0.98,0.90326,1729.0,1454.0,3.364,27.5838,1.516,10.0,,5092.0,2.945,True,exoplanets.org
KOI 7400.01,0.0,0.0,0.003,0.1,0.004273,1211.0,1018.0,3.049,4.1574,2.217,13.6,,5183.0,4.558,True,exoplanets.org
KOI 7404.01,0.0,0.0,0.001,0.12,0.009828,1890.0,1589.0,3.2,1.8171,0.889,14.0,,5808.0,4.503,True,exoplanets.org
KOI 7408.01,0.001,0.059,0.135,1.7,1.0,746.0,627.0,2.933,5.16,3.356,12.9,,3900.0,4.727,True,exoplanets.org
KOI 7416.01,0.0,0.0,0.004,0.09,0.002822,880.0,740.0,2.97,37.4647,4.954,10.8,,6266.0,4.209,True,exoplanets.org
KOI 7426.01,0.0,0.0,0.003,0.09,0.002822,1012.0,851.0,2.97,6.962,2.806,13.2,,5008.0,4.506,True,exoplanets.org
KOI 7427.01,0.0,0.0,0.004,0.07,0.001302,1368.0,1150.0,2.824,7.8935,3.444,12.6,,6306.0,4.346,True,exoplanets.org
KOI 7430.01,0.15,0.014,0.005,1.69,1.0,5823.0,4897.0,2.939,1.3205,1.184,9.3,,5172.0,2.693,True,exoplanets.org
KOI 7432.01,0.0,0.0,0.004,0.09,0.003497,975.0,820.0,3.011,13.1538,11.56,13.1,,5443.0,4.36,True,exoplanets.org
KOI 7434.01,0.0,0.0,0.003,0.08,0.002619,1170.0,984.0,2.956,5.7046,1.149,12.8,,5523.0,4.566,True,exoplanets.org
KOI 7435.01,0.0,0.0,0.004,0.07,0.001553,2189.0,1841.0,2.857,1.3675,1.208,12.4,,5836.0,4.417,True,exoplanets.org
KOI 7437.01,0.0,0.0,0.003,0.07,0.001691,1801.0,1514.0,2.873,1.9997,1.976,14.0,,5838.0,4.529,True,exoplanets.org
KOI 7445.01,0.0,0.0,0.002,0.12,0.007849,1077.0,906.0,3.16,6.9336,2.43,13.9,,5510.0,4.584,True,exoplanets.org
KOI 7449.01,0.188,0.314,0.182,1.25,1.0,1426.0,1199.0,3.199,1.3225,5.307,12.1,,4668.0,4.7,True,exoplanets.org
KOI 7455.01,0.011,0.004,0.021,0.22,0.019576,2602.0,2188.0,3.01,3.7737,15.2,10.6,,7302.0,3.965,True,exoplanets.org
KOI 7460.01,0.0,0.0,0.002,0.14,0.012009,1231.0,1035.0,3.176,5.7051,1.58,13.8,,5455.0,4.448,True,exoplanets.org
KOI 7467.01,0.0,0.0,0.002,0.12,0.008478,1629.0,1370.0,3.174,7.2056,2.997,12.0,,6002.0,4.025,True,exoplanets.org
KOI 7470.01,0.0,0.0,0.003,0.17,0.014305,292.0,246.0,3.091,392.5011,9.88,11.9,,5128.0,4.388,True,exoplanets.org
KOI 7471.01,0.0,0.0,0.002,0.12,0.007849,1502.0,1263.0,3.16,5.2966,3.93,14.0,,6268.0,4.429,True,exoplanets.org
KOI 7479.01,0.0,0.0,0.003,0.1,0.004412,1472.0,1238.0,3.055,7.1969,4.525,11.8,,5530.0,4.045,True,exoplanets.org
KOI 7483.01,0.0,0.0,0.006,0.06,0.000805,843.0,709.0,2.734,16.9163,2.521,11.6,,5628.0,4.513,True,exoplanets.org
KOI 7489.01,0.001,0.0,0.005,0.07,0.001487,2493.0,2096.0,2.849,0.5657,0.954,12.9,,5220.0,4.48,True,exoplanets.org
KOI 75.01,0.0,0.006,0.021,0.91,0.552211,774.0,651.0,3.222,105.8818,18.044,9.4,,5903.0,3.757,True,exoplanets.org
KOI 750.02,0.0,0.0,0.002,0.11,0.005635,1120.0,942.0,3.1,5.0441,1.623,13.2,,4954.0,4.5,True,exoplanets.org
KOI 750.03,0.0,0.0,0.002,0.13,0.011306,787.0,662.0,3.224,14.5167,2.706,13.2,,4954.0,4.5,True,exoplanets.org
KOI 7506.01,0.0,0.0,0.002,0.13,0.010307,1079.0,907.0,3.208,11.8436,6.044,13.6,,6077.0,4.471,True,exoplanets.org
KOI 7510.01,0.0,0.0,0.003,0.09,0.003619,1225.0,1030.0,3.018,5.6068,2.714,13.6,,5699.0,4.553,True,exoplanets.org
KOI 7520.01,0.002,0.0,0.001,0.31,0.037855,2873.0,2416.0,2.996,3.1474,3.643,12.9,,5189.0,3.352,True,exoplanets.org
KOI 7534.01,0.0,0.0,0.004,0.08,0.002336,903.0,759.0,2.934,23.3788,6.76,12.4,,6210.0,4.424,True,exoplanets.org
KOI 7535.01,0.0,0.0,0.003,0.37,0.057858,749.0,629.0,3.028,15.0998,0.222,13.4,,5191.0,4.615,True,exoplanets.org
KOI 7539.01,0.0,0.0,0.002,0.12,0.007849,786.0,661.0,3.16,15.3416,2.126,12.8,,5061.0,4.504,True,exoplanets.org
KOI 7540.01,0.0,0.0,0.004,0.08,0.002336,813.0,683.0,2.934,21.9805,4.78,12.2,,5573.0,4.418,True,exoplanets.org
KOI 7546.01,0.0,0.001,0.003,0.44,0.083109,1505.0,1265.0,3.033,44.1139,3.956,11.7,,7854.0,3.669,True,exoplanets.org
KOI 7554.01,0.0,0.0,0.002,0.18,0.014956,341.0,287.0,3.075,482.6201,12.86,13.1,,6315.0,4.389,True,exoplanets.org
KOI 7558.01,0.0,0.0,0.002,0.08,0.002522,937.0,788.0,2.949,10.1552,1.802,13.4,,5275.0,4.505,True,exoplanets.org
KOI 7559.01,0.006,0.001,0.011,0.1,0.004848,3142.0,2642.0,3.073,0.709,3.946,11.6,,6528.0,4.384,True,exoplanets.org
KOI 7567.01,0.0,0.0,0.002,0.13,0.011565,187.0,157.0,3.228,608.2057,13.63,12.5,,4486.0,4.642,True,exoplanets.org
KOI 7572.01,0.0,0.0,0.002,0.14,0.012075,1433.0,1205.0,3.172,91.0699,17.33,9.4,,9051.0,3.623,True,exoplanets.org
KOI 7587.01,0.0,0.0,0.016,0.23,0.021217,334.0,281.0,3.0,366.0889,11.887,10.0,,5941.0,4.464,True,exoplanets.org
KOI 7589.01,0.0,0.0,0.008,0.63,0.150728,474.0,398.0,2.98,414.4501,19.15,12.7,,7037.0,4.136,True,exoplanets.org
KOI 7591.01,0.0,0.0,0.003,0.12,0.007849,251.0,211.0,3.16,328.3221,13.53,12.7,,4906.0,4.648,True,exoplanets.org
KOI 7592.01,0.0,0.0,0.004,0.14,0.011814,171.0,144.0,3.185,381.9798,15.7,12.4,,3761.0,4.724,True,exoplanets.org
KOI 7593.01,0.0,0.0,0.002,0.14,0.011944,744.0,625.0,3.179,67.413,9.1,12.4,,6525.0,4.248,True,exoplanets.org
KOI 760.01,0.007,0.014,0.009,1.09,1.0,1433.0,1205.0,3.32,4.9593,2.2274,13.8,,5712.0,4.359,True,exoplanets.org
KOI 7617.01,0.0,0.0,0.01,0.06,0.000652,446.0,375.0,2.695,12.9285,2.49,12.5,,3578.0,4.893,True,exoplanets.org
KOI 7624.01,0.0,0.0,0.002,0.53,0.122696,622.0,523.0,3.038,330.025,6.659,11.2,,6126.0,3.578,True,exoplanets.org
KOI 7628.01,0.0,0.001,0.021,0.06,0.000847,1504.0,1265.0,2.744,1.8134,7.776,12.0,,5094.0,4.618,True,exoplanets.org
KOI 7630.01,0.0,0.0,0.008,0.07,0.001302,505.0,425.0,2.824,16.2982,2.558,11.8,,3905.0,4.736,True,exoplanets.org
KOI 7635.01,0.0,0.0,0.002,0.14,0.012075,665.0,559.0,3.172,60.4584,8.43,12.9,,5865.0,4.297,True,exoplanets.org
KOI 7636.01,0.001,0.0,0.006,0.07,0.001032,2294.0,1929.0,2.78,0.7027,1.379,13.0,,5269.0,4.508,True,exoplanets.org
KOI 7638.01,0.0,0.0,0.002,0.13,0.011827,1089.0,915.0,3.232,25.0032,5.498,11.1,,6148.0,4.055,True,exoplanets.org
KOI 7641.01,0.0,0.0,0.001,0.12,0.009137,1798.0,1512.0,3.187,3.7944,2.289,12.8,,5455.0,4.025,True,exoplanets.org
KOI 7644.01,0.0,0.0,0.004,0.07,0.001487,1550.0,1303.0,2.849,3.399,2.922,13.1,,5766.0,4.444,True,exoplanets.org
KOI 7645.01,0.0,0.001,0.032,0.05,0.000386,1600.0,1346.0,2.6,2.0087,4.87,10.6,,5341.0,4.526,True,exoplanets.org
KOI 7648.01,0.0,0.0,0.004,0.07,0.001423,1680.0,1412.0,2.84,1.1835,1.275,13.4,,4832.0,4.592,True,exoplanets.org
KOI 7662.01,0.006,0.002,0.004,0.36,0.053994,2925.0,2460.0,3.026,4.7252,3.751,11.2,,6655.0,3.49,True,exoplanets.org
KOI 7668.01,0.0,0.0,0.001,0.13,0.011827,1928.0,1621.0,3.232,2.5093,1.833,14.2,,6278.0,4.425,True,exoplanets.org
KOI 7670.01,0.0,0.0,0.002,0.11,0.005635,1124.0,945.0,3.1,8.4795,6.052,14.3,,5841.0,4.52,True,exoplanets.org
KOI 7673.01,0.0,0.0,0.002,0.17,0.01407,618.0,520.0,3.098,80.7699,4.2,10.9,,4965.0,3.961,True,exoplanets.org
KOI 7676.01,0.0,0.0,0.008,0.06,0.000584,1266.0,1065.0,2.675,5.3694,3.949,12.2,,5753.0,4.538,True,exoplanets.org
KOI 7678.01,0.0,0.0,0.004,0.07,0.001362,1159.0,975.0,2.832,13.0915,2.037,10.6,,5919.0,4.238,True,exoplanets.org
KOI 7679.01,0.0,0.0,0.005,0.06,0.000891,1680.0,1412.0,2.753,1.868,1.087,12.6,,5487.0,4.568,True,exoplanets.org
KOI 7680.01,0.0,0.0,0.004,0.24,0.022456,592.0,498.0,2.995,219.2058,14.5,11.6,,6990.0,4.115,True,exoplanets.org
KOI 7681.01,0.0,0.0,0.004,0.08,0.002336,1097.0,923.0,2.934,6.0555,2.818,12.9,,5352.0,4.585,True,exoplanets.org
KOI 7685.01,0.0,0.0,0.004,0.12,0.008914,673.0,566.0,3.183,64.7403,15.082,11.7,,5999.0,4.263,True,exoplanets.org
KOI 7685.02,0.0,0.0,0.005,0.1,0.004136,838.0,705.0,3.043,33.5029,11.947,11.7,,5999.0,4.263,True,exoplanets.org
KOI 7687.01,0.0,0.0,0.002,0.24,0.022456,1503.0,1264.0,2.995,23.2666,8.315,11.6,,5758.0,3.456,True,exoplanets.org
KOI 7693.01,0.0,0.0,0.002,0.12,0.010066,1153.0,969.0,3.204,6.411,2.582,13.7,,5383.0,4.486,True,exoplanets.org
KOI 7700.01,0.0,0.0,0.005,0.28,0.030532,308.0,259.0,2.987,631.5689,14.37,12.7,,6382.0,4.432,True,exoplanets.org
KOI 7703.01,0.0,0.0,0.002,0.17,0.01479,330.0,277.0,3.079,413.5186,10.395,13.6,,6031.0,4.45,True,exoplanets.org
KOI 7704.01,0.0,0.0,0.002,0.09,0.003147,1446.0,1216.0,2.991,5.4398,3.256,13.5,,6108.0,4.43,True,exoplanets.org
KOI 7706.01,0.0,0.0,0.003,0.11,0.005802,394.0,332.0,3.106,42.0495,2.1372,12.7,,4281.0,4.761,True,exoplanets.org
KOI 7708.01,0.0,0.0,0.002,0.16,0.013688,1778.0,1495.0,3.11,6.7024,1.221,11.2,,5466.0,3.735,True,exoplanets.org
KOI 7711.01,0.0,0.0,0.003,0.12,0.008055,320.0,269.0,3.165,302.7798,16.847,12.5,,5734.0,4.572,True,exoplanets.org
KOI 7712.01,0.001,0.001,0.005,0.09,0.003872,1888.0,1588.0,3.031,4.8302,7.983,10.0,,5086.0,3.678,True,exoplanets.org
KOI 7715.01,0.0,0.0,0.002,0.1,0.0047,797.0,670.0,3.067,25.8616,7.78,13.7,,6067.0,4.524,True,exoplanets.org
KOI 7716.01,0.0,0.0,0.002,0.11,0.007251,262.0,220.0,3.146,483.3641,15.61,13.2,,5700.0,4.626,True,exoplanets.org
KOI 7735.01,0.0,0.0,0.002,0.36,0.056131,520.0,437.0,3.028,382.3031,8.83,11.6,,5993.0,3.733,True,exoplanets.org
KOI 7744.01,0.0,0.0,0.001,0.12,0.008694,1131.0,951.0,3.178,11.7202,2.399,13.6,,6193.0,4.434,True,exoplanets.org
KOI 7746.01,0.0,0.0,0.002,0.2,0.017672,342.0,288.0,3.029,393.9561,13.89,14.1,,6217.0,4.472,True,exoplanets.org
KOI 7749.01,0.0,0.0,0.002,0.17,0.014226,412.0,346.0,3.094,133.6348,1.584,11.8,,5202.0,4.434,True,exoplanets.org
KOI 7750.01,0.0,0.0,0.002,0.45,0.087715,493.0,414.0,3.033,494.4851,3.905,10.7,,6303.0,3.774,True,exoplanets.org
KOI 7759.01,0.0,0.0,0.002,0.17,0.014464,1791.0,1506.0,3.087,6.2253,4.388,13.4,,6263.0,4.024,True,exoplanets.org
KOI 7762.01,0.0,0.0,0.002,0.12,0.009594,1158.0,974.0,3.196,8.5074,2.266,13.7,,5914.0,4.483,True,exoplanets.org
KOI 7764.01,0.0,0.0,0.003,0.25,0.025049,583.0,491.0,2.989,227.8346,21.59,12.5,,6004.0,3.814,True,exoplanets.org
KOI 777.01,0.0,0.001,0.013,0.67,0.18411,608.0,511.0,3.007,40.4195,3.362,13.5,,5446.0,4.507,True,exoplanets.org
KOI 7773.01,0.0,0.0,0.002,0.09,0.003619,1497.0,1259.0,3.018,2.6934,1.936,13.8,,5355.0,4.511,True,exoplanets.org
KOI 7774.01,0.0,0.0,0.002,0.1,0.004999,1172.0,986.0,3.078,6.3259,1.383,13.7,,5749.0,4.568,True,exoplanets.org
KOI 7775.01,0.0,0.0,0.002,0.31,0.038111,662.0,556.0,2.996,89.9458,2.286,11.5,,5115.0,3.819,True,exoplanets.org
KOI 7776.01,0.0,0.0,0.009,0.28,0.030942,188.0,158.0,2.987,541.9245,21.4,13.0,,4378.0,4.64,True,exoplanets.org
KOI 7780.01,0.001,0.0,0.002,0.14,0.011621,2167.0,1822.0,3.195,5.3361,3.877,11.6,,6742.0,3.925,True,exoplanets.org
KOI 7785.01,0.0,0.0,0.002,0.18,0.015736,263.0,221.0,3.058,433.2205,2.725,12.5,,5232.0,4.519,True,exoplanets.org
KOI 7791.01,11.773,1.141,3.214,20.68,1.0,3458.0,2908.0,0.763,106.1873,10.29,2.3,,3287.0,0.114,True,exoplanets.org
KOI 7793.01,0.0,0.0,0.018,0.04,0.00021,986.0,829.0,2.49,1.9947,5.297,12.7,,3799.0,4.738,True,exoplanets.org
KOI 7795.01,0.0,0.0,0.004,0.09,0.002822,1159.0,975.0,2.97,5.4409,2.119,13.1,,5519.0,4.59,True,exoplanets.org
KOI 7796.01,0.0,0.0,0.004,0.08,0.002522,1729.0,1454.0,2.949,3.5236,3.439,13.0,,6269.0,4.412,True,exoplanets.org
KOI 7798.01,0.0,0.0,0.002,0.19,0.016475,408.0,343.0,3.045,309.891,16.4,13.4,,6450.0,4.386,True,exoplanets.org
KOI 780.02,0.001,0.018,0.032,1.74,1.0,954.0,802.0,2.916,7.2407,0.558,13.2,,5005.0,4.595,True,exoplanets.org
KOI 7818.01,0.001,0.0,0.002,0.14,0.011685,2788.0,2344.0,3.192,2.5244,2.369,11.8,,6461.0,3.846,True,exoplanets.org
KOI 7832.01,0.0,0.0,0.007,0.06,0.000805,1549.0,1303.0,2.734,3.6092,2.8,12.1,,6032.0,4.508,True,exoplanets.org
KOI 7833.01,0.0,0.0,0.004,0.2,0.01716,439.0,369.0,3.035,172.8202,7.343,12.9,,6174.0,4.499,True,exoplanets.org
KOI 7834.01,0.0,0.0,0.002,0.09,0.003147,1226.0,1031.0,2.991,7.3812,2.802,13.5,,6072.0,4.51,True,exoplanets.org
KOI 7835.01,0.0,0.0,0.003,0.08,0.001915,1440.0,1211.0,2.897,3.7657,1.557,13.2,,5815.0,4.54,True,exoplanets.org
KOI 7842.01,0.0,0.0,0.005,0.06,0.000891,1989.0,1673.0,2.753,3.1114,3.074,12.1,,6450.0,4.297,True,exoplanets.org
KOI 7843.01,0.001,0.0,0.004,0.07,0.001362,2451.0,2061.0,2.832,0.619,1.496,13.9,,5395.0,4.536,True,exoplanets.org
KOI 7846.01,0.0,0.0,0.002,0.11,0.007447,1165.0,980.0,3.151,10.5995,9.484,13.8,,6194.0,4.445,True,exoplanets.org
KOI 7847.01,0.0,0.0,0.002,0.35,0.052233,424.0,356.0,3.023,399.3759,21.25,13.9,,6098.0,4.069,True,exoplanets.org
KOI 7849.01,0.0,0.0,0.004,0.07,0.001691,1386.0,1165.0,2.873,5.0264,4.384,13.2,,5783.0,4.418,True,exoplanets.org
KOI 7850.01,0.0,0.0,0.002,0.27,0.028004,588.0,494.0,2.986,66.1191,3.086,14.1,,5828.0,4.462,True,exoplanets.org
KOI 7859.01,0.003,0.001,0.005,0.08,0.002428,3018.0,2538.0,2.942,0.3067,0.9074,13.3,,5310.0,4.512,True,exoplanets.org
KOI 7863.01,0.0,0.0,0.013,0.05,0.000319,1320.0,1110.0,2.565,5.2449,8.367,12.1,,5823.0,4.486,True,exoplanets.org
KOI 7865.01,9.121,1.391,1.984,5.49,1.0,3798.0,3194.0,1.916,0.5181,1.8062,12.4,,5405.0,3.853,True,exoplanets.org
KOI 787.03,0.001,0.0,0.003,0.08,0.002428,2810.0,2363.0,2.942,0.5894,1.71,13.8,,5714.0,4.428,True,exoplanets.org
KOI 7870.01,0.0,0.0,0.001,0.19,0.016008,572.0,481.0,3.053,92.552,2.135,12.8,,5808.0,4.306,True,exoplanets.org
KOI 7873.01,0.0,0.0,0.006,0.05,0.000437,1854.0,1559.0,2.622,1.9319,1.087,12.0,,5896.0,4.516,True,exoplanets.org
KOI 7875.01,0.0,0.0,0.001,0.12,0.008265,843.0,709.0,3.169,21.9712,5.012,13.8,,5763.0,4.436,True,exoplanets.org
KOI 7878.01,0.0,0.002,0.002,1.37,1.0,1076.0,905.0,3.118,36.5663,4.832,14.8,,5294.0,3.599,True,exoplanets.org
KOI 7880.01,0.0,0.0,0.002,0.16,0.013613,336.0,283.0,3.112,623.7077,6.688,12.1,,6626.0,4.347,True,exoplanets.org
KOI 7882.01,0.0,0.0,0.002,0.12,0.008055,383.0,322.0,3.165,65.4152,4.224,12.9,,4348.0,4.62,True,exoplanets.org
KOI 7884.01,0.002,0.001,0.002,0.13,0.012363,2651.0,2229.0,3.239,0.7097,1.318,13.6,,5618.0,4.373,True,exoplanets.org
KOI 7888.01,0.0,0.0,0.005,0.05,0.000521,1478.0,1243.0,2.654,4.7368,2.84,12.5,,6088.0,4.456,True,exoplanets.org
KOI 7889.01,0.0,0.0,0.002,0.22,0.019576,431.0,362.0,3.01,130.2353,5.678,14.3,,5616.0,4.529,True,exoplanets.org
KOI 7892.01,0.0,0.001,0.006,0.24,0.023183,1311.0,1102.0,2.993,10.6921,4.657,13.0,,6474.0,4.311,True,exoplanets.org
KOI 7894.01,0.0,0.0,0.002,0.14,0.012274,329.0,277.0,3.163,347.9761,16.77,13.0,,5995.0,4.536,True,exoplanets.org
KOI 7903.01,0.0,0.0,0.006,0.06,0.000652,1838.0,1546.0,2.695,0.6946,1.115,13.3,,4612.0,4.646,True,exoplanets.org
KOI 7905.01,0.0,0.0,0.004,0.08,0.001764,1518.0,1277.0,2.881,7.4752,5.166,11.4,,5616.0,3.98,True,exoplanets.org
KOI 7915.01,0.0,0.0,0.003,0.19,0.016475,397.0,334.0,3.045,382.5891,11.7,12.4,,6337.0,4.261,True,exoplanets.org
KOI 7920.01,0.002,0.0,0.002,0.1,0.004273,3493.0,2937.0,3.049,1.0435,2.012,11.7,,6014.0,3.843,True,exoplanets.org
KOI 7923.01,0.0,0.0,0.007,0.09,0.002822,270.0,227.0,2.97,395.1314,21.291,10.5,,5060.0,4.493,True,exoplanets.org
KOI 7924.01,0.0,0.0,0.006,0.06,0.000805,2009.0,1690.0,2.734,0.7707,1.401,13.1,,5058.0,4.61,True,exoplanets.org
KOI 7925.01,0.0,0.0,0.006,0.06,0.000652,1377.0,1158.0,2.695,4.6319,3.88,12.7,,5926.0,4.532,True,exoplanets.org
KOI 7930.01,0.0,0.0,0.003,0.12,0.009364,243.0,204.0,3.191,377.6724,15.82,13.1,,5031.0,4.644,True,exoplanets.org
KOI 7931.01,0.0,0.0,0.002,0.19,0.0161,420.0,353.0,3.052,242.0367,11.01,13.6,,6086.0,4.36,True,exoplanets.org
KOI 7932.01,0.0,0.0,0.003,0.09,0.003497,280.0,235.0,3.011,502.2565,14.84,11.7,,5637.0,4.46,True,exoplanets.org
KOI 7934.01,0.0,0.0,0.001,0.19,0.016192,811.0,682.0,3.05,22.6432,0.806,14.0,,5880.0,4.516,True,exoplanets.org
KOI 7938.01,0.0,0.0,0.003,0.21,0.018315,568.0,477.0,3.021,275.5603,15.09,10.4,,5989.0,3.764,True,exoplanets.org
KOI 7940.01,0.0,0.0,0.002,0.17,0.013992,429.0,360.0,3.1,188.881,1.49,11.4,,6077.0,4.471,True,exoplanets.org
KOI 7949.01,0.0,0.0,0.006,0.06,0.000584,2011.0,1691.0,2.675,1.0019,1.256,13.3,,5521.0,4.613,True,exoplanets.org
KOI 7951.01,0.001,0.0,0.002,0.1,0.004273,2373.0,1995.0,3.049,0.8623,1.044,14.1,,5806.0,4.528,True,exoplanets.org
KOI 7953.01,0.0,0.0,0.002,0.13,0.010799,285.0,240.0,3.216,432.969,20.76,13.2,,5580.0,4.538,True,exoplanets.org
KOI 7954.01,0.0,0.0,0.003,0.16,0.013103,302.0,254.0,3.13,372.1504,21.23,13.5,,5769.0,4.57,True,exoplanets.org
KOI 797.01,0.0,0.005,0.011,0.69,0.305625,1056.0,888.0,3.202,10.1816,3.5089,13.9,,5988.0,4.541,True,exoplanets.org
KOI 7970.01,0.0,0.0,0.002,0.11,0.007447,1690.0,1421.0,3.151,1.9851,1.625,14.3,,5581.0,4.559,True,exoplanets.org
KOI 7976.01,0.0,0.0,0.002,0.11,0.006145,1348.0,1133.0,3.116,5.8256,3.246,13.8,,5999.0,4.459,True,exoplanets.org
KOI 7978.01,0.0,0.0,0.001,0.15,0.012544,1877.0,1579.0,3.152,7.2682,4.985,12.7,,6297.0,3.89,True,exoplanets.org
KOI 7982.01,0.0,0.0,0.004,0.29,0.03331,344.0,290.0,2.989,376.3799,13.99,14.0,,6231.0,4.488,True,exoplanets.org
KOI 7986.01,0.0,0.0,0.005,0.06,0.000983,2092.0,1759.0,2.771,1.7398,3.114,13.3,,6119.0,4.444,True,exoplanets.org
KOI 7990.01,0.0,0.0,0.002,0.17,0.01407,491.0,412.0,3.098,87.4876,5.881,13.9,,5774.0,4.567,True,exoplanets.org
KOI 7991.01,0.001,0.001,0.003,0.3,0.034681,1738.0,1461.0,2.991,11.9451,6.893,10.5,,5094.0,3.38,True,exoplanets.org
KOI 7992.01,0.0,0.0,0.002,0.16,0.013839,399.0,335.0,3.105,277.1337,9.67,13.3,,6461.0,4.474,True,exoplanets.org
KOI 7998.01,0.0,0.0,0.006,0.26,0.027274,457.0,384.0,2.987,122.1155,16.07,13.7,,5592.0,4.418,True,exoplanets.org
KOI 8000.01,0.0,0.0,0.003,0.15,0.01282,347.0,292.0,3.14,225.488,19.46,13.5,,5663.0,4.579,True,exoplanets.org
KOI 8007.01,0.0,0.0,0.043,0.86,0.438826,232.0,195.0,3.166,67.1766,3.1147,12.5,,3391.0,4.936,True,exoplanets.org
KOI 8012.01,0.0,0.0,0.037,0.04,0.000154,259.0,218.0,2.435,34.5737,2.1742,11.1,,3374.0,5.066,True,exoplanets.org
KOI 802.01,0.0,0.005,0.01,1.21,1.0,836.0,703.0,3.226,19.6203,2.0038,13.9,,5710.0,4.492,True,exoplanets.org
KOI 8026.01,0.0,0.0,0.003,0.08,0.002428,1302.0,1095.0,2.942,7.7529,5.072,13.0,,5975.0,4.335,True,exoplanets.org
KOI 8031.01,0.0,0.0,0.001,1.25,1.0,762.0,641.0,3.203,254.3367,8.585,11.5,,5193.0,3.117,True,exoplanets.org
KOI 8033.01,0.0,0.0,0.002,0.2,0.017261,271.0,228.0,3.034,362.1319,5.59,13.4,,5176.0,4.567,True,exoplanets.org
KOI 8035.01,0.0,0.0,0.001,0.13,0.011565,1030.0,866.0,3.228,29.4856,4.27,12.6,,6870.0,4.266,True,exoplanets.org
KOI 8037.01,0.0,0.0,0.009,0.06,0.000983,752.0,632.0,2.771,3.6503,1.527,12.4,,3704.0,4.797,True,exoplanets.org
KOI 8039.01,0.0,0.0,0.002,0.1,0.0047,657.0,552.0,3.067,43.9439,5.26,13.2,,6008.0,4.537,True,exoplanets.org
KOI 804.01,0.0,0.001,0.007,0.23,0.021217,985.0,828.0,3.0,9.0293,3.1449,13.4,,5349.0,4.526,True,exoplanets.org
KOI 8043.01,0.0,0.0,0.001,0.11,0.006683,1225.0,1030.0,3.131,10.7782,3.005,13.9,,6386.0,4.402,True,exoplanets.org
KOI 8046.01,0.0,0.008,0.042,4.54,1.0,878.0,739.0,2.079,384.3771,15.139,10.4,,4859.0,2.481,True,exoplanets.org
KOI 8047.01,0.0,0.0,0.002,0.18,0.014956,270.0,227.0,3.075,302.3497,4.978,13.0,,4829.0,4.564,True,exoplanets.org
KOI 8048.01,0.0,0.0,0.002,0.12,0.008478,322.0,270.0,3.174,379.6728,9.662,13.0,,6156.0,4.563,True,exoplanets.org
KOI 8050.01,0.0,0.0,0.003,0.61,0.138927,603.0,507.0,2.97,278.3893,10.43,10.7,,4951.0,3.349,True,exoplanets.org
KOI 8052.01,0.0,0.0,0.003,0.15,0.013031,1719.0,1445.0,3.132,7.8687,3.739,12.3,,6738.0,4.109,True,exoplanets.org
KOI 8053.01,0.0,0.0,0.002,0.11,0.005802,1198.0,1007.0,3.106,9.9106,5.945,13.5,,6214.0,4.442,True,exoplanets.org
KOI 8054.01,0.0,0.001,0.003,0.65,0.171403,1150.0,967.0,2.997,43.9088,6.265,11.5,,5216.0,3.402,True,exoplanets.org
KOI 8055.01,0.0,0.0,0.003,0.08,0.001838,1497.0,1259.0,2.889,4.4066,2.107,13.2,,6063.0,4.47,True,exoplanets.org
KOI 8063.01,0.0,0.0,0.002,0.19,0.0161,302.0,254.0,3.052,405.3546,10.778,13.6,,5650.0,4.487,True,exoplanets.org
KOI 8068.01,0.0,0.0,0.002,0.11,0.007447,1091.0,917.0,3.151,9.464,6.999,14.2,,5968.0,4.534,True,exoplanets.org
KOI 8076.01,0.0,0.0,0.002,0.13,0.010551,680.0,572.0,3.212,71.1068,6.933,12.4,,6339.0,4.315,True,exoplanets.org
KOI 8077.01,0.0,0.0,0.002,0.12,0.007647,425.0,357.0,3.156,77.1777,2.312,12.2,,4840.0,4.551,True,exoplanets.org
KOI 8078.01,1.593,0.907,0.874,2.66,1.0,1947.0,1637.0,2.543,0.8059,1.4432,12.0,,5022.0,4.597,True,exoplanets.org
KOI 8082.01,0.001,0.001,0.004,0.22,0.020063,2110.0,1774.0,3.007,8.2766,4.834,11.3,,6787.0,3.762,True,exoplanets.org
KOI 8085.01,0.0,0.0,0.002,0.15,0.01282,333.0,280.0,3.14,419.2615,21.53,13.0,,5979.0,4.379,True,exoplanets.org
KOI 8089.01,0.001,0.004,0.009,3.71,1.0,1229.0,1033.0,2.256,141.4003,3.031,10.4,,4936.0,2.609,True,exoplanets.org
KOI 810.01,0.0,0.001,0.007,0.22,0.020312,1151.0,968.0,3.005,4.783,2.335,13.2,,5170.0,4.574,True,exoplanets.org
KOI 8107.01,0.0,0.0,0.003,0.15,0.012751,409.0,344.0,3.143,578.8876,18.521,9.8,,6180.0,3.946,True,exoplanets.org
KOI 8109.01,0.178,0.029,0.104,22.32,1.0,2596.0,2183.0,0.697,218.7711,3.201,8.4,,3297.0,0.236,True,exoplanets.org
KOI 8111.01,0.0,0.0,0.004,0.21,0.018315,281.0,236.0,3.021,359.3383,18.566,13.8,,5316.0,4.539,True,exoplanets.org
KOI 8122.01,0.0,0.0,0.002,0.2,0.017059,678.0,570.0,3.037,54.7539,2.0865,13.3,,6242.0,4.442,True,exoplanets.org
KOI 815.01,0.0,0.001,0.009,0.68,0.191539,664.0,558.0,3.013,34.844,2.9315,13.9,,5509.0,4.482,True,exoplanets.org
KOI 8156.01,0.0,0.0,0.004,0.28,0.030329,380.0,320.0,2.987,364.9824,12.346,13.0,,6429.0,4.404,True,exoplanets.org
KOI 8159.02,0.0,0.0,0.003,0.2,0.017465,391.0,329.0,3.031,353.0186,15.583,12.7,,6450.0,4.386,True,exoplanets.org
KOI 8163.01,0.0,0.028,6.451,10.7,1.0,439.0,369.0,1.335,370.9825,17.84,12.3,,6028.0,4.013,True,exoplanets.org
KOI 8174.01,0.0,0.0,0.013,0.06,0.000652,303.0,255.0,2.695,295.0607,16.18,10.1,,5332.0,4.524,True,exoplanets.org
KOI 8180.01,0.0,0.0,0.003,0.25,0.023939,895.0,752.0,2.991,185.9753,8.744,9.7,,7365.0,3.628,True,exoplanets.org
KOI 8183.01,0.0,0.0,0.007,0.05,0.000521,1335.0,1122.0,2.654,5.8877,4.009,12.3,,6065.0,4.495,True,exoplanets.org
KOI 8193.01,0.0,0.0,0.002,0.33,0.045399,296.0,249.0,3.009,367.9478,4.249,14.0,,5570.0,4.561,True,exoplanets.org
KOI 82.04,0.0,0.0,0.024,0.06,0.000617,934.0,786.0,2.685,7.0714,2.757,9.4,,4900.0,4.602,True,exoplanets.org
KOI 8201.01,0.0,0.0,0.003,0.2,0.017465,266.0,223.0,3.031,392.6019,3.21,12.5,,5307.0,4.605,True,exoplanets.org
KOI 8205.01,0.0,0.002,0.008,2.27,1.0,791.0,665.0,2.684,260.4462,9.314,10.5,,4845.0,2.897,True,exoplanets.org
KOI 8211.01,0.0,0.0,0.006,0.06,0.000764,1198.0,1007.0,2.725,5.0487,4.007,13.0,,5450.0,4.573,True,exoplanets.org
KOI 8223.01,0.0,0.0,0.002,0.2,0.01696,523.0,440.0,3.038,66.7165,3.855,14.1,,5447.0,4.506,True,exoplanets.org
KOI 823.01,4.74,1.624,4.084,6.49,1.0,2532.0,2129.0,1.769,1.0284,1.8606,13.6,,6228.0,4.428,True,exoplanets.org
KOI 8232.01,0.0,0.0,0.005,0.3,0.034448,405.0,341.0,2.991,189.184,6.829,13.0,,5573.0,4.382,True,exoplanets.org
KOI 8238.01,0.0,0.0,0.003,0.24,0.023482,269.0,226.0,2.992,495.6623,4.428,12.6,,5515.0,4.509,True,exoplanets.org
KOI 8241.01,0.0,0.0,0.002,0.68,0.196129,536.0,451.0,3.016,490.6394,16.5,11.0,,5037.0,3.252,True,exoplanets.org
KOI 8242.01,0.0,0.0,0.002,0.12,0.009137,312.0,262.0,3.187,331.5546,5.35,12.5,,5762.0,4.576,True,exoplanets.org
KOI 8246.01,0.0,0.0,0.002,0.14,0.012009,366.0,307.0,3.176,425.6497,11.07,12.3,,6067.0,4.253,True,exoplanets.org
KOI 8249.01,0.0,0.0,0.002,0.17,0.01479,498.0,419.0,3.079,309.1918,11.392,11.4,,6299.0,3.99,True,exoplanets.org
KOI 8253.01,0.0,0.0,0.003,0.08,0.002619,294.0,247.0,2.956,400.1148,12.37,11.9,,5547.0,4.521,True,exoplanets.org
KOI 8257.01,0.0,0.0,0.011,0.05,0.000363,997.0,839.0,2.588,9.4609,4.888,11.7,,5485.0,4.5,True,exoplanets.org
KOI 8259.01,0.0,0.0,0.002,0.15,0.013031,340.0,286.0,3.132,402.2749,15.67,13.2,,6299.0,4.486,True,exoplanets.org
KOI 8263.01,0.0,0.0,0.002,0.19,0.016667,401.0,337.0,3.042,280.5554,12.757,13.7,,6292.0,4.426,True,exoplanets.org
KOI 8270.01,0.0,0.0,0.003,0.19,0.015916,324.0,272.0,3.055,338.0069,16.745,13.3,,5741.0,4.502,True,exoplanets.org
KOI 8272.01,0.0,0.0,0.002,0.1,0.004999,337.0,283.0,3.078,432.4279,19.63,12.4,,6263.0,4.46,True,exoplanets.org
KOI 8275.01,0.0,0.0,0.002,0.34,0.046633,269.0,226.0,3.012,389.8758,3.336,14.0,,5289.0,4.588,True,exoplanets.org
KOI 8276.01,0.0,0.0,0.004,0.29,0.032645,390.0,328.0,2.989,385.8587,12.071,12.7,,6551.0,4.367,True,exoplanets.org
KOI 8277.01,0.0,0.0,0.006,0.05,0.000464,2478.0,2084.0,2.633,0.7573,0.905,12.3,,5651.0,4.479,True,exoplanets.org
KOI 8279.01,0.0,0.001,0.193,3.15,1.0,366.0,308.0,2.398,367.0896,28.02,13.8,,6268.0,4.429,True,exoplanets.org
KOI 8280.01,0.0,0.0,0.004,0.24,0.022173,704.0,592.0,2.996,66.6731,6.381,13.3,,6592.0,4.369,True,exoplanets.org
KOI 8286.01,0.0,0.0,0.002,0.32,0.040222,372.0,313.0,3.0,191.0373,3.595,14.7,,5440.0,4.497,True,exoplanets.org
KOI 834.01,0.0,0.003,0.01,0.7,0.213876,951.0,800.0,3.029,23.6537,8.2183,13.5,,5739.0,4.191,True,exoplanets.org
KOI 834.05,0.0,0.0,0.003,0.24,0.022599,739.0,621.0,2.994,50.4467,7.159,13.5,,5739.0,4.191,True,exoplanets.org
KOI 841.03,0.0,0.0,0.004,0.2,0.016862,1053.0,886.0,3.039,6.5463,2.75,14.1,,5251.0,4.581,True,exoplanets.org
Kepler-65 c,,,,0.24,0.021424,1616.0,1359.0,2.981,5.8599,4.0185,9.8,306.39,6211.0,4.232,True,exoplanets.org
Kepler-65 b,,,,0.13,0.010538,2255.0,1896.0,3.193,2.1549,3.1341,9.8,306.39,6211.0,4.232,True,exoplanets.org
Kepler-65 d,,,,0.14,0.011647,1449.0,1218.0,3.175,8.1312,4.2386,9.8,306.39,6211.0,4.232,True,exoplanets.org
KOI 856.01,0.0,0.005,0.017,1.27,1.0,717.0,603.0,3.188,39.7489,7.3051,13.8,,6122.0,4.487,True,exoplanets.org
KOI 865.01,0.0,0.0,0.009,0.8,0.329656,476.0,400.0,3.105,119.0207,8.1405,13.4,,5453.0,4.342,True,exoplanets.org
KOI 868.01,0.0,0.0,0.014,0.94,0.689423,244.0,205.0,3.282,235.9986,8.2284,12.5,,4245.0,4.627,True,exoplanets.org
KOI 875.01,0.0,0.001,0.016,0.23,0.021894,774.0,651.0,2.997,4.221,3.0854,13.1,,3837.0,4.747,True,exoplanets.org
KOI 883.01,0.009,0.035,0.023,1.07,1.0,1207.0,1015.0,3.332,2.6889,2.1128,13.5,,4820.0,4.667,True,exoplanets.org
KOI 89.02,0.0,0.0,0.007,0.4,0.070377,589.0,495.0,3.031,207.5829,7.0686,10.9,,6688.0,4.062,True,exoplanets.org
KOI 892.02,0.0,0.0,0.003,0.16,0.013392,1290.0,1085.0,3.119,3.97,1.1757,13.1,,5121.0,4.457,True,exoplanets.org
KOI 896.03,0.0,0.0,0.002,0.13,0.011557,641.0,539.0,3.198,28.8672,3.782,13.4,,5191.0,4.564,True,exoplanets.org
KOI 900.01,0.0,0.001,0.005,0.41,0.071666,1083.0,910.0,3.031,13.8102,3.048,13.8,,5942.0,4.327,True,exoplanets.org
KOI 901.01,0.0,0.001,0.015,0.43,0.082065,561.0,472.0,3.032,12.7326,2.2083,13.2,,3950.0,4.721,True,exoplanets.org
KOI 902.01,0.0,0.0,0.015,0.43,0.078971,294.0,247.0,3.032,83.9249,6.7904,13.2,,3960.0,4.746,True,exoplanets.org
KOI 914.01,0.0,0.001,0.006,0.17,0.01407,1313.0,1104.0,3.098,3.8867,3.1646,13.6,,5662.0,4.61,True,exoplanets.org
KOI 92.01,0.0,0.0,0.012,0.25,0.02425,613.0,516.0,2.99,65.7045,3.3104,10.3,,5918.0,4.403,True,exoplanets.org
KOI 924.01,0.0,0.0,0.004,0.36,0.056417,750.0,630.0,3.028,39.4759,2.968,13.7,,6225.0,4.45,True,exoplanets.org
KOI 928.01,0.001,0.001,0.005,0.22,0.019339,1552.0,1305.0,3.012,2.4942,1.1221,13.6,,5569.0,4.566,True,exoplanets.org
KOI 929.02,0.0,0.0,0.002,0.11,0.0065,1818.0,1529.0,3.126,2.8519,2.666,14.1,,6123.0,4.413,True,exoplanets.org
KOI 935.04,0.0,0.0,0.002,0.17,0.014626,1313.0,1104.0,3.083,9.6173,3.8692,13.9,,6035.0,4.22,True,exoplanets.org
KOI 945.01,0.0,0.0,0.004,0.21,0.019105,874.0,735.0,3.014,25.8475,5.985,13.6,,6297.0,4.448,True,exoplanets.org
KOI 945.02,0.0,0.0,0.005,0.24,0.023035,751.0,632.0,2.993,40.7156,6.894,13.6,,6297.0,4.448,True,exoplanets.org
KOI 950.01,0.0,0.0,0.027,0.74,0.252294,372.0,313.0,3.056,31.2017,2.1566,12.8,,3748.0,4.796,True,exoplanets.org
KOI 958.01,0.0,0.0,0.014,0.23,0.020694,632.0,531.0,3.003,21.7613,1.243,10.4,,4859.0,4.612,True,exoplanets.org
KOI 971.01,164.234,18.246,80.41,11.92,1.0,7612.0,6401.0,1.242,0.5331,1.8621,7.4,,8523.0,3.559,True,exoplanets.org
KOI 972.01,0.024,0.011,0.017,0.74,0.2464,2299.0,1933.0,3.052,13.119,4.3045,8.7,,7221.0,3.488,True,exoplanets.org
KOI 974.01,0.0,0.001,0.023,0.22,0.020565,878.0,738.0,3.004,53.5058,10.5616,8.4,,6247.0,4.016,True,exoplanets.org
KOI 984.01,0.001,0.003,0.024,0.2,0.017883,1225.0,1030.0,3.026,4.2875,1.5693,10.0,,5296.0,4.576,True,exoplanets.org
KOI 989.03,0.01,0.407,4.708,7.68,1.0,858.0,721.0,1.623,16.1581,6.049,13.9,,5619.0,4.536,True,exoplanets.org
KOI 99.01,0.0,0.0,0.012,0.28,0.030329,142.0,120.0,2.987,2190.701,19.891,11.0,,4965.0,4.555,True,exoplanets.org
KOI 992.02,0.0,0.0,0.002,0.13,0.011051,1567.0,1318.0,3.22,4.5783,3.987,13.6,,5782.0,4.28,True,exoplanets.org
KOI 994.01,0.0,0.001,0.006,0.19,0.016192,1361.0,1144.0,3.05,4.2989,2.747,12.8,,5300.0,4.385,True,exoplanets.org
OGLE-TR-10 b,0.024,0.021,,1.25,0.62,1768.0,1487.0,2.998,3.1013,3.2937,,,5950.0,4.358,True,exoplanets.org
OGLE-TR-111 b,0.004,0.016,0.02,1.05,0.55,1216.0,1022.0,3.093,4.0144,2.7066,14.1,,5040.0,4.529,True,exoplanets.org
OGLE-TR-113 b,0.055,0.059,0.021,1.09,1.26,1595.0,1341.0,3.419,1.4325,1.9333,13.0,600.0,4790.0,4.552,True,exoplanets.org
OGLE-TR-132 b,0.054,0.022,,1.2,1.18,2346.0,1973.0,3.311,1.6899,2.4769,,172.41,6210.0,4.313,True,exoplanets.org
OGLE-TR-182 b,,,,1.13,1.0245,1599.0,1344.0,3.3,3.9791,,14.7,,5924.0,4.47,True,exoplanets.org
OGLE-TR-211 b,0.045,0.027,0.022,1.36,0.757277,2049.0,1723.0,3.011,3.6772,3.5517,13.4,,6325.0,4.22,True,exoplanets.org
OGLE-TR-56 b,0.063,0.02,,1.36,1.39,2621.0,2204.0,3.27,1.2119,1.8768,,1500.0,6050.0,4.258,True,exoplanets.org
OGLE2-TR-L9 b,0.123,0.05,0.008,1.61,4.57442,2416.0,2032.0,3.64,2.4855,2.6326,13.1,,6933.0,4.25,True,exoplanets.org
PH-1 b,,,,0.55,0.100437,614.0,516.0,2.914,138.506,,12.4,1500.0,6407.0,4.14,True,exoplanets.org
PH-2 b,0.0,0.0,0.024,0.9,0.488198,355.0,298.0,3.172,282.5255,11.8039,11.1,,5629.0,4.408,True,exoplanets.org
Qatar-1 b,0.196,0.189,0.082,1.16,1.08979,1650.0,1388.0,3.301,1.42,1.6118,10.4,175.0,4861.0,4.536,True,exoplanets.org
Qatar-2 b,0.172,0.211,0.041,1.14,2.48409,1532.0,1288.0,3.673,1.3371,1.8096,10.6,,4645.0,4.601,True,exoplanets.org
TRAPPIST-1 b,0.0,0.001,0.163,0.1,0.0032,467.0,393.0,2.876,1.5109,0.6031,10.3,12.11,2516.0,5.22,True,exoplanets.org
TRAPPIST-1 c,0.0,0.0,0.124,0.1,0.003637,399.0,336.0,2.952,2.4218,0.7052,10.3,12.11,2516.0,5.22,True,exoplanets.org
TRAPPIST-1 d,0.0,0.0,0.161,0.07,0.000934,336.0,283.0,2.651,4.05,0.822,10.3,12.11,2516.0,5.22,True,exoplanets.org
TrES-1 b,0.051,0.119,,1.07,0.752484,1358.0,1142.0,3.217,3.0301,2.513,,152.21,5230.0,4.567,True,exoplanets.org
TrES-2 b,0.205,0.178,0.086,1.22,1.20071,1779.0,1496.0,3.301,2.4706,1.8235,9.8,212.77,5850.0,4.427,True,exoplanets.org
TrES-3 b,0.376,0.242,0.069,1.34,1.91,1935.0,1627.0,3.44,1.3062,1.3544,10.6,245.1,5650.0,4.581,True,exoplanets.org
TrES-4 b,0.319,0.169,0.138,1.78,0.925,2121.0,1783.0,2.872,3.5539,3.6281,10.3,485.44,6200.0,4.064,True,exoplanets.org
TrES-5 b,0.15,0.122,0.034,1.21,1.7781,1760.0,1480.0,3.48,1.4822,1.8468,11.6,360.0,5171.0,4.513,True,exoplanets.org
WASP-100 b,0.643,0.22,0.079,1.69,2.03,2614.0,2198.0,3.244,2.8494,3.84,9.7,,6900.0,4.35,True,exoplanets.org
WASP-101 b,0.294,0.24,0.349,1.41,0.5,1846.0,1552.0,2.794,3.5857,2.712,9.1,,6380.0,4.31,True,exoplanets.org
WASP-103 b,1.01,0.247,0.086,1.53,1.48791,2975.0,2502.0,3.201,0.9255,2.593,10.8,470.0,6110.0,4.22,True,exoplanets.org
WASP-104 b,0.228,0.18,0.07,1.14,1.272,1801.0,1515.0,3.389,1.7554,1.7621,9.9,143.0,5475.0,4.503,True,exoplanets.org
WASP-106 b,0.023,0.058,0.024,1.08,1.925,1371.0,1153.0,3.583,9.2897,5.363,10.2,283.0,6055.0,4.226,True,exoplanets.org
WASP-10 b,0.027,0.14,0.031,1.08,3.19144,1141.0,959.0,3.834,3.0928,2.2271,10.0,90.09,4675.0,4.4,True,exoplanets.org
WASP-117 b,0.024,0.108,0.324,1.02,0.2755,1216.0,1023.0,2.819,10.0216,5.94,8.8,,6040.0,4.28,True,exoplanets.org
WASP-11 b,0.021,0.116,0.135,0.91,0.539755,1132.0,952.0,3.204,3.7225,2.556,9.4,121.7,4800.0,4.45,True,exoplanets.org
WASP-12 b,1.559,0.37,0.183,1.79,1.36063,3069.0,2581.0,2.989,1.0914,2.928,10.2,,6300.0,4.38,True,exoplanets.org
WASP-135 b,0.193,0.107,,1.3,1.90043,2034.0,1711.0,3.446,1.4014,1.656,,300.0,5657.0,4.47,True,exoplanets.org
WASP-13 b,0.27,0.21,0.293,1.41,0.473883,1845.0,1552.0,2.775,4.353,4.063,9.1,155.0,5950.0,4.06,True,exoplanets.org
WASP-14 b,0.714,0.347,0.026,1.28,7.69234,2214.0,1862.0,4.063,2.2438,3.06,8.6,160.0,6475.0,4.07,True,exoplanets.org
WASP-15 b,0.264,0.176,0.225,1.38,0.542797,1962.0,1650.0,2.829,3.7521,3.7128,9.7,,6300.0,4.35,True,exoplanets.org
WASP-16 b,0.087,0.122,0.078,1.01,0.842294,1553.0,1306.0,3.315,3.1186,1.92,9.6,,5700.0,4.495,True,exoplanets.org
WASP-17 b,0.447,0.376,0.464,1.93,0.508547,1839.0,1547.0,2.745,3.7354,4.4232,10.2,400.0,6550.0,4.2,True,exoplanets.org
WASP-18 b,2.356,0.646,0.024,1.27,10.2006,2849.0,2395.0,4.297,0.9415,2.1814,8.1,99.4,6400.0,4.367,True,exoplanets.org
WASP-19 b,0.953,0.318,0.13,1.39,1.13339,2454.0,2064.0,3.169,0.7888,1.572,10.5,,5500.0,4.5,True,exoplanets.org
WASP-1 b,0.443,0.211,0.158,1.55,0.918,2196.0,1847.0,2.953,2.5199,3.8781,10.3,408.16,6110.0,4.19,True,exoplanets.org
WASP-20 b,0.157,0.184,0.459,1.46,0.311,1642.0,1380.0,2.56,4.8996,3.3984,9.4,210.0,5950.0,4.232,True,exoplanets.org
WASP-21 b,0.066,0.109,0.223,1.07,0.300272,1498.0,1260.0,2.813,4.3225,3.3552,10.0,242.13,5800.0,4.2,True,exoplanets.org
WASP-22 b,0.104,0.11,0.115,1.12,0.559059,1688.0,1419.0,3.044,3.5327,3.288,10.3,303.03,6000.0,4.5,True,exoplanets.org
WASP-23 b,0.041,0.1,0.063,0.96,0.872226,1341.0,1128.0,3.365,2.9444,2.3942,10.5,,5150.0,4.4,True,exoplanets.org
WASP-24 b,0.296,0.158,0.081,1.3,1.091,2101.0,1767.0,3.206,2.3412,2.6843,10.1,,6075.0,4.263,True,exoplanets.org
WASP-25 b,0.079,0.147,0.185,1.22,0.57847,1451.0,1221.0,2.983,3.7648,2.784,10.2,,5750.0,4.5,True,exoplanets.org
WASP-26 b,0.161,0.151,0.083,1.32,1.01746,1678.0,1411.0,3.16,2.7566,2.352,9.7,250.0,5059.0,4.3,True,exoplanets.org
WASP-28 b,0.122,0.117,0.082,1.21,0.907,1744.0,1466.0,3.185,3.4088,3.2376,10.7,410.0,6150.0,4.37,True,exoplanets.org
WASP-29 b,0.022,0.107,0.23,0.79,0.242991,1157.0,973.0,2.982,3.9227,2.6592,8.8,70.0,4800.0,4.5,True,exoplanets.org
WASP-2 b,0.138,0.184,0.109,1.08,0.908659,1544.0,1298.0,3.274,2.1522,1.7693,9.6,165.84,5200.0,4.537,True,exoplanets.org
WASP-31 b,0.195,0.151,0.246,1.54,0.479329,1871.0,1573.0,2.695,3.4059,2.6568,10.7,400.0,6302.0,4.308,True,exoplanets.org
WASP-32 b,0.159,0.123,0.019,1.1,3.45362,1859.0,1563.0,3.85,2.7187,2.376,10.2,,6140.0,4.4,True,exoplanets.org
WASP-34 b,0.091,0.213,0.193,1.22,0.583354,1380.0,1160.0,3.148,4.3177,2.1024,8.8,120.0,5700.0,4.5,True,exoplanets.org
WASP-35 b,0.245,0.24,0.223,1.32,0.717098,1725.0,1450.0,3.013,3.1616,3.0672,9.5,,5990.0,4.4,True,exoplanets.org
WASP-36 b,0.241,0.141,0.034,1.27,2.26929,2019.0,1697.0,3.545,1.5374,1.8158,11.3,450.0,5881.0,4.498,True,exoplanets.org
WASP-47 c,,,,,1.23683,294.0,247.0,,572.0,,10.2,200.0,5576.0,,True,exoplanets.org
WASP-37 b,0.069,0.092,0.033,1.16,1.79362,1575.0,1324.0,3.517,3.5775,3.1296,11.1,343.0,5800.0,4.25,True,exoplanets.org
WASP-38 b,0.17,0.297,0.047,1.09,2.70901,1493.0,1256.0,3.753,6.8719,4.7256,8.0,110.0,6180.0,4.25,True,exoplanets.org
WASP-39 b,0.055,0.146,0.4,1.27,0.284338,1328.0,1116.0,2.646,4.0553,2.8032,10.2,230.0,5400.0,4.4,True,exoplanets.org
WASP-3 b,0.668,0.273,0.073,1.29,2.01184,2364.0,1988.0,3.477,1.8468,2.808,9.4,220.0,6400.0,4.25,True,exoplanets.org
WASP-41 b,0.122,0.206,0.137,1.18,0.939101,1477.0,1242.0,3.242,3.0524,2.6376,9.7,180.02,5545.0,4.53,True,exoplanets.org
WASP-41 c,,,,,2.97516,304.0,256.0,,350.3,,9.7,180.02,5545.0,4.53,True,exoplanets.org
WASP-42 b,0.02,0.096,0.145,1.06,0.496968,1174.0,987.0,3.04,4.9817,2.8901,10.0,160.0,5200.0,4.5,True,exoplanets.org
WASP-43 b,0.405,0.366,0.069,0.93,1.77609,1633.0,1374.0,3.709,0.8135,1.1592,9.3,80.0,4400.0,4.646,True,exoplanets.org
WASP-44 b,0.075,0.089,0.055,1.14,0.889836,1601.0,1346.0,3.234,2.4238,2.2464,11.3,,5410.0,4.481,True,exoplanets.org
WASP-45 b,0.057,0.105,0.06,1.16,1.00657,1421.0,1195.0,3.297,3.1261,1.7904,10.3,,5140.0,4.445,True,exoplanets.org
WASP-46 b,0.242,0.147,0.038,1.31,2.10232,1970.0,1656.0,3.484,1.4304,1.6735,11.4,,5620.0,4.493,True,exoplanets.org
WASP-47 b,0.072,0.108,0.059,1.15,1.12341,1517.0,1276.0,3.327,4.1591,3.5839,10.2,200.0,5576.0,4.55,True,exoplanets.org
WASP-47 d,0.001,0.005,0.032,0.32,0.040578,1172.0,985.0,2.982,9.0308,4.3682,10.2,200.0,5576.0,4.55,True,exoplanets.org
WASP-48 b,0.534,0.196,0.124,1.67,0.984236,2416.0,2031.0,2.945,2.1436,3.1848,10.4,,5920.0,4.03,True,exoplanets.org
WASP-49 b,0.118,0.136,,1.11,0.378231,1628.0,1369.0,2.88,2.7817,2.1197,,170.0,5600.0,4.5,True,exoplanets.org
WASP-4 b,0.422,0.246,0.11,1.34,1.22311,1984.0,1669.0,3.217,1.3382,2.1283,10.7,300.03,5500.0,4.45,True,exoplanets.org
WASP-50 b,0.191,0.2,0.073,1.15,1.47244,1654.0,1391.0,3.442,1.9551,1.8058,10.0,230.0,5400.0,4.537,True,exoplanets.org
WASP-52 b,0.149,0.191,,1.27,0.457165,1545.0,1299.0,2.852,1.7498,1.8096,,140.0,5000.0,4.582,True,exoplanets.org
WASP-54 b,0.559,0.294,0.328,1.65,0.63273,2115.0,1779.0,2.763,3.6936,4.4712,9.0,200.0,6100.0,3.997,True,exoplanets.org
WASP-55 b,0.083,0.135,0.178,1.3,0.571173,1508.0,1268.0,2.927,4.4656,3.528,10.4,330.0,5900.0,4.3,True,exoplanets.org
WASP-56 b,0.039,0.077,0.081,1.09,0.605385,1428.0,1200.0,3.102,4.6171,3.5616,10.5,255.0,5600.0,,True,exoplanets.org
WASP-57 b,0.038,0.062,0.046,0.92,0.675887,1492.0,1255.0,3.302,2.839,2.304,11.2,455.0,5600.0,4.574,True,exoplanets.org
WASP-58 b,0.089,0.139,0.121,1.37,0.891379,1516.0,1275.0,3.072,5.0172,3.7968,10.3,300.0,5800.0,4.27,True,exoplanets.org
WASP-59 b,0.0,0.014,,0.78,0.859095,790.0,664.0,3.551,7.9196,2.448,,125.0,4650.0,4.72,True,exoplanets.org
WASP-5 b,0.291,0.158,0.043,1.14,1.62423,2069.0,1740.0,3.521,1.6284,2.3712,10.6,300.03,5880.0,4.403,True,exoplanets.org
WASP-61 b,0.104,0.084,0.026,1.24,2.05491,1841.0,1548.0,3.521,3.8559,3.9408,11.0,480.0,6250.0,4.256,True,exoplanets.org
WASP-62 b,0.24,0.258,0.343,1.39,0.56227,1695.0,1426.0,2.865,4.412,3.8112,8.9,160.0,6230.0,4.45,True,exoplanets.org
WASP-63 b,0.211,0.163,0.268,1.43,0.378096,1818.0,1529.0,2.665,4.3781,5.34,9.4,330.0,5550.0,4.01,True,exoplanets.org
WASP-64 b,0.283,0.16,0.064,1.27,1.27137,2008.0,1688.0,3.293,1.5733,2.3998,11.0,350.0,5550.0,4.392,True,exoplanets.org
WASP-66 b,0.221,0.119,,1.39,2.31346,2140.0,1799.0,3.473,4.0861,4.5024,,380.0,6600.0,4.3,True,exoplanets.org
WASP-67 b,0.021,0.082,,1.4,0.41931,1221.0,1027.0,2.906,4.6144,1.896,,225.0,5200.0,4.35,True,exoplanets.org
WASP-68 b,0.177,0.159,0.1,1.24,0.957019,1765.0,1484.0,3.189,5.0843,5.136,8.9,,5910.0,4.17,True,exoplanets.org
WASP-69 b,0.061,0.314,0.836,1.06,0.259543,1141.0,960.0,2.762,3.8681,2.2296,7.5,50.0,4700.0,4.5,True,exoplanets.org
WASP-6 b,0.072,0.149,0.201,1.22,0.52136,1406.0,1183.0,2.937,3.361,2.6064,10.3,,5450.0,4.6,True,exoplanets.org
WASP-70 A b,0.126,0.145,0.145,1.16,0.590076,1634.0,1374.0,3.035,3.713,3.3336,9.6,245.0,5700.0,4.26,True,exoplanets.org
WASP-71 b,0.508,0.183,0.046,1.5,2.242,2452.0,2062.0,3.395,2.9037,5.0256,9.3,200.0,6050.0,3.905,True,exoplanets.org
WASP-72 b,0.297,0.11,0.031,1.01,1.40771,2448.0,2058.0,3.538,2.2167,3.756,9.6,250.0,6250.0,4.095,True,exoplanets.org
WASP-73 b,0.242,0.126,0.033,1.16,1.88059,2115.0,1779.0,3.544,4.0872,5.592,9.0,,6030.0,3.93,True,exoplanets.org
WASP-74 b,0.942,0.4,0.258,1.56,0.95,2284.0,1920.0,2.987,2.1378,2.292,8.2,120.0,5990.0,4.39,True,exoplanets.org
WASP-75 b,0.235,0.14,0.073,1.27,1.07,2025.0,1703.0,3.22,2.4842,1.9728,10.1,260.0,6100.0,4.5,True,exoplanets.org
WASP-77 A b,0.933,0.543,0.148,1.21,1.75921,1985.0,1669.0,3.477,1.36,2.16,8.4,93.0,5500.0,4.33,True,exoplanets.org
WASP-78 b,0.474,0.137,0.097,1.7,0.883997,2726.0,2292.0,2.869,2.1752,4.6872,11.0,550.0,6100.0,4.1,True,exoplanets.org
WASP-79 b,0.545,0.312,0.288,1.7,0.887514,2094.0,1761.0,2.878,3.6624,3.7512,9.1,240.0,6600.0,4.2,True,exoplanets.org
WASP-7 b,0.119,0.142,0.081,0.92,0.919279,1658.0,1394.0,3.437,4.9547,3.7752,8.4,140.0,6400.0,4.363,True,exoplanets.org
WASP-80 b,0.019,0.243,0.318,0.95,0.551763,966.0,813.0,3.181,3.0679,2.112,8.4,60.0,4145.0,4.6,True,exoplanets.org
WASP-82 b,1.001,0.336,0.181,1.67,1.25,2588.0,2177.0,3.04,2.7058,4.992,8.8,200.0,6480.0,3.96,True,exoplanets.org
WASP-83 b,0.026,0.07,0.155,1.04,0.3,1324.0,1113.0,2.832,4.9713,3.3648,10.4,300.0,5480.0,4.34,True,exoplanets.org
WASP-84 b,0.004,0.084,0.127,0.94,0.69431,945.0,795.0,3.289,8.5235,2.7485,8.9,125.0,5300.0,4.4,True,exoplanets.org
WASP-88 b,0.253,0.142,0.196,1.7,0.563545,2093.0,1760.0,2.69,4.954,6.048,10.3,,6430.0,3.96,True,exoplanets.org
WASP-89 b,0.024,0.069,0.007,1.04,5.82191,1288.0,1083.0,4.123,3.3564,2.46,11.0,,4955.0,4.31,True,exoplanets.org
WASP-8 b,0.023,0.17,0.072,1.04,2.13797,1101.0,926.0,3.693,8.1587,4.3968,8.1,87.0,5600.0,4.5,True,exoplanets.org
WASP-94 A b,0.497,0.442,0.654,1.72,0.41865,1786.0,1502.0,2.697,3.9502,4.488,8.9,180.0,6170.0,4.27,True,exoplanets.org
WASP-95 b,0.531,0.357,0.137,1.21,1.13,1922.0,1616.0,3.373,2.1847,2.784,8.6,,5830.0,4.36,True,exoplanets.org
WASP-96 b,0.058,0.085,0.113,1.2,0.48,1527.0,1284.0,2.918,3.4253,2.4264,10.9,,5540.0,4.25,True,exoplanets.org
WASP-97 b,0.34,0.261,0.098,1.13,1.32,1829.0,1538.0,3.414,2.0728,2.5824,9.0,,5640.0,4.45,True,exoplanets.org
WASP-98 b,0.048,0.1,0.077,1.1,0.83,1408.0,1184.0,3.239,2.9626,1.908,11.3,,5550.0,4.4,True,exoplanets.org
WASP-99 b,0.168,0.161,0.033,1.1,2.78,1746.0,1468.0,3.76,5.7525,5.256,8.1,,6150.0,4.3,True,exoplanets.org
WTS-1 b,,,,1.49,3.99885,1778.0,1495.0,3.65,3.3521,,15.3,3200.0,6250.0,4.4,True,exoplanets.org
WTS-2 b,0.117,0.08,0.035,1.3,1.12,1834.0,1542.0,3.217,1.0187,1.5192,13.4,1000.0,5000.0,4.5,True,exoplanets.org
XO-1 b,0.095,0.188,0.148,1.21,0.918464,1434.0,1206.0,3.197,3.9415,2.9362,9.5,171.82,5750.0,4.509,True,exoplanets.org
XO-2 b,0.129,0.165,0.139,0.98,0.566541,1570.0,1321.0,3.165,2.6159,2.679,9.3,148.15,5340.0,4.452,True,exoplanets.org
XO-3 b,,,,1.22,13.2849,2431.0,2044.0,3.956,3.1915,,8.8,283.0,6429.0,3.95,True,exoplanets.org
XO-4 b,,,,1.33,1.60254,,,3.354,4.1251,,9.4,293.0,,,True,exoplanets.org
XO-5 b,0.041,0.078,0.04,1.03,1.15251,1434.0,1206.0,3.428,4.1878,2.9319,10.3,270.27,5510.0,4.34,True,exoplanets.org
KOI 1772.01,0.0,0.0,0.019,1.35,1.0,312.0,262.0,3.137,120.0034,3.3803,12.8,,4315.0,4.627,True,exoplanets.org
KOI 5978.01,0.0,0.0,0.002,0.16,0.013392,272.0,229.0,3.119,364.1813,6.65,12.8,,4988.0,4.498,True,exoplanets.org
KOI 5875.02,0.001,0.001,0.004,0.17,0.014147,1724.0,1449.0,3.096,4.2743,2.687,13.2,,6477.0,4.361,True,exoplanets.org
KOI 1745.01,0.525,0.282,0.293,2.67,1.0,2037.0,1713.0,2.541,0.9821,1.4489,14.0,,5472.0,4.573,True,exoplanets.org
KOI 5602.01,0.0,0.0,0.002,0.22,0.020187,312.0,263.0,3.006,403.1631,5.735,13.2,,5812.0,4.504,True,exoplanets.org
KOI 5610.01,0.0,0.002,4.144,13.58,1.0,323.0,271.0,1.128,495.4046,0.63,12.5,,6225.0,4.45,True,exoplanets.org
KOI 2972.02,0.0,0.0,0.003,0.21,0.018315,752.0,632.0,3.021,42.0292,8.499,13.5,,5850.0,4.297,True,exoplanets.org
KOI 3777.01,2.702,1.081,8.391,13.08,1.0,2598.0,2184.0,1.161,17.7476,5.066,10.9,,8992.0,3.535,True,exoplanets.org
KOI 2343.01,0.0,0.0,0.004,0.21,0.018206,799.0,672.0,3.023,29.0726,2.516,12.7,,5799.0,4.37,True,exoplanets.org
KOI 134.01,0.0,0.003,0.008,1.08,1.0,764.0,642.0,3.328,67.5924,12.249,12.3,,6038.0,4.082,True,exoplanets.org
KOI 5003.01,0.0,0.001,0.002,1.36,1.0,1018.0,856.0,3.13,112.9513,4.284,11.3,,5215.0,3.073,True,exoplanets.org
KOI 5923.01,0.0,0.0,0.001,0.96,0.755553,577.0,485.0,3.309,366.6846,3.284,10.8,,5090.0,3.353,True,exoplanets.org
KOI 6751.01,0.0,0.0,0.005,0.21,0.019105,785.0,660.0,3.014,24.9961,5.623,13.4,,5761.0,4.492,True,exoplanets.org
KOI 1860.04,0.0,0.0,0.003,0.14,0.012009,812.0,683.0,3.176,24.8435,4.8,12.5,,5670.0,4.397,True,exoplanets.org
KOI 4975.01,0.0,0.0,0.003,0.37,0.057568,628.0,528.0,3.028,47.0629,1.545,14.1,,5838.0,4.529,True,exoplanets.org
KOI 3431.01,0.0,0.0,0.009,0.19,0.015826,878.0,738.0,3.057,19.6001,8.613,12.4,,6003.0,4.507,True,exoplanets.org
KOI 5871.01,0.0,0.0,0.003,0.18,0.01547,255.0,215.0,3.064,623.2344,14.448,12.8,,5600.0,4.496,True,exoplanets.org
HAT-P-66 b,0.206,0.09,0.076,1.63,0.77158,2257.0,1898.0,2.878,2.9721,4.6992,11.7,927.0,6002.0,3.993,True,exoplanets.org
K2-34 b,,,,1.41,1.69892,2122.0,1784.0,3.349,2.9956,,10.2,390.0,6149.0,4.2,True,exoplanets.org
WASP-93 b,0.188,0.137,0.052,1.1,1.44377,1933.0,1626.0,3.489,2.7325,2.2344,9.9,250.0,6700.0,4.5,True,exoplanets.org
K2-19 d,0.0,0.001,0.009,0.09,0.003638,1536.0,1292.0,3.0,2.5086,2.1701,11.2,292.14,5430.0,,True,exoplanets.org
K2-110 b,0.0,0.002,0.017,0.24,0.052931,758.0,638.0,3.392,13.8637,3.216,9.6,118.0,5010.0,4.6,True,exoplanets.org
K2-8 c,0.0,0.001,0.012,0.22,0.019292,1043.0,877.0,2.994,5.0642,2.0808,12.2,405.0,4890.0,,True,exoplanets.org
KOI 5867.01,0.0,0.001,0.005,1.32,1.0,663.0,558.0,3.155,359.8455,34.84,9.8,,4945.0,3.058,True,exoplanets.org
KOI 5940.01,0.0,0.0,0.006,0.28,0.030736,698.0,587.0,2.987,24.7967,4.278,13.9,,5496.0,4.592,True,exoplanets.org
KOI 5870.01,0.0,0.0,0.006,0.07,0.001134,282.0,237.0,2.798,132.114,2.514,11.1,,4342.0,4.715,True,exoplanets.org
KOI 2433.07,0.0,0.0,0.003,0.25,0.025377,603.0,507.0,2.988,86.4319,7.374,13.8,,6325.0,4.409,True,exoplanets.org
KOI 5886.01,0.0,0.0,0.002,0.16,0.013839,521.0,438.0,3.105,284.8718,15.63,11.7,,6437.0,4.004,True,exoplanets.org
KOI 841.04,0.0,0.0,0.058,2.14,1.0,305.0,256.0,2.733,269.3062,14.931,14.1,,5251.0,4.581,True,exoplanets.org
KOI 6343.01,0.0,0.0,0.002,0.17,0.01479,293.0,246.0,3.079,569.4505,9.63,13.0,,6117.0,4.496,True,exoplanets.org
KOI 993.03,0.0,0.0,0.002,0.13,0.010799,508.0,427.0,3.216,86.7237,4.852,12.7,,5830.0,4.54,True,exoplanets.org
KOI 8221.01,0.0,0.0,0.005,0.12,0.008914,451.0,379.0,3.183,293.3864,15.23,9.8,,6392.0,4.213,True,exoplanets.org
KOI 5044.01,0.0,0.0,0.001,0.12,0.009364,520.0,437.0,3.191,161.5377,2.65,10.7,,6033.0,4.218,True,exoplanets.org
KOI 2933.01,0.0,0.0,0.048,1.98,1.0,312.0,262.0,2.801,119.0833,2.558,13.3,,4412.0,4.662,True,exoplanets.org
KOI 1773.01,0.0,0.001,0.024,1.23,1.0,428.0,360.0,3.212,83.0971,9.2639,13.7,,5286.0,4.627,True,exoplanets.org
KOI 2671.01,0.001,0.061,0.515,5.31,1.0,852.0,716.0,1.944,21.4764,5.5498,15.6,,5780.0,4.438,True,exoplanets.org
KOI 1549.01,0.0,0.008,0.027,1.48,1.0,742.0,624.0,3.053,29.4811,3.6636,13.4,,5631.0,4.41,True,exoplanets.org
KOI 3132.01,0.007,0.001,0.004,0.12,0.008914,4156.0,3495.0,3.183,0.5367,2.383,11.2,,6020.0,3.922,True,exoplanets.org
KOI 365.02,0.0,0.0,0.009,0.06,0.000584,438.0,369.0,2.675,117.761,3.454,9.6,,5564.0,4.522,True,exoplanets.org
KOI 3444.02,0.0,0.0,0.028,0.44,0.085929,312.0,263.0,3.033,60.3267,1.6864,10.3,,3705.0,4.721,True,exoplanets.org
KOI 5979.01,0.0,0.0,0.004,0.08,0.002076,770.0,647.0,2.912,37.7935,1.718,10.6,,6178.0,4.417,True,exoplanets.org
KOI 4247.01,0.0,0.0,0.003,0.22,0.019221,329.0,277.0,3.013,349.4105,15.02,13.7,,5878.0,4.512,True,exoplanets.org
KOI 2086.04,0.0,0.0,0.002,0.16,0.013763,433.0,364.0,3.107,335.5631,13.06,12.5,,6200.0,4.16,True,exoplanets.org
KOI 6093.01,0.0,0.001,0.002,0.34,0.049856,1556.0,1308.0,3.018,20.5736,11.222,11.7,,5440.0,3.404,True,exoplanets.org
KOI 5654.01,0.0,0.0,0.005,0.29,0.03376,526.0,442.0,2.99,54.6957,6.89,14.4,,5299.0,4.535,True,exoplanets.org
KOI 102.02,0.0,0.0,0.007,0.09,0.002927,1520.0,1278.0,2.977,4.0684,2.8349,11.1,,5751.0,4.391,True,exoplanets.org
KOI 6168.01,0.0,0.0,0.003,0.14,0.012075,563.0,473.0,3.172,131.2587,4.89,11.0,,6443.0,4.325,True,exoplanets.org
KOI 4943.01,0.62,0.068,0.119,10.17,1.0,3842.0,3230.0,1.38,15.2024,8.11,10.5,,3984.0,1.461,True,exoplanets.org
KOI 2871.03,0.0,0.0,0.003,0.07,0.001134,829.0,697.0,2.798,18.0811,4.44,13.1,,5693.0,4.551,True,exoplanets.org
KOI 5308.01,0.004,0.064,0.134,1.98,1.0,962.0,809.0,2.803,9.9422,2.4545,12.2,,5268.0,4.475,True,exoplanets.org
KOI 5698.01,0.0,0.0,0.002,0.21,0.018315,472.0,397.0,3.021,282.0291,4.686,12.3,,6886.0,4.305,True,exoplanets.org
KOI 5942.01,0.0,0.001,0.001,1.41,1.0,1039.0,874.0,3.099,125.2778,4.442,11.1,,5119.0,2.961,True,exoplanets.org
KOI 1319.02,0.0,0.0,0.003,0.25,0.023939,414.0,348.0,2.991,142.6859,3.792,13.7,,5767.0,4.57,True,exoplanets.org
KOI 5853.01,0.0,0.0,0.002,0.28,0.030942,289.0,243.0,2.987,366.6829,3.854,13.6,,5217.0,4.462,True,exoplanets.org
KOI 5921.01,0.0,0.0,0.001,0.35,0.053283,768.0,646.0,3.025,175.4528,2.734,11.6,,6184.0,3.58,True,exoplanets.org
KOI 5635.01,0.0,0.0,0.004,0.2,0.017261,947.0,797.0,3.034,113.9932,7.721,10.4,,7892.0,3.921,True,exoplanets.org
KOI 5291.01,0.0,0.0,0.001,1.14,1.0,467.0,392.0,3.283,525.5605,2.327,11.4,,4954.0,3.408,True,exoplanets.org
KOI 4430.01,0.002,0.001,0.002,0.14,0.012009,2448.0,2058.0,3.176,0.5051,0.4053,13.6,,5262.0,4.59,True,exoplanets.org
KOI 5764.01,0.0,0.0,0.004,0.18,0.015383,235.0,197.0,3.065,286.0227,10.43,12.8,,4368.0,4.624,True,exoplanets.org
KOI 5961.01,0.0,0.025,0.271,2.25,1.0,551.0,464.0,2.689,19.1598,3.1017,12.7,,4492.0,4.727,True,exoplanets.org
KOI 3741.02,0.0,0.0,0.005,0.12,0.009137,1142.0,961.0,3.187,18.5779,20.11,12.1,,6432.0,4.207,True,exoplanets.org
KOI 3741.04,0.001,0.001,0.01,0.26,0.02622,1422.0,1196.0,2.987,9.631,5.255,12.1,,6432.0,4.207,True,exoplanets.org
KOI 2876.01,0.0,0.0,0.003,0.12,0.009364,1087.0,914.0,3.191,5.1952,2.1552,12.9,,5044.0,4.551,True,exoplanets.org
KOI 5226.01,0.0,0.0,0.003,0.39,0.067207,376.0,316.0,3.03,249.3515,13.76,15.1,,5780.0,4.438,True,exoplanets.org
KOI 1751.02,0.0,0.0,0.007,0.26,0.027455,757.0,637.0,2.986,20.9976,2.454,12.5,,5211.0,4.447,True,exoplanets.org
KOI 7621.01,0.0,0.0,0.007,0.17,0.013992,394.0,331.0,3.1,275.0736,3.37,8.6,,5604.0,4.226,True,exoplanets.org
KOI 5972.01,0.0,0.0,0.003,0.23,0.021484,259.0,217.0,2.999,449.872,6.539,13.4,,5310.0,4.578,True,exoplanets.org
KOI 5846.01,0.0,0.0,0.002,0.55,0.103815,627.0,527.0,2.936,199.0643,13.623,12.6,,5157.0,3.541,True,exoplanets.org
KOI 5859.01,0.0,0.002,0.004,2.33,1.0,1027.0,864.0,2.66,172.6219,4.435,11.3,,5119.0,2.795,True,exoplanets.org
KOI 7913.01,0.0,0.0,0.012,0.18,0.015383,562.0,473.0,3.065,24.2784,4.564,11.2,,4450.0,4.583,True,exoplanets.org
KOI 5066.01,0.0,0.0,0.002,0.21,0.019105,419.0,352.0,3.014,110.0893,1.575,13.9,,5465.0,4.6,True,exoplanets.org
KOI 5896.01,0.0,0.0,0.003,0.17,0.014626,276.0,232.0,3.083,434.2817,8.14,13.1,,5544.0,4.529,True,exoplanets.org
KOI 6168.02,0.0,0.0,0.004,0.1,0.004273,678.0,570.0,3.049,75.073,9.21,11.0,,6443.0,4.325,True,exoplanets.org
KOI 5618.01,0.0,0.0,0.002,0.27,0.02819,391.0,329.0,2.986,318.4908,3.012,12.7,,6026.0,4.302,True,exoplanets.org
KOI 6949.01,0.001,0.0,0.003,0.11,0.006683,2825.0,2375.0,3.131,2.3524,1.6802,11.0,,6749.0,3.941,True,exoplanets.org
KOI 3761.01,0.0,0.0,0.021,1.0,1.0,328.0,275.0,3.393,164.9504,30.86,13.2,,5001.0,4.603,True,exoplanets.org
KOI 621.01,0.0,0.011,0.032,1.27,1.0,699.0,588.0,3.186,17.762,2.4644,12.7,,5088.0,4.612,True,exoplanets.org
KOI 3749.01,0.0,0.003,0.063,1.15,1.0,399.0,335.0,3.276,10.7273,1.7541,13.0,,3324.0,5.006,True,exoplanets.org
KOI 210.01,0.001,0.013,0.026,1.55,1.0,956.0,804.0,3.014,20.9274,3.4256,13.3,,6126.0,4.358,True,exoplanets.org
KOI 2272.01,0.003,0.001,0.004,0.12,0.008055,3921.0,3297.0,3.165,1.3415,7.502,11.8,,7495.0,3.926,True,exoplanets.org
KOI 5715.01,0.0,0.0,0.003,0.17,0.014545,338.0,285.0,3.085,189.9617,12.46,13.9,,5335.0,4.613,True,exoplanets.org
KOI 3787.01,0.0,0.0,0.006,0.92,0.591728,428.0,360.0,3.24,141.734,1.5851,12.4,,5606.0,4.478,True,exoplanets.org
KOI 1666.01,0.002,0.001,0.002,0.16,0.013392,2816.0,2368.0,3.119,0.968,0.7143,13.3,,6469.0,4.385,True,exoplanets.org
KOI 3411.01,0.0,0.004,0.008,1.13,1.0,855.0,719.0,3.287,26.8377,1.6162,13.0,,6194.0,4.445,True,exoplanets.org
KOI 3444.04,0.0,0.0,0.011,0.07,0.001082,506.0,426.0,2.789,14.1502,1.503,10.3,,3705.0,4.721,True,exoplanets.org
KOI 5934.01,0.0,0.002,0.014,0.55,0.104268,822.0,691.0,2.937,19.3855,1.031,12.0,,5432.0,4.42,True,exoplanets.org
KOI 6464.03,0.0,0.0,0.005,0.3,0.036355,323.0,271.0,2.994,541.743,10.47,12.4,,6373.0,4.438,True,exoplanets.org
KOI 4625.01,0.027,0.076,0.08,1.9,1.0,1282.0,1078.0,2.837,2.4408,0.968,13.4,,4803.0,4.623,True,exoplanets.org
KOI 5473.01,0.0,0.0,0.002,0.24,0.022173,290.0,244.0,2.996,549.4277,6.09,13.1,,5957.0,4.498,True,exoplanets.org
KOI 6085.01,0.052,0.101,0.15,2.3,1.0,1460.0,1228.0,2.67,5.9026,5.5711,13.6,,6184.0,4.371,True,exoplanets.org
KOI 7988.01,0.0,0.001,0.004,1.72,1.0,724.0,608.0,2.922,333.4862,3.199,8.9,,4989.0,2.992,True,exoplanets.org
KOI 3061.02,0.0,0.0,0.003,0.1,0.005471,477.0,401.0,3.095,77.9154,8.274,12.2,,5135.0,4.464,True,exoplanets.org
KOI 4555.01,0.0,0.0,0.002,0.12,0.009828,275.0,231.0,3.2,364.0873,14.09,12.9,,5376.0,4.601,True,exoplanets.org
KOI 5878.01,0.0,0.0,0.002,0.17,0.014147,326.0,274.0,3.096,211.5411,5.4,13.8,,5433.0,4.629,True,exoplanets.org
KOI 648.01,0.066,0.041,0.027,1.38,1.0,2038.0,1714.0,3.115,10.4749,33.7939,11.9,,6526.0,3.616,True,exoplanets.org
KOI 1194.02,0.0,0.0,0.004,0.14,0.011944,591.0,497.0,3.179,14.8623,3.161,13.4,,4362.0,4.722,True,exoplanets.org
KOI 5219.01,0.0,0.0,0.004,0.11,0.005971,786.0,661.0,3.111,27.7656,19.49,13.2,,5897.0,4.476,True,exoplanets.org
KOI 422.01,0.0,0.0,0.008,1.28,1.0,280.0,236.0,3.178,809.0142,8.3017,13.3,,6230.0,4.397,True,exoplanets.org
KOI 6118.01,0.0,0.0,0.006,0.33,0.043314,422.0,355.0,3.005,571.2809,21.827,11.8,,7081.0,4.16,True,exoplanets.org
KOI 5933.01,0.0,0.0,0.001,0.93,0.613165,624.0,525.0,3.249,236.5064,5.004,11.6,,5066.0,3.414,True,exoplanets.org
KOI 5796.01,0.0,0.0,0.002,0.22,0.019221,300.0,252.0,3.013,495.8542,8.65,13.2,,5613.0,4.378,True,exoplanets.org
KOI 1992.03,0.0,0.0,0.003,0.27,0.028756,626.0,527.0,2.986,85.5173,9.331,13.0,,5592.0,4.115,True,exoplanets.org
KOI 1884.01,0.0,0.001,0.009,0.39,0.06565,712.0,599.0,3.03,23.1171,3.9948,13.5,,5275.0,4.505,True,exoplanets.org
KOI 7733.01,0.053,0.007,0.016,0.4,0.070377,5029.0,4229.0,3.031,1.0481,5.6707,10.9,,7673.0,3.679,True,exoplanets.org
KOI 5468.01,0.0,0.0,0.001,0.15,0.012476,575.0,483.0,3.154,81.7048,1.468,13.2,,6099.0,4.421,True,exoplanets.org
KOI 5873.01,3868.375,36937.412,309617896.715,9729.79,1.0,1042.0,876.0,-4.582,217.1701,4.291,10.1,,5083.0,2.638,True,exoplanets.org
KOI 5588.01,0.0,0.0,0.003,0.2,0.017672,259.0,218.0,3.029,542.9113,15.9,13.6,,5583.0,4.559,True,exoplanets.org
KOI 5755.01,0.0,0.0,0.002,0.13,0.012363,273.0,229.0,3.239,388.6716,11.701,13.0,,5354.0,4.587,True,exoplanets.org
KOI 76.01,0.001,0.008,0.017,0.92,0.600768,1011.0,850.0,3.244,77.4795,10.1151,9.1,,6711.0,3.73,True,exoplanets.org
KOI 2508.01,0.0,0.0,0.002,0.13,0.011557,1063.0,894.0,3.198,7.104,1.5398,13.4,,5488.0,4.584,True,exoplanets.org
KOI 7634.01,0.0,0.001,0.004,1.35,1.0,651.0,547.0,3.135,80.8407,8.567,15.1,,5511.0,4.069,True,exoplanets.org
KOI 6100.02,0.0,0.0,0.001,0.14,0.011621,596.0,501.0,3.195,117.6846,2.219,11.7,,6362.0,4.248,True,exoplanets.org
KOI 1255.01,0.0,0.001,0.007,1.06,1.0,518.0,435.0,3.342,78.9257,7.5193,14.2,,5750.0,4.538,True,exoplanets.org
KOI 5794.01,0.0,0.0,0.001,0.38,0.063503,1235.0,1039.0,3.029,30.9771,3.188,11.7,,5197.0,3.453,True,exoplanets.org
KOI 80.01,2.662,1.051,4.798,8.57,1.0,2556.0,2149.0,1.528,9.2506,3.6373,10.6,,8133.0,3.715,True,exoplanets.org
KOI 5847.01,0.0,0.001,0.002,1.57,1.0,786.0,661.0,3.004,277.1143,3.926,10.2,,5117.0,2.986,True,exoplanets.org
KOI 3426.01,0.0,0.0,0.002,0.14,0.011944,661.0,556.0,3.179,58.7701,6.995,12.9,,6158.0,4.397,True,exoplanets.org
KOI 858.01,0.001,0.023,0.046,1.7,1.0,953.0,801.0,2.935,13.6101,2.594,13.2,,5697.0,4.46,True,exoplanets.org
KOI 4264.01,0.001,0.001,0.003,0.13,0.011557,2167.0,1822.0,3.198,0.8885,1.5312,14.1,,5553.0,4.577,True,exoplanets.org
KOI 7093.01,0.0,0.0,0.001,0.13,0.010307,607.0,510.0,3.208,97.9916,4.665,12.3,,6499.0,4.378,True,exoplanets.org
KOI 5434.01,0.0,0.0,0.003,0.26,0.027274,283.0,238.0,2.987,581.8736,14.64,14.1,,5897.0,4.489,True,exoplanets.org
KOI 5337.01,0.0,0.0,0.002,0.27,0.02782,309.0,260.0,2.986,470.6536,3.458,13.5,,6039.0,4.493,True,exoplanets.org
KOI 5001.01,0.0,0.0,0.001,0.17,0.014464,626.0,526.0,3.087,59.9655,1.89,13.0,,5729.0,4.372,True,exoplanets.org
KOI 5550.01,0.0,0.0,0.003,0.32,0.042735,267.0,225.0,3.004,540.3927,9.233,14.3,,5693.0,4.551,True,exoplanets.org
KOI 6097.02,0.0,0.0,0.001,0.15,0.01282,774.0,651.0,3.14,88.4331,2.392,11.7,,7092.0,4.176,True,exoplanets.org
KOI 5834.01,0.0,0.0,0.002,0.16,0.013319,758.0,638.0,3.122,37.5379,6.513,14.1,,6095.0,4.429,True,exoplanets.org
KOI 5274.01,0.0,0.0,0.002,0.14,0.012075,698.0,587.0,3.172,55.7584,2.497,10.8,,5413.0,4.107,True,exoplanets.org
KOI 5536.01,0.0,0.0,0.003,0.17,0.013915,294.0,248.0,3.103,392.7281,12.48,13.1,,5701.0,4.558,True,exoplanets.org
KOI 1587.01,0.0,0.006,0.113,2.59,1.0,523.0,440.0,2.568,52.9716,3.4632,13.6,,5204.0,4.55,True,exoplanets.org
KOI 5745.01,0.002,0.044,0.113,2.04,1.0,894.0,752.0,2.775,11.3744,2.3069,12.7,,5297.0,4.546,True,exoplanets.org
KOI 5162.01,0.0,0.0,0.012,0.08,0.002619,132.0,111.0,2.956,628.1584,12.144,10.2,,3697.0,4.829,True,exoplanets.org
KOI 7264.01,0.0,0.0,0.001,0.16,0.013763,1284.0,1080.0,3.107,19.1644,3.553,11.9,,5877.0,3.86,True,exoplanets.org
KOI 8297.01,0.0,0.027,0.655,3.91,1.0,578.0,486.0,2.211,229.9575,7.59,9.4,,6419.0,3.978,True,exoplanets.org
KOI 5124.01,0.0,0.0,0.003,1.04,1.0,338.0,284.0,3.359,276.8795,3.779,14.0,,5324.0,4.396,True,exoplanets.org
KOI 5455.01,0.0,0.0,0.003,0.19,0.015916,347.0,292.0,3.055,292.0981,14.43,13.4,,5955.0,4.534,True,exoplanets.org
KOI 5229.01,0.0,0.0,0.003,0.18,0.015647,387.0,326.0,3.06,364.6319,22.93,13.1,,6446.0,4.381,True,exoplanets.org
KOI 3072.01,0.0,0.0,0.003,0.17,0.014708,684.0,575.0,3.081,24.3367,2.539,13.5,,5141.0,4.505,True,exoplanets.org
KOI 6664.01,0.0,0.0,0.002,0.08,0.002428,822.0,691.0,2.942,14.7639,3.14,13.8,,5541.0,4.613,True,exoplanets.org
KOI 5893.01,0.0,0.0,0.001,0.12,0.010066,281.0,237.0,3.204,405.6296,11.26,13.2,,5583.0,4.58,True,exoplanets.org
KOI 4921.01,0.001,0.003,0.004,2.53,1.0,1360.0,1144.0,2.586,95.6887,6.465,11.5,,5040.0,2.681,True,exoplanets.org
KOI 3440.02,0.0,0.0,0.003,0.22,0.020063,605.0,508.0,3.007,58.9406,4.769,13.8,,5819.0,4.468,True,exoplanets.org
KOI 417.01,0.0,0.006,0.011,1.09,1.0,853.0,717.0,3.318,19.1931,2.5425,13.2,,5883.0,4.53,True,exoplanets.org
KOI 5915.01,0.0,0.0,0.003,0.16,0.013613,675.0,567.0,3.112,37.6259,3.91,13.3,,5874.0,4.542,True,exoplanets.org
KOI 5130.01,0.0,0.0,0.002,0.17,0.014305,268.0,226.0,3.091,370.0592,11.86,13.6,,5228.0,4.592,True,exoplanets.org
KOI 8217.01,0.0,0.0,0.016,0.45,0.087357,395.0,332.0,3.033,277.2512,8.742,10.9,,6046.0,4.357,True,exoplanets.org
KOI 5890.01,0.0,0.0,0.001,0.2,0.016862,400.0,336.0,3.039,263.302,2.213,12.6,,5758.0,4.277,True,exoplanets.org
KOI 466.01,0.004,0.009,0.006,1.05,1.0,1389.0,1168.0,3.355,9.391,2.8386,13.2,,5944.0,4.132,True,exoplanets.org
KOI 5547.01,0.0,0.0,0.002,0.2,0.01716,273.0,230.0,3.035,571.143,10.06,13.2,,5751.0,4.514,True,exoplanets.org
KOI 5320.01,0.0,0.0,0.003,0.28,0.030532,549.0,462.0,2.987,357.4376,15.903,12.7,,7610.0,4.127,True,exoplanets.org
KOI 4931.01,0.0,0.0,0.003,0.24,0.023183,283.0,238.0,2.993,579.8152,5.43,12.8,,5822.0,4.449,True,exoplanets.org
KOI 6097.04,0.0,0.0,0.002,0.13,0.011557,687.0,578.0,3.198,126.5057,8.836,11.7,,7092.0,4.176,True,exoplanets.org
KOI 5860.01,0.0,0.0,0.002,0.55,0.106098,552.0,464.0,2.938,264.7081,3.975,11.5,,5283.0,3.617,True,exoplanets.org
KOI 5866.01,0.002,0.007,0.012,3.15,1.0,1279.0,1075.0,2.396,102.3006,4.473,11.3,,4895.0,2.566,True,exoplanets.org
KOI 7484.01,0.0,0.0,0.002,0.19,0.01638,659.0,555.0,3.047,37.02,1.421,13.8,,5685.0,4.537,True,exoplanets.org
KOI 5275.01,0.0,0.0,0.004,0.1,0.005311,1847.0,1553.0,3.09,3.7811,8.15,13.1,,6318.0,4.247,True,exoplanets.org
KOI 5805.01,0.0,0.0,0.001,0.99,0.928939,483.0,406.0,3.373,525.757,4.995,12.5,,5277.0,3.495,True,exoplanets.org
KOI 6097.03,0.0,0.0,0.002,0.21,0.018536,526.0,442.0,3.019,282.3431,3.956,11.7,,7092.0,4.176,True,exoplanets.org
KOI 1465.01,0.001,0.009,0.009,0.91,0.937847,1039.0,874.0,3.453,9.7715,1.767,12.8,,5812.0,4.551,True,exoplanets.org
KOI 6188.01,0.002,0.002,0.008,0.22,0.019818,1684.0,1416.0,3.009,1.6453,1.635,13.7,,5416.0,4.603,True,exoplanets.org
KOI 3810.01,0.034,0.185,0.158,1.66,1.0,1075.0,904.0,2.955,1.0138,1.2774,13.6,,3644.0,4.871,True,exoplanets.org
KOI 423.02,0.002,117.998,2773710.339,1065.56,1.0,440.0,370.0,-2.661,360.4776,4.332,12.9,,6266.0,4.101,True,exoplanets.org
KOI 4198.01,0.003,0.0,0.002,0.11,0.007059,3641.0,3062.0,3.141,1.1829,2.928,11.4,,6017.0,3.699,True,exoplanets.org
KOI 5222.01,0.0,0.0,0.004,0.25,0.024094,352.0,296.0,2.99,367.6758,23.5,13.8,,6140.0,4.455,True,exoplanets.org
KOI 5196.01,0.0,0.0,0.003,0.49,0.103863,575.0,483.0,3.035,392.4729,7.867,11.2,,6626.0,3.728,True,exoplanets.org
KOI 5580.01,0.0,0.0,0.001,0.22,0.019221,527.0,443.0,3.013,173.2199,1.875,12.4,,6007.0,4.158,True,exoplanets.org
KOI 2879.01,0.016,0.002,0.006,0.19,0.015916,4742.0,3988.0,3.055,0.3391,1.1516,11.1,,5653.0,3.846,True,exoplanets.org
KOI 5385.01,0.0,5.176,1189213.755,608.06,1.0,287.0,242.0,-2.174,331.7092,7.44,13.5,,5282.0,4.565,True,exoplanets.org
KOI 5371.01,0.0,0.0,0.003,0.1,0.004999,549.0,462.0,3.078,33.3038,3.003,12.6,,4899.0,4.624,True,exoplanets.org
KOI 5267.01,0.001,0.001,0.003,0.26,0.026741,2127.0,1788.0,2.987,5.1779,5.366,12.9,,5921.0,3.766,True,exoplanets.org
KOI 5110.01,0.0,0.001,0.003,0.73,0.237825,871.0,732.0,3.046,105.5905,2.188,9.4,,4869.0,3.193,True,exoplanets.org
KOI 5907.01,0.0,0.001,0.008,3.28,1.0,686.0,577.0,2.362,587.3816,11.973,11.2,,4784.0,2.711,True,exoplanets.org
KOI 5973.01,0.0,0.0,0.004,0.16,0.013688,371.0,312.0,3.11,419.9337,10.29,11.6,,6686.0,4.425,True,exoplanets.org
KOI 5262.01,0.0,0.002,0.01,2.91,1.0,779.0,655.0,2.467,438.984,9.62,9.9,,5053.0,2.77,True,exoplanets.org
KOI 5937.01,0.0,0.0,0.002,0.31,0.039952,547.0,460.0,2.999,357.5885,3.367,12.4,,7435.0,4.082,True,exoplanets.org
KOI 5879.01,0.0,0.0,0.005,0.14,0.012141,271.0,228.0,3.169,88.5235,7.22,12.9,,3827.0,4.782,True,exoplanets.org
KOI 272.01,0.034,0.009,0.017,0.4,0.070377,2877.0,2420.0,3.031,1.2813,0.9157,10.7,,5918.0,3.978,True,exoplanets.org
KOI 1788.02,0.0,0.0,0.006,0.27,0.029335,256.0,215.0,2.986,369.0693,5.832,12.3,,4855.0,4.542,True,exoplanets.org
KOI 5643.01,0.0,0.0,0.001,0.14,0.012274,247.0,208.0,3.163,570.0189,3.52,12.7,,5496.0,4.579,True,exoplanets.org
KOI 5881.01,0.0,0.0,0.005,0.11,0.007251,648.0,545.0,3.146,134.3587,13.3,10.1,,6948.0,4.194,True,exoplanets.org
KOI 7879.01,0.0,0.001,0.004,0.55,0.10518,1030.0,866.0,2.938,128.2086,2.745,10.1,,7128.0,3.52,True,exoplanets.org
KOI 7729.01,0.0,0.0,0.003,0.14,0.011944,990.0,832.0,3.179,50.5637,5.381,9.8,,6759.0,4.018,True,exoplanets.org
KOI 5930.01,0.0,0.0,0.005,0.09,0.003147,138.0,116.0,2.991,302.7757,3.183,12.4,,3358.0,4.944,True,exoplanets.org
KOI 6919.01,0.0,0.0,0.002,0.1,0.004273,750.0,631.0,3.049,8.7999,1.153,13.0,,4298.0,4.603,True,exoplanets.org
KOI 5598.01,0.0,0.0,0.002,0.19,0.016286,356.0,299.0,3.048,376.934,4.28,12.2,,6074.0,4.369,True,exoplanets.org
KOI 5898.01,0.0,0.0,0.001,0.15,0.013031,528.0,444.0,3.132,76.3792,0.645,11.9,,5451.0,4.404,True,exoplanets.org
KOI 5474.01,0.0,0.0,0.001,0.8,0.329656,631.0,531.0,3.105,284.6668,2.752,11.6,,5248.0,3.368,True,exoplanets.org
KOI 5741.01,0.0,0.0,0.003,0.19,0.016192,265.0,222.0,3.05,362.0619,14.02,13.9,,5271.0,4.636,True,exoplanets.org
KOI 3320.01,0.0,0.001,0.034,1.9,1.0,461.0,388.0,2.838,85.0624,4.6964,13.8,,5223.0,4.52,True,exoplanets.org
KOI 6180.02,0.0,0.0,0.002,0.13,0.011494,1051.0,884.0,3.202,58.9256,14.56,11.1,,7282.0,3.961,True,exoplanets.org
KOI 5910.01,0.0,0.0,0.001,0.16,0.013174,642.0,540.0,3.127,91.2403,2.314,12.5,,6493.0,4.305,True,exoplanets.org
KOI 5848.01,0.0,0.0,0.001,0.3,0.036848,430.0,362.0,2.994,323.1594,2.427,11.8,,5251.0,3.872,True,exoplanets.org
KOI 5897.01,0.0,0.0,0.005,0.23,0.020694,223.0,188.0,3.003,395.9433,16.09,13.5,,4596.0,4.63,True,exoplanets.org
KOI 5891.01,0.0,0.0,0.005,0.27,0.027636,237.0,199.0,2.986,370.3176,12.588,13.6,,4665.0,4.584,True,exoplanets.org
KOI 5922.01,0.0,0.0,0.001,0.19,0.016475,373.0,313.0,3.045,367.0745,5.887,13.3,,6315.0,4.407,True,exoplanets.org
KOI 3880.01,0.003,0.001,0.013,0.09,0.003147,2317.0,1948.0,2.991,1.8037,1.5922,9.5,,6438.0,4.33,True,exoplanets.org
KOI 970.01,2.54,0.318,0.211,3.07,1.0,4089.0,3438.0,2.42,3.9886,1.7376,4.7,,4813.0,2.472,True,exoplanets.org
KOI 437.01,0.0,0.016,0.048,1.5,1.0,747.0,628.0,3.041,15.8413,1.8215,12.5,,5119.0,4.575,True,exoplanets.org
KOI 5470.01,0.0,0.0,0.001,0.22,0.019576,291.0,244.0,3.01,578.218,4.18,14.0,,6089.0,4.495,True,exoplanets.org
KOI 5987.01,1.165,0.23,0.291,4.93,1.0,3033.0,2550.0,2.008,5.2885,3.2646,8.9,,4918.0,2.889,True,exoplanets.org
KOI 5956.01,0.0,0.0,0.002,0.28,0.031782,417.0,351.0,2.988,212.6462,2.539,14.1,,6108.0,4.466,True,exoplanets.org
KOI 5967.01,0.0,0.001,0.002,0.43,0.081027,1445.0,1215.0,3.032,22.8632,1.659,10.1,,5043.0,3.339,True,exoplanets.org
KOI 1250.02,303.174,124.789,3119.481,62.19,1.0,2326.0,1956.0,-0.193,1.2137,1.3644,13.4,,6113.0,4.463,True,exoplanets.org
KOI 945.03,0.0,0.0,0.002,0.18,0.015736,637.0,535.0,3.058,66.7893,4.08,13.6,,6297.0,4.448,True,exoplanets.org
KOI 6068.01,4.261,1.342,6.537,8.92,1.0,2926.0,2460.0,1.493,6.1503,1.6892,10.2,,8914.0,3.896,True,exoplanets.org
KOI 5883.01,0.0,0.0,0.002,0.15,0.012751,526.0,442.0,3.143,198.7812,6.77,11.5,,6493.0,4.22,True,exoplanets.org
KOI 4717.01,0.0,0.0,0.003,0.32,0.042164,416.0,350.0,3.003,216.4561,11.067,13.9,,5645.0,4.299,True,exoplanets.org
KOI 4097.02,0.0,0.0,0.013,0.05,0.000386,908.0,763.0,2.6,4.449,1.373,10.8,,4353.0,4.681,True,exoplanets.org
KOI 5609.01,0.0,0.0,0.002,0.24,0.023035,335.0,282.0,2.993,535.1515,2.826,11.0,,5468.0,4.085,True,exoplanets.org
KOI 1631.01,0.065,0.033,0.035,0.6,0.197408,2014.0,1693.0,3.128,0.5922,1.386,13.4,,4920.0,4.664,True,exoplanets.org
KOI 5457.01,0.0,0.0,0.001,0.32,0.040222,426.0,359.0,3.0,578.2162,2.707,9.8,,5166.0,3.6,True,exoplanets.org
KOI 3421.01,0.0,0.0,0.003,0.15,0.01282,847.0,712.0,3.14,40.6511,11.282,12.6,,6297.0,4.26,True,exoplanets.org
KOI 2141.01,0.243,0.105,0.07,1.64,1.0,2278.0,1916.0,2.967,1.307,1.194,12.6,,6102.0,4.457,True,exoplanets.org
KOI 2384.01,0.004,0.021,0.077,3.55,1.0,1191.0,1001.0,2.294,62.6826,2.327,11.9,,7058.0,3.648,True,exoplanets.org
KOI 4034.02,0.107,0.074,0.148,4.14,1.0,1945.0,1636.0,2.16,11.6089,2.957,12.3,,6303.0,3.595,True,exoplanets.org
KOI 5789.01,0.0,0.0,0.002,0.14,0.011944,263.0,222.0,3.179,383.2622,4.84,12.1,,5074.0,4.536,True,exoplanets.org
KOI 5134.01,0.0,0.0,0.001,0.62,0.14591,440.0,370.0,2.976,573.2383,2.641,11.6,,5172.0,3.534,True,exoplanets.org
KOI 5213.01,0.0,0.0,0.004,0.06,0.000652,584.0,491.0,2.695,48.2456,1.375,10.8,,5441.0,4.481,True,exoplanets.org
KOI 1670.01,0.0,0.0,0.002,0.18,0.015383,1207.0,1015.0,3.065,10.5791,1.4553,13.2,,6323.0,4.418,True,exoplanets.org
WASP-76 b,2.349,0.766,0.568,1.88,0.921566,2593.0,2180.0,2.833,1.8099,3.6936,8.2,120.0,6250.0,4.4,True,exoplanets.org
KOI 5389.01,0.0,0.0,0.001,0.15,0.013031,313.0,263.0,3.132,365.7399,1.218,11.2,,5420.0,4.396,True,exoplanets.org
KOI 4981.01,0.0,0.0,0.002,0.21,0.018206,281.0,237.0,3.023,349.7365,3.428,13.5,,5310.0,4.582,True,exoplanets.org
KOI 5446.01,0.0,0.0,0.003,0.66,0.172774,490.0,412.0,2.998,416.9504,4.026,11.0,,5751.0,3.708,True,exoplanets.org
KOI 7415.01,0.144,0.152,0.064,0.98,1.0,1622.0,1364.0,3.413,1.292,1.8378,11.2,,4995.0,4.624,True,exoplanets.org
KOI 5289.01,0.0,0.0,0.003,0.18,0.01547,421.0,354.0,3.064,181.8121,16.164,13.5,,6060.0,4.509,True,exoplanets.org
TRAPPIST-1 g,0.0,0.0,0.106,0.11,0.003612,232.0,195.0,2.908,12.3545,1.1422,10.3,12.11,2516.0,5.22,True,exoplanets.org
KOI 5903.01,0.0,0.0,0.002,0.18,0.015647,329.0,277.0,3.06,253.7904,3.702,13.4,,5426.0,4.535,True,exoplanets.org
KOI 5518.01,0.0,0.0,0.004,0.28,0.029927,257.0,216.0,2.987,558.2189,13.556,13.7,,5679.0,4.581,True,exoplanets.org
WASP-91 b,0.069,0.149,0.058,1.05,1.34299,1364.0,1147.0,3.503,2.7986,2.3424,9.7,,4920.0,4.3,True,exoplanets.org
WASP-136 b,0.257,0.159,0.062,1.32,1.49872,2012.0,1692.0,3.35,5.2154,5.4528,8.8,164.0,6250.0,3.9,True,exoplanets.org
KOI 5775.01,0.0,0.0,0.003,0.2,0.016862,272.0,229.0,3.039,492.2381,12.53,13.2,,5609.0,4.546,True,exoplanets.org
HD 219134 c,0.001,0.019,0.18,0.14,0.013711,929.0,782.0,3.273,6.7646,1.6608,3.3,6.55,4699.0,4.567,True,exoplanets.org
KOI 871.01,0.001,0.031,0.081,2.05,1.0,940.0,791.0,2.772,12.9407,2.4845,13.6,,5875.0,4.572,True,exoplanets.org
KOI 6657.01,0.003,0.001,0.002,0.14,0.011749,3242.0,2726.0,3.188,1.6037,9.067,12.6,,6400.0,3.877,True,exoplanets.org
KOI 5912.01,0.0,0.0,0.002,0.2,0.017465,393.0,330.0,3.031,359.8547,3.429,12.4,,6495.0,4.379,True,exoplanets.org
WASP-130 b,0.003,0.039,,0.91,1.23432,992.0,834.0,3.585,11.551,3.72,,180.0,5625.0,4.49,True,exoplanets.org
KOI 5365.01,0.0,0.0,0.003,0.2,0.01696,269.0,226.0,3.038,585.6412,13.97,13.0,,5779.0,4.526,True,exoplanets.org
KOI 1560.01,0.0,0.002,0.005,1.0,1.0,747.0,629.0,3.396,31.569,2.6364,13.5,,5654.0,4.387,True,exoplanets.org
KOI 6214.02,0.0,0.0,0.003,0.37,0.057568,708.0,595.0,3.028,154.5369,15.44,12.0,,6049.0,3.728,True,exoplanets.org
KOI 1455.01,0.001,0.01,0.018,1.47,1.0,965.0,811.0,3.062,15.0681,3.3011,14.3,,5982.0,4.493,True,exoplanets.org
WASP-113 b,0.121,0.108,,1.44,0.478455,1763.0,1483.0,2.779,4.5422,4.2984,,360.0,5890.0,4.2,True,exoplanets.org
WASP-132 b,0.001,0.029,,0.89,0.416435,902.0,758.0,3.137,7.1335,3.0816,,120.0,4750.0,4.61,True,exoplanets.org
KOI 1681.02,0.001,0.023,0.054,0.61,0.201149,876.0,737.0,3.131,1.9928,2.066,12.6,,3638.0,4.844,True,exoplanets.org
KOI 841.05,0.0,0.0,0.003,0.33,0.045095,248.0,209.0,3.009,499.4734,12.248,14.1,,5251.0,4.581,True,exoplanets.org
KOI 3936.01,0.0,0.0,0.012,0.27,0.027636,378.0,318.0,2.986,141.6086,7.685,11.3,,5083.0,4.512,True,exoplanets.org
KOI 5227.01,0.0,0.0,0.004,0.17,0.014226,336.0,283.0,3.094,371.5649,14.736,12.3,,5735.0,4.351,True,exoplanets.org
KOI 5188.01,0.0,0.0,0.003,0.19,0.015916,377.0,317.0,3.055,455.1955,3.565,11.2,,6478.0,4.29,True,exoplanets.org
KOI 5539.01,0.0,0.0,0.005,0.21,0.018425,272.0,229.0,3.02,374.057,22.53,13.6,,5302.0,4.595,True,exoplanets.org
KOI 5876.01,0.0,0.0,0.001,0.2,0.01696,438.0,368.0,3.038,189.4561,3.077,13.5,,5991.0,4.387,True,exoplanets.org
TRAPPIST-1 f,0.0,0.0,0.105,0.1,0.002938,256.0,215.0,2.899,9.2056,1.0522,10.3,12.11,2516.0,5.22,True,exoplanets.org
XO-6 b,0.692,0.311,0.15,2.11,1.98574,2304.0,1937.0,3.064,3.765,2.904,9.2,232.56,6720.0,4.04,True,exoplanets.org
KOI 4105.01,0.0,0.0,0.004,0.28,0.030736,341.0,287.0,2.987,363.4117,14.79,13.9,,6025.0,4.472,True,exoplanets.org
TRAPPIST-1 h,0.0,0.0,0.103,0.07,0.001041,202.0,170.0,2.711,18.768,1.282,10.3,12.11,2516.0,5.22,True,exoplanets.org
KOI 3207.01,0.017,0.003,0.01,0.2,0.017672,4424.0,3720.0,3.029,0.9544,6.26,10.9,,7056.0,3.813,True,exoplanets.org
KOI 972.02,0.005,0.002,0.007,0.25,0.02425,2731.0,2296.0,2.99,7.8219,3.8417,8.7,,7221.0,3.488,True,exoplanets.org
HAT-P-52 b,0.034,0.058,0.038,1.03,0.819064,1445.0,1215.0,3.302,2.7536,2.4072,11.6,385.0,5131.0,4.483,True,exoplanets.org
KOI 4303.01,0.0,0.0,0.003,0.3,0.034681,426.0,358.0,2.991,200.7212,9.91,13.9,,5566.0,4.275,True,exoplanets.org
WASP-107 b,0.005,0.125,1.025,0.97,0.116833,876.0,737.0,2.512,5.7215,2.7528,8.6,,4430.0,4.5,True,exoplanets.org
KOI 2281.02,0.0,0.0,0.001,0.14,0.011749,255.0,214.0,3.188,455.274,2.4,11.9,,5178.0,4.556,True,exoplanets.org
WASP-138 b,0.137,0.094,0.042,1.18,1.2057,1946.0,1636.0,3.356,3.6344,3.7728,10.5,308.0,6300.0,4.1,True,exoplanets.org
KOI 525.01,0.0,0.001,0.006,0.36,0.053994,1134.0,954.0,3.026,11.5303,1.8385,12.8,,5770.0,4.289,True,exoplanets.org
WASP-133 b,0.185,0.093,0.036,1.23,1.19916,2108.0,1773.0,3.313,2.1764,3.4392,11.2,547.0,5700.0,4.1,True,exoplanets.org
WASP-105 b,0.005,0.058,0.028,0.98,1.75922,1009.0,849.0,3.678,7.8729,3.72,9.9,,5070.0,4.2,True,exoplanets.org
KOI 2364.01,0.002,0.001,0.004,0.34,0.049856,1777.0,1494.0,3.018,5.2424,6.413,13.8,,5383.0,3.824,True,exoplanets.org
KOI 820.01,0.316,0.557,0.986,2.68,1.0,1502.0,1263.0,2.537,4.6409,35.512,13.8,,6463.0,4.5,True,exoplanets.org
KOI 5300.01,0.0,0.0,0.003,0.22,0.019818,609.0,512.0,3.009,188.9541,14.17,11.7,,6392.0,3.967,True,exoplanets.org
KOI 5165.01,0.0,0.0,0.002,0.15,0.012544,357.0,300.0,3.152,369.7301,14.27,12.5,,6283.0,4.453,True,exoplanets.org
KOI 8117.01,0.017,0.005,0.016,0.31,0.037855,2726.0,2292.0,2.996,0.9337,6.447,14.0,,6367.0,4.419,True,exoplanets.org
KOI 3767.01,0.002,0.014,0.016,1.32,1.0,1051.0,884.0,3.154,6.7142,3.3304,14.9,,5159.0,4.508,True,exoplanets.org
KOI 5407.01,0.0,0.0,0.001,0.14,0.011749,795.0,668.0,3.188,58.5029,1.633,11.7,,6525.0,4.215,True,exoplanets.org
KOI 1225.01,0.054,0.319,0.4,2.23,1.0,1074.0,903.0,2.697,1.7143,2.0673,12.6,,3874.0,4.715,True,exoplanets.org
WASP-65 b,0.177,0.153,0.049,1.14,1.54536,1764.0,1483.0,3.493,2.3114,2.735,10.3,310.0,5600.0,4.25,True,exoplanets.org
KOI 4269.02,0.001,0.001,0.002,0.16,0.013103,2135.0,1795.0,3.13,4.4409,8.083,11.1,,5159.0,3.604,True,exoplanets.org
WASP-142 b,0.27,0.104,0.072,1.56,0.836882,2384.0,2005.0,2.951,2.0529,2.6808,11.4,840.0,6060.0,4.0,True,exoplanets.org
WASP-121 b,1.913,0.546,0.315,1.81,1.18367,2800.0,2355.0,2.975,1.2749,2.8872,9.4,270.0,6460.0,4.2,True,exoplanets.org
WASP-119 b,0.227,0.165,0.077,1.37,1.23035,1861.0,1565.0,3.234,2.4998,3.024,10.5,333.0,5650.0,4.5,True,exoplanets.org
HAT-P-53 b,0.162,0.084,0.032,1.35,1.4868,2110.0,1774.0,3.329,1.9616,2.7936,12.1,719.0,5956.0,4.31,True,exoplanets.org
KOI 5919.01,0.0,0.0,0.004,0.21,0.018536,443.0,373.0,3.019,290.1961,13.698,12.1,,6238.0,4.224,True,exoplanets.org
KOI 5037.01,0.015,0.009,0.031,12.03,1.0,1757.0,1477.0,1.234,349.5881,5.052,9.8,,3860.0,0.949,True,exoplanets.org
HD 219134 b,0.009,0.035,0.194,0.15,0.014888,1206.0,1014.0,3.257,3.0929,0.9456,3.3,6.55,4699.0,4.567,True,exoplanets.org
TRAPPIST-1 e,0.0,0.0,0.09,0.08,0.002429,294.0,247.0,2.937,6.099,0.9319,10.3,12.11,2516.0,5.22,True,exoplanets.org
KOI 6103.01,0.0,0.0,0.003,0.82,0.365322,507.0,426.0,3.126,453.5421,17.026,12.0,,5874.0,3.664,True,exoplanets.org
KOI 185.01,0.0,0.023,0.09,1.89,1.0,774.0,651.0,2.841,23.2105,3.098,12.7,,5875.0,4.572,True,exoplanets.org
KOI 1251.01,0.881,0.272,0.193,2.07,1.0,2577.0,2167.0,2.761,0.5761,1.6325,13.5,,5693.0,4.57,True,exoplanets.org
WASP-156 b,0.007,0.035,0.095,0.52,0.130522,1152.0,969.0,3.103,3.8362,2.41,9.3,140.0,4910.0,4.6,True,exoplanets.org
KOI 5900.01,0.0,0.0,0.002,0.15,0.012681,460.0,387.0,3.146,355.8473,16.68,11.9,,6823.0,4.212,True,exoplanets.org
WASP-114 b,0.305,0.113,,1.37,1.76833,2409.0,2026.0,3.39,1.5488,2.7821,,460.0,5940.0,4.3,True,exoplanets.org
KOI 1110.02,0.0,0.0,0.004,0.07,0.001691,1539.0,1294.0,2.873,3.7184,3.611,13.2,,5982.0,4.493,True,exoplanets.org
KOI 2061.01,0.0,0.0,0.004,0.16,0.013688,777.0,653.0,3.11,14.0926,4.1536,13.6,,5081.0,4.596,True,exoplanets.org
KOI 5681.01,126.984,3050.959,9155637.16,2515.78,1.0,913.0,768.0,-3.407,77.5126,3.15,13.4,,5261.0,3.459,True,exoplanets.org
KOI 3422.01,0.004,0.002,0.002,1.16,1.0,2132.0,1792.0,3.265,40.1455,5.2,11.7,,7852.0,3.159,True,exoplanets.org
KOI 2680.01,0.001,0.038,0.132,2.09,1.0,811.0,682.0,2.755,14.4079,2.524,12.9,,5440.0,4.617,True,exoplanets.org
WASP-120 b,0.303,0.144,0.019,1.51,4.83617,2226.0,1872.0,3.744,3.6113,3.5592,9.9,437.0,6450.0,4.3,True,exoplanets.org
KOI 6195.01,0.001,0.001,0.008,0.15,0.013031,1368.0,1150.0,3.132,1.4445,1.437,13.0,,4569.0,4.686,True,exoplanets.org
KOI 5851.01,0.0,0.0,0.002,0.19,0.016764,361.0,303.0,3.041,322.222,7.531,13.1,,6026.0,4.437,True,exoplanets.org
KOI 3440.01,0.0,0.0,0.003,0.2,0.017059,733.0,617.0,3.037,33.0257,6.032,13.8,,5819.0,4.468,True,exoplanets.org
KOI 6173.01,0.0,0.0,0.002,0.14,0.011749,516.0,434.0,3.188,214.013,7.87,11.3,,6698.0,4.267,True,exoplanets.org
KOI 5864.01,0.0,0.0,0.001,0.12,0.009594,609.0,512.0,3.196,35.9217,0.585,11.8,,5161.0,4.49,True,exoplanets.org
WASP-53 b,,,,,2.13331,1251.0,1052.0,,3.3098,,10.4,,4953.0,4.553,True,exoplanets.org
WASP-157 b,0.037,0.053,0.054,1.07,0.561357,1550.0,1303.0,3.11,3.9516,1.9464,10.8,,5840.0,4.5,True,exoplanets.org
KOI 1081.01,0.013,0.072,0.159,2.51,1.0,1176.0,989.0,2.594,9.9564,5.615,13.7,,6161.0,4.454,True,exoplanets.org
WASP-127 b,0.224,0.273,0.897,1.35,0.204061,1612.0,1355.0,2.466,4.1781,4.308,8.6,102.0,5750.0,3.9,True,exoplanets.org
KOI 2183.03,0.0,0.0,0.002,0.2,0.017568,422.0,355.0,3.03,150.382,4.968,13.6,,5569.0,4.459,True,exoplanets.org
KOI 6245.01,0.0,0.0,0.002,0.15,0.012613,568.0,478.0,3.149,144.1026,2.753,10.8,,6528.0,4.257,True,exoplanets.org
KOI 753.01,0.0,0.006,0.012,1.3,1.0,830.0,698.0,3.165,19.8991,1.7822,13.8,,5853.0,4.544,True,exoplanets.org
WASP-139 b,0.004,0.031,,0.82,0.117935,1088.0,915.0,2.656,5.9243,2.832,,230.0,5300.0,4.59,True,exoplanets.org
WASP-141 b,0.111,0.083,,1.24,2.68652,1874.0,1576.0,3.657,3.3107,3.6,,570.0,6050.0,4.26,True,exoplanets.org
KOI 5690.01,0.056,0.016,0.019,4.09,1.0,2562.0,2155.0,2.17,17.0497,3.271,11.1,,5039.0,2.587,True,exoplanets.org
WASP-153 b,0.177,0.102,0.175,1.58,0.394428,2032.0,1708.0,2.612,3.3326,3.84,11.1,430.0,5914.0,4.1,True,exoplanets.org
KOI 5236.01,0.0,0.0,0.004,0.18,0.015647,309.0,260.0,3.06,550.8651,14.548,11.7,,5912.0,4.367,True,exoplanets.org
KOI 4913.02,0.001,0.0,0.002,0.26,0.027274,1989.0,1672.0,2.987,8.9738,2.135,12.1,,6537.0,3.76,True,exoplanets.org
KOI 5388.01,0.0,0.0,0.003,0.3,0.036111,672.0,565.0,2.993,137.3962,17.61,11.7,,5425.0,3.704,True,exoplanets.org
KOI 5009.01,0.0,0.0,0.002,0.16,0.013246,260.0,218.0,3.124,359.9865,3.866,13.1,,5171.0,4.626,True,exoplanets.org
HAT-P-51 b,0.037,0.074,0.181,1.32,0.309149,1415.0,1189.0,2.662,4.218,3.3672,11.6,470.0,5449.0,4.392,True,exoplanets.org
WASP-140 b,0.16,0.2,,1.24,2.43513,1575.0,1324.0,3.616,2.236,1.5144,,180.0,5300.0,4.2,True,exoplanets.org
KOI 5945.01,0.0,0.001,0.008,0.41,0.072315,1078.0,907.0,3.031,40.7282,13.677,11.5,,6531.0,3.936,True,exoplanets.org
KOI 6142.02,0.101,13.922,7365.157,189.22,1.0,753.0,633.0,-1.16,111.6555,1.051,13.3,,6967.0,4.086,True,exoplanets.org
KOI 1628.03,0.0,0.0,0.005,0.16,0.013246,789.0,664.0,3.124,37.8404,6.408,11.6,,6243.0,4.406,True,exoplanets.org
KOI 4940.01,0.0,0.0,0.003,0.15,0.012961,352.0,296.0,3.135,84.6406,2.657,12.4,,4386.0,4.629,True,exoplanets.org
WASP-126 b,0.125,0.11,0.174,0.99,0.284326,1766.0,1485.0,2.881,3.2888,3.408,9.6,234.0,5800.0,4.4,True,exoplanets.org
WASP-131 b,0.167,0.168,,1.24,0.273475,1709.0,1437.0,2.665,5.322,3.8304,,250.0,5950.0,3.9,True,exoplanets.org
WASP-123 b,0.229,0.186,,1.35,0.898458,1805.0,1518.0,3.11,2.9776,3.0936,,214.0,5740.0,4.3,True,exoplanets.org
WASP-81 b,,,,,0.728964,1926.0,1620.0,,2.7165,,10.9,,5870.0,4.258,True,exoplanets.org
WASP-129 b,0.017,0.059,0.041,0.96,0.970915,1279.0,1076.0,3.442,5.7481,2.6856,10.4,246.0,5900.0,4.1,True,exoplanets.org
WASP-124 b,0.078,0.09,0.099,1.26,0.595833,1649.0,1387.0,2.99,3.3727,2.5704,11.3,433.0,6050.0,4.0,True,exoplanets.org
WASP-151 b,0.042,0.064,0.131,1.15,0.31667,1532.0,1288.0,2.797,4.5335,3.66,11.2,480.0,5871.0,4.3,True,exoplanets.org
HAT-P-50 b,0.207,0.1,0.041,1.32,1.37181,2202.0,1851.0,3.311,3.122,3.6744,10.5,497.0,6280.0,4.072,True,exoplanets.org
KOI 5725.01,0.0,0.0,0.002,0.2,0.017261,241.0,203.0,3.034,351.2507,3.648,13.4,,4828.0,4.63,True,exoplanets.org
KOI 5719.01,0.0,0.0,0.004,0.2,0.016862,881.0,741.0,3.039,27.2853,7.47,13.3,,6304.0,4.407,True,exoplanets.org
KOI 5616.01,0.0,0.0,0.003,0.15,0.01289,197.0,166.0,3.138,441.6192,5.372,11.9,,4351.0,4.659,True,exoplanets.org
KOI 5889.01,0.0,0.0,0.002,0.22,0.019339,363.0,306.0,3.012,374.4181,17.9,13.9,,6195.0,4.407,True,exoplanets.org
KOI 5502.01,0.0,0.0,0.003,0.18,0.015296,435.0,366.0,3.067,421.9819,13.799,11.2,,6760.0,4.193,True,exoplanets.org
KOI 5268.01,0.0,0.0,0.002,0.18,0.015125,292.0,246.0,3.071,474.229,13.05,13.7,,5818.0,4.523,True,exoplanets.org
KOI 4846.01,0.0,0.0,0.002,0.12,0.008265,812.0,683.0,3.169,19.2545,4.754,13.5,,5668.0,4.545,True,exoplanets.org
K2-99 b,0.024,0.038,0.03,1.3,0.975461,1516.0,1275.0,3.176,18.249,12.0,9.7,526.76,5990.0,3.67,True,exoplanets.org
HATS-15 b,0.07,0.057,0.013,1.13,2.16279,1773.0,1491.0,3.646,1.7475,2.2697,12.7,689.0,5311.0,4.449,True,exoplanets.org
HATS-16 b,0.084,0.059,0.011,1.32,1.0,1890.0,1589.0,3.685,2.6865,2.6208,12.3,774.0,5738.0,4.239,True,exoplanets.org
HATS-23 b,0.186,0.116,0.064,1.9,1.47655,1966.0,1653.0,3.028,2.1605,1.8048,12.3,747.0,5780.0,4.328,True,exoplanets.org
HATS-35 b,0.38,0.146,0.072,1.5,1.22979,2415.0,2031.0,3.154,1.821,3.1176,11.1,557.0,6300.0,4.244,True,exoplanets.org
K2-31 b,0.358,0.276,0.067,1.05,1.7799,1796.0,1510.0,3.626,1.2578,0.9816,8.9,110.87,5280.0,4.6,True,exoplanets.org
K2-138 f,0.0,0.002,0.028,0.26,0.024691,885.0,744.0,2.971,12.7576,3.192,10.3,183.0,5378.0,4.59,True,exoplanets.org
K2-13 b,,,,0.19,0.015569,626.0,526.0,3.043,39.9149,,11.2,290.0,5698.0,,True,exoplanets.org
HD 89345 b,0.01,0.038,0.153,0.62,0.112312,1249.0,1050.0,2.856,11.814,6.033,7.7,132.85,5499.0,4.044,True,exoplanets.org
KELT-8 b,,,,1.66,0.664032,1991.0,1675.0,2.799,3.2441,,9.2,198.7,5754.0,4.08,True,exoplanets.org
K2-10 b,0.0,0.002,0.016,0.35,0.086659,861.0,724.0,3.249,19.3044,4.6782,10.6,274.48,5620.0,4.5,True,exoplanets.org
K2-5 c,0.0,0.001,0.019,0.19,0.015513,607.0,510.0,3.044,10.9324,3.4992,11.6,181.0,4102.0,,True,exoplanets.org
HATS-12 b,0.16,0.058,0.014,1.39,2.37911,2491.0,2095.0,3.507,3.1428,4.5238,11.4,981.0,6408.0,3.923,True,exoplanets.org
HAT-P-65 b,0.346,0.142,0.199,1.93,0.526197,2293.0,1928.0,2.564,2.6055,4.3656,11.5,841.0,5835.0,3.983,True,exoplanets.org
EPIC 211945201 b,0.001,0.012,0.082,0.56,0.084344,1048.0,881.0,2.846,19.4921,3.912,8.8,182.6,6025.0,4.25,True,exoplanets.org
K2-16 c,0.0,0.0,0.014,0.23,0.020834,630.0,529.0,2.984,19.0786,3.8592,12.1,338.19,4742.0,4.51,True,exoplanets.org
K2-32 c,0.0,0.003,0.044,0.31,0.03796,757.0,637.0,2.978,20.6561,5.0232,9.8,158.39,5315.0,4.49,True,exoplanets.org
GJ 9827 c,0.0,0.005,0.057,0.12,0.00761,964.0,811.0,3.147,3.6481,1.8264,7.2,30.32,4269.0,4.9,True,exoplanets.org
KELT-10 b,0.201,0.238,0.281,1.43,0.6803,1635.0,1375.0,2.915,4.1663,3.744,9.3,183.0,5948.0,4.319,True,exoplanets.org
HD 106315 c,0.001,0.012,0.081,0.41,0.069254,1045.0,879.0,3.012,21.058,4.728,7.9,109.7,6254.0,4.234,True,exoplanets.org
K2-6 b,,,,0.23,0.021328,751.0,632.0,2.981,30.9446,,11.1,343.0,5850.0,,True,exoplanets.org
HATS-30 b,0.094,0.101,0.089,1.2,0.705734,1680.0,1413.0,3.105,3.1744,2.7504,10.8,339.0,5943.0,4.425,True,exoplanets.org
K2-77 b,0.0,0.002,0.031,0.21,0.018068,913.0,768.0,3.006,8.1998,2.4,9.8,141.0,4970.0,4.47,True,exoplanets.org
HATS-34 b,0.093,0.086,0.06,1.46,0.938774,1714.0,1441.0,3.058,2.1062,1.5552,12.1,532.0,5380.0,4.435,True,exoplanets.org
K2-138 b,0.002,0.002,0.013,0.14,0.011989,1554.0,1307.0,3.158,2.3532,1.7304,10.3,183.0,5378.0,4.59,True,exoplanets.org
HATS-8 b,0.016,0.021,0.071,0.88,0.13832,1569.0,1319.0,2.668,3.5839,3.0312,12.7,829.0,5679.0,4.386,True,exoplanets.org
HAT-P-42 b,0.08,0.081,0.05,1.31,1.04234,1696.0,1427.0,3.199,4.6419,4.0344,10.6,447.0,5743.0,4.14,True,exoplanets.org
K2-108 b,,,,,0.186816,1732.0,1457.0,,4.734,,10.6,483.79,5474.0,3.99,True,exoplanets.org
KELT-21 b,0.46,0.195,0.167,1.62,1.0,2437.0,2049.0,2.974,3.6128,4.1054,10.1,414.94,7598.0,4.173,True,exoplanets.org
KPS-1 b,0.108,0.094,0.038,1.04,1.08958,1724.0,1449.0,3.421,1.7063,1.6752,10.9,264.69,5165.0,4.47,True,exoplanets.org
HATS-29 b,0.046,0.088,0.101,1.28,0.656399,1438.0,1209.0,3.017,4.6059,3.2112,10.9,351.0,5670.0,4.389,True,exoplanets.org
K2-14 b,,,,0.43,0.078687,581.0,489.0,3.013,8.368,,12.6,219.0,3789.0,,True,exoplanets.org
KELT-15 b,,,,1.77,1.30955,1947.0,1637.0,3.036,3.3294,,9.9,327.74,6003.0,4.17,True,exoplanets.org
LHS 1140 b,,,,0.13,0.021229,261.0,220.0,3.508,24.7371,,8.8,12.47,3131.0,,True,exoplanets.org
K2-4 b,,,,0.21,0.017668,667.0,561.0,3.01,10.0034,,11.6,218.0,4197.0,,True,exoplanets.org
K2-24 b,0.0,0.009,0.088,0.52,0.072359,922.0,775.0,2.844,20.8851,5.472,9.2,181.0,5743.0,4.29,True,exoplanets.org
K2-138 e,0.0,0.004,0.037,0.3,0.033761,1022.0,860.0,2.972,8.2614,3.0624,10.3,183.0,5378.0,4.59,True,exoplanets.org
HATS-32 b,0.05,0.049,0.033,1.28,0.918842,1704.0,1433.0,3.166,2.8127,2.8536,12.7,839.0,5700.0,4.396,True,exoplanets.org
K2-66 b,0.003,0.002,0.013,0.22,0.019909,1782.0,1498.0,2.989,5.0696,4.704,10.6,,5887.0,4.03,True,exoplanets.org
K2-136 c,0.0,0.003,0.086,0.26,0.026078,608.0,512.0,2.969,17.3071,3.456,8.4,59.4,4499.0,4.66,True,exoplanets.org
HATS-26 b,0.253,0.108,0.121,1.78,0.641021,2282.0,1919.0,2.719,3.3024,5.2152,11.4,907.0,6071.0,3.936,True,exoplanets.org
K2-5 b,0.0,0.002,0.018,0.16,0.012968,921.0,774.0,3.116,5.7359,2.6544,11.6,181.0,4102.0,,True,exoplanets.org
K2-30 b,0.021,0.063,0.074,1.06,0.578733,1298.0,1091.0,3.125,4.0985,2.3208,11.1,278.0,5425.0,4.53,True,exoplanets.org
KELT-16 b,,,,1.45,2.74218,2916.0,2452.0,3.532,0.969,2.4888,,399.0,6236.0,4.253,True,exoplanets.org
HAT-P-55 b,0.05,0.07,0.079,1.21,0.583282,1559.0,1311.0,3.016,3.5852,2.9352,11.6,480.0,5808.0,4.434,True,exoplanets.org
WASP-167 b,0.749,0.223,0.148,1.58,1.0,2819.0,2370.0,2.996,2.022,2.724,9.8,438.6,7043.0,4.131,True,exoplanets.org
K2-138 c,0.002,0.004,0.032,0.23,0.020407,1354.0,1138.0,2.986,3.5599,2.329,10.3,183.0,5378.0,4.59,True,exoplanets.org
K2-55 b,0.002,0.012,0.06,0.35,0.047872,1085.0,912.0,2.996,2.8493,2.0059,10.5,160.26,4456.0,4.673,True,exoplanets.org
KELT-19 A b,0.675,0.325,0.053,0.7,0.299893,2303.0,1937.0,3.18,4.6117,4.3944,9.2,277.78,7500.0,4.127,True,exoplanets.org
HATS-17 b,0.001,0.014,0.01,0.79,1.34144,967.0,813.0,3.75,16.2546,4.8264,10.7,339.0,5846.0,4.416,True,exoplanets.org
HATS-18 b,0.376,0.129,0.031,1.37,1.98164,2441.0,2052.0,3.441,0.8378,1.8926,12.3,645.0,5600.0,4.436,True,exoplanets.org
HAT-P-43 b,0.063,0.076,0.076,1.31,0.665457,1612.0,1356.0,3.005,3.3327,3.2496,11.8,542.0,5645.0,4.37,True,exoplanets.org
HIP 41378 c,0.0,0.003,0.046,0.23,0.020819,927.0,780.0,2.984,31.6978,6.6468,7.7,116.0,6199.0,4.18,True,exoplanets.org
Qatar-5 b,0.066,0.068,,1.14,4.31985,1681.0,1413.0,3.94,2.8792,2.9088,,371.39,5747.0,4.427,True,exoplanets.org
HATS-36 b,0.03,0.037,0.008,1.26,3.22241,1624.0,1366.0,3.723,4.1752,3.4627,12.8,962.0,6149.0,4.4,True,exoplanets.org
K2-60 b,0.031,0.032,0.026,0.7,0.424566,1660.0,1396.0,3.347,3.0027,3.072,11.0,498.7,5500.0,4.33,True,exoplanets.org
K2-28 b,0.0,0.004,0.069,0.21,0.018177,675.0,568.0,3.004,2.2605,1.0902,10.7,53.0,3214.0,4.93,True,exoplanets.org
MASCARA-1 b,1.91,0.48,0.181,1.54,1.73529,3173.0,2668.0,3.282,2.1488,4.05,7.7,183.21,7554.0,4.0,True,exoplanets.org
K2-136 d,0.0,0.0,0.021,0.13,0.011269,534.0,449.0,3.205,25.5751,3.12,8.4,59.4,4499.0,4.66,True,exoplanets.org
K2-9 b,0.0,0.0,0.035,0.21,0.017543,357.0,301.0,3.012,18.4498,2.8397,11.5,110.0,3390.0,,True,exoplanets.org
K2-17 b,,,,0.2,0.016383,581.0,488.0,3.028,17.9691,,10.3,125.56,4320.0,,True,exoplanets.org
K2-27 b,,,,,0.096608,1094.0,920.0,,6.7713,,10.7,251.43,5248.0,4.48,True,exoplanets.org
POTS-1 b,0.001,0.014,0.001,0.96,1.0,1000.0,841.0,4.74,3.1606,1.891,14.2,759.99,4400.0,4.63,True,exoplanets.org
KELT-14 b,0.954,0.372,0.181,1.78,1.28386,2330.0,1959.0,3.023,1.7101,2.1881,9.4,266.0,5720.0,4.3,True,exoplanets.org
KELT-18 b,0.76,0.277,0.168,1.67,1.0,2513.0,2113.0,3.037,2.8718,4.6416,9.2,311.0,6670.0,4.034,True,exoplanets.org
K2-136 b,0.0,0.001,0.033,0.09,0.003015,788.0,662.0,2.965,7.9753,2.544,8.4,59.4,4499.0,4.66,True,exoplanets.org
WASP-118 b,0.292,0.174,0.223,1.47,0.515386,2048.0,1722.0,2.795,4.046,4.8048,9.8,250.0,6410.0,4.3,True,exoplanets.org
Qatar-3 b,0.104,0.064,,1.12,4.31177,1995.0,1678.0,3.948,2.5079,3.1104,,750.98,6007.0,4.286,True,exoplanets.org
K2-24 c,0.0,0.008,0.146,0.72,0.098048,728.0,612.0,2.698,42.3633,6.48,9.2,181.0,5743.0,4.29,True,exoplanets.org
K2-95 b,0.0,0.001,0.03,0.31,0.037876,493.0,415.0,2.977,10.1339,2.832,12.4,171.0,3471.0,,True,exoplanets.org
HATS-25 b,0.047,0.073,0.085,1.29,0.613081,1516.0,1274.0,2.982,4.2986,3.204,11.4,466.0,5715.0,4.347,True,exoplanets.org
K2-39 b,,,,0.52,0.167379,2010.0,1690.0,3.183,4.605,,8.5,310.13,4912.0,3.58,True,exoplanets.org
K2-29 b,0.068,0.148,0.284,1.21,0.362167,1386.0,1166.0,2.806,3.2588,2.22,10.1,185.0,5358.0,4.54,True,exoplanets.org
HD 3167 b,0.047,0.02,,,0.015891,2190.0,1841.0,3.175,0.9596,1.6219,7.1,45.8,5261.0,4.47,True,exoplanets.org
CoRoT-24 c,0.0,0.002,0.012,0.43,0.087227,840.0,706.0,3.094,11.759,4.8,12.9,600.0,4950.0,4.55,True,exoplanets.org
K2-15 b,,,,0.24,0.021388,804.0,676.0,2.981,11.8104,,12.5,437.0,5131.0,,True,exoplanets.org
GJ 9827 b,0.01,0.017,0.101,0.15,0.010784,1393.0,1172.0,3.088,1.209,1.2598,7.2,30.32,4269.0,4.9,True,exoplanets.org
K2-139 b,0.0,0.012,0.071,0.82,0.390252,675.0,568.0,3.175,28.3824,4.896,9.7,152.0,5340.0,4.5,True,exoplanets.org
K2-137 b,0.008,0.003,0.03,0.08,0.002065,1915.0,1610.0,2.892,0.1797,0.6288,10.9,95.0,3492.0,4.815,True,exoplanets.org
KELT-20 b,2.231,0.822,0.856,1.78,1.0,2684.0,2257.0,2.892,3.4741,3.5755,7.4,134.95,8720.0,4.29,True,exoplanets.org
HATS-28 b,0.037,0.06,0.059,1.22,0.670098,1488.0,1251.0,3.068,3.1811,2.3544,12.1,521.0,5498.0,4.476,True,exoplanets.org
K2-26 b,0.0,0.001,0.045,0.24,0.022676,504.0,424.0,2.976,14.5665,4.728,10.5,93.0,3785.0,,True,exoplanets.org
K2-19 c,0.0,0.004,0.033,0.4,0.067789,914.0,768.0,3.012,11.9071,4.3704,11.2,292.14,5430.0,,True,exoplanets.org
K2-32 b,0.001,0.014,0.071,0.49,0.099712,999.0,840.0,3.016,8.9922,3.6936,9.8,158.39,5315.0,4.49,True,exoplanets.org
KELT-4 A b,0.872,0.433,,1.74,0.877536,2170.0,1825.0,2.875,2.9896,3.4627,,331.13,6207.0,4.105,True,exoplanets.org
GJ 1132 b,0.0,0.006,0.155,0.11,0.00528,694.0,584.0,3.056,1.6289,0.778,8.3,12.04,3270.0,,True,exoplanets.org
K2-32 d,0.0,0.002,0.044,0.35,0.048011,656.0,552.0,2.996,31.7192,5.9904,9.8,158.39,5315.0,4.49,True,exoplanets.org
K2-12 b,,,,0.2,0.017017,1178.0,990.0,3.019,8.2825,,10.6,294.0,5800.0,,True,exoplanets.org
K2-138 d,0.001,0.004,0.034,0.24,0.022424,1178.0,990.0,2.977,5.4048,2.976,10.3,183.0,5378.0,4.59,True,exoplanets.org
Qatar-4 b,0.072,0.075,,1.17,6.08461,1644.0,1382.0,4.067,1.8054,2.1384,,332.17,5215.0,4.533,True,exoplanets.org
HATS-27 b,0.108,0.073,0.104,1.55,0.528122,1968.0,1655.0,2.758,4.637,4.8312,11.6,840.0,6438.0,4.107,True,exoplanets.org
EPIC 211822797 b,0.0,0.0,0.013,0.2,0.016533,479.0,403.0,3.026,21.1697,3.4368,11.4,187.19,3880.0,,True,exoplanets.org
K2-18 b,0.0,0.0,0.046,0.22,0.025337,336.0,282.0,3.148,32.9396,2.663,8.9,34.0,3457.0,,True,exoplanets.org
HD 3167 c,0.0,0.005,,,0.030925,697.0,586.0,2.955,29.8454,5.16,7.1,45.8,5261.0,4.47,True,exoplanets.org
HATS-11 b,0.113,0.076,0.063,1.54,0.846665,1942.0,1633.0,2.968,3.6192,4.3685,12.2,906.0,6060.0,4.118,True,exoplanets.org
K2-8 b,0.0,0.002,0.018,0.33,0.041909,822.0,691.0,2.984,10.3524,3.3624,12.2,405.0,4890.0,,True,exoplanets.org
K2-33 b,0.001,0.011,0.041,0.45,0.08515,931.0,783.0,3.014,5.4249,4.08,10.0,145.0,3540.0,,True,exoplanets.org
K2-19 b,0.002,0.015,0.041,0.65,0.228032,1047.0,880.0,3.133,7.9194,3.5016,11.2,292.14,5430.0,,True,exoplanets.org
BD +20 594 b,,,,0.2,0.051506,660.0,555.0,3.51,41.6855,,9.4,152.1,5766.0,4.5,True,exoplanets.org
KELT-17 b,0.835,0.336,0.205,1.56,1.30747,2478.0,2084.0,3.125,3.0802,3.4752,8.6,210.0,7454.0,4.22,True,exoplanets.org
GJ 9827 d,0.0,0.005,0.079,0.19,0.016343,808.0,679.0,3.056,6.2015,1.2264,7.2,30.32,4269.0,4.9,True,exoplanets.org
HATS-24 b,0.491,0.181,0.045,1.52,2.45451,2465.0,2073.0,3.439,1.3485,2.4192,11.4,510.0,6346.0,4.384,True,exoplanets.org
HATS-31 b,0.191,0.093,0.074,1.69,0.889203,2168.0,1823.0,2.909,3.378,4.5936,11.6,872.0,6050.0,4.0,True,exoplanets.org
K2-16 b,0.0,0.001,0.011,0.18,0.015254,855.0,719.0,3.05,7.6188,2.4864,12.1,338.19,4742.0,4.51,True,exoplanets.org
HATS-22 b,0.005,0.05,0.015,0.98,2.74014,1018.0,856.0,3.873,4.7228,2.1912,10.9,207.9,4803.0,4.644,True,exoplanets.org
NGTS-1 b,,,,,0.81948,951.0,799.0,,2.6473,1.2312,11.9,224.0,3916.0,4.71,True,exoplanets.org
K2-35 b,0.0,0.001,0.008,0.13,0.009997,1271.0,1069.0,3.184,2.3998,2.064,11.4,254.43,4680.0,4.56,True,exoplanets.org
K2-35 c,0.0,0.001,0.013,0.19,0.015935,958.0,806.0,3.036,5.6091,2.0501,11.4,254.43,4680.0,4.56,True,exoplanets.org
K2-11 b,,,,1.36,1.0,1405.0,1181.0,3.13,39.9377,,11.3,2019.0,5433.0,,True,exoplanets.org
HATS-7 b,0.008,0.023,0.064,0.58,0.119525,1287.0,1082.0,2.971,3.1853,2.2992,11.0,257.0,4985.0,4.545,True,exoplanets.org
HIP 41378 b,0.001,0.006,0.06,0.26,0.025747,1175.0,988.0,2.969,15.5712,5.1867,7.7,116.0,6199.0,4.18,True,exoplanets.org
HATS-33 b,0.163,0.162,0.082,1.26,1.19203,1697.0,1427.0,3.293,2.5496,2.676,10.3,255.0,5659.0,4.445,True,exoplanets.org
K2-141 b,0.063,0.018,0.038,0.14,0.016486,2406.0,2023.0,3.34,0.2803,0.936,8.4,58.79,4373.0,4.584,True,exoplanets.org
HAT-P-67 b,0.762,0.34,0.861,2.11,1.0,2283.0,1919.0,2.32,4.8101,6.9888,8.9,342.47,6406.0,3.854,True,exoplanets.org
WASP-92 b,0.256,0.119,0.09,1.49,0.804012,2232.0,1877.0,2.972,2.1747,2.7672,11.5,530.0,6280.0,4.4,True,exoplanets.org
KELT-11 b,0.967,0.496,1.346,1.44,0.199113,2059.0,1731.0,2.395,4.7365,7.3032,6.1,98.0,5367.0,3.706,True,exoplanets.org
HD 106315 b,0.002,0.006,0.053,0.22,0.019124,1360.0,1143.0,2.995,9.5539,3.816,7.9,109.7,6254.0,4.234,True,exoplanets.org
K2-97 b,0.052,0.029,0.012,1.3,1.13834,1928.0,1621.0,3.223,8.4061,6.719,10.0,901.47,4790.0,3.26,True,exoplanets.org
Kepler-56 c,0.002,0.007,0.014,0.7,0.196739,1224.0,1029.0,2.998,21.405,11.0797,10.2,,4931.0,3.58,True,exoplanets.org
WASP-60 b,0.036,0.05,0.046,0.86,0.512143,1566.0,1317.0,3.237,4.305,3.336,10.6,400.0,5900.0,4.2,True,exoplanets.org
